Workbook
Name _bgvbyrgdt: [1]Tidsserier!$A$339:$IV$339
Name _bgvbyrlpg: [1]Tidsserier!$A$337:$IV$337
Name _bgvbyrlvn: [1]Tidsserier!$A$338:$IV$338
Name _bgvbyrnga: [1]Tidsserier!$A$340:$IV$340
Name _bgvbyrrga: [1]Tidsserier!$A$336:$IV$336
Name _bgvbyrska: [1]Tidsserier!$A$341:$IV$341
Name _celelrfut: [1]Tidsserier!$A$174:$IV$174
Name _celelrgdt: [1]Tidsserier!$A$173:$IV$173
Name _celelrhal: [1]Tidsserier!$A$176:$IV$176
Name _celelrske: [1]Tidsserier!$A$175:$IV$175
Name _cevelraff: [1]Tidsserier!$A$197:$IV$197
Name _cevelrbio: [1]Tidsserier!$A$196:$IV$196
Name _cevelrfli: [1]Tidsserier!$A$193:$IV$193
Name _cevelrfut: [1]Tidsserier!$A$187:$IV$187
Name _cevelrgdt: [1]Tidsserier!$A$186:$IV$186
Name _cevelrhal: [1]Tidsserier!$A$192:$IV$192
Name _cevelrlpg: [1]Tidsserier!$A$184:$IV$184
Name _cevelrlvn: [1]Tidsserier!$A$185:$IV$185
Name _cevelrnga: [1]Tidsserier!$A$190:$IV$190
Name _cevelrori: [1]Tidsserier!$A$189:$IV$189
Name _cevelrpko: [1]Tidsserier!$A$188:$IV$188
Name _cevelrrga: [1]Tidsserier!$A$183:$IV$183
Name _cevelrske: [1]Tidsserier!$A$191:$IV$191
Name _cevelrtaf: [1]Tidsserier!$A$195:$IV$195
Name _cevfjraff: [1]Tidsserier!$A$213:$IV$213
Name _cevfjrbio: [1]Tidsserier!$A$212:$IV$212
Name _cevfjrfli: [1]Tidsserier!$A$209:$IV$209
Name _cevfjrfut: [1]Tidsserier!$A$203:$IV$203
Name _cevfjrgdt: [1]Tidsserier!$A$202:$IV$202
Name _cevfjrhal: [1]Tidsserier!$A$208:$IV$208
Name _cevfjrlpg: [1]Tidsserier!$A$200:$IV$200
Name _cevfjrlvn: [1]Tidsserier!$A$201:$IV$201
Name _cevfjrnga: [1]Tidsserier!$A$206:$IV$206
Name _cevfjrori: [1]Tidsserier!$A$205:$IV$205
Name _cevfjrpko: [1]Tidsserier!$A$204:$IV$204
Name _cevfjrrga: [1]Tidsserier!$A$199:$IV$199
Name _cevfjrske: [1]Tidsserier!$A$207:$IV$207
Name _cevfjrtaf: [1]Tidsserier!$A$211:$IV$211
Name _cevfjrtpi: [1]Tidsserier!$A$210:$IV$210
Name _dnkexpelc: [1]Tidsserier!$A$69:$IV$69
Name _dnkexpnga: [1]Tidsserier!$A$68:$IV$68
Name _dnkexprao: [1]Tidsserier!$A$52:$IV$52
Name _dnkimpelc: [1]Tidsserier!$A$45:$IV$45
Name _dnkimpfjv: [1]Tidsserier!$A$46:$IV$46
Name _dnkudvaff: [1]Tidsserier!$A$17:$IV$17
Name _dnkudvbio: [1]Tidsserier!$A$16:$IV$16
Name _dnkudvbra: [1]Tidsserier!$A$13:$IV$13
Name _dnkudvfio: [1]Tidsserier!$A$18:$IV$18
Name _dnkudvfli: [1]Tidsserier!$A$12:$IV$12
Name _dnkudvgeo: [1]Tidsserier!$A$10:$IV$10
Name _dnkudvhal: [1]Tidsserier!$A$11:$IV$11
Name _dnkudvsol: [1]Tidsserier!$A$7:$IV$7
Name _dnkudvtaf: [1]Tidsserier!$A$15:$IV$15
Name _dnkudvtpi: [1]Tidsserier!$A$14:$IV$14
Name _dnkudvvan: [1]Tidsserier!$A$9:$IV$9
Name _dnkudvvin: [1]Tidsserier!$A$8:$IV$8
Name _dnkudvvmp: [1]Tidsserier!$A$19:$IV$19
Name _ensdstelc: [1]Tidsserier!$A$348:$IV$348
Name _enstabfjv: [1]Tidsserier!$A$352:$IV$352
Name _enstabnga: [1]Tidsserier!$A$350:$IV$350

Sheet LOG
A1: Selects cells and the then Ctrl+shift+L to add entries
A3: Date | B3: Name | C3: Sheet Name | D3: Cell no
A4: 44297 | B4: Mikkel Bosack Simonsen | C4: All | E4: Based on the ONTIMES model a structure has been developed for the TIMES-AZ model.
A5: 44298 | B5: Mikkel Bosack Simonsen | C5: All | E5: Removed all Norwegian dataset and implemented Azabaijanian energy statistics, allthough service demand split is used based on WMAS study in Denmark. Expected to be changed for heavy industri

Sheet Intro
B1: Description
B3: Purpose: | C3: This sheet defines processes, commodities and existing stocks for industies energy services
B4: Description: | C4: The data is based on the VMAS survey of energy services as well as the energy matrices from Statistics Denmark
B6: Relevant sectors | C6: IND
B8: Description of different sheets
B10: Processes | C10: Defines the processes for each sector
B11: Commodities | C11: Defines the commodities used in the processes
B12: Demand | C12: Benchmark demand for energy services for all industries 2010
B13: IronSteel | C13: Topology for processes and commodities used in Agriculture
B14: Chemical | C14: Topology for processes and commodities used in Food
B15: Aluminium | C15: Topology for processes and commodities used in Chemical
B16: GlassConcrete | C16: Topology for processes and commodities used in Glass&Concrete
B17: Transport | C17: Topology for processes and commodities used in Metal
B18: Machinery | C18: Topology for processes and commodities used in Other
B19: Mining | C19: Topology for processes and commodities used in Motor Vehicles
B20: Food | C20: Topology for processes and commodities used in Sales
B21: PulpPaper | C21: Topology for processes and commodities used in PrivateServices
... B28: Energy Matrix | C28: Energy matrix from Statistics Denmark 2010
B29: 2010 | C29: =B29&" Energy statistics of Azerbaijan" -> 2010 Energy statistics of Azerbaijan
B30: 2015 | C30: =B30&" Energy statistics of Azerbaijan" -> 2015 Energy statistics of Azerbaijan
B31: 2019 | C31: =B31&" Energy statistics of Azerbaijan" -> 2019 Energy statistics of Azerbaijan

Sheet Processes
B4: ~FI_Process | R4: Text to associate with Tech Names:
B5: Sets | C5: Region | D5: TechName | E5: TechDesc | F5: Tact | G5: Tcap | H5: Tslvl | I5: PrimaryCG | J5: Vintage | R5: - and in column R a one letter code to be used in Tech Name.
B6: *Process Set Membership | C6: Region Name | D6: Technology Name | E6: Technology Description | F6: Activity Unit | G6: Capacity Unit | H6: TimeSlice level of Process Activity | I6: Primary Commodity Group | J6: Vintage Tracking | O6: Comm-IN | P6: Comm-OUT | R6: This colour: Input
B7: DMD | D7: =M13 & P$7 & R$7 & VLOOKUP(O$7, $O$50:$P$75,2,FALSE) & "E1" -> AGRPHBNGAE1 | E7: =+M10 & " " & S$7 & " - " & T$7 & " " & U$7 -> Agriculture Heat Medium Temp. Boiler - Nat. Gas Existing 1 | F7: PJ | G7: MW | L7: Index: 1 - 9 | M7: 1 | O7: =Commodities!$D$29&","&Commodities!$D$30&","&Commodities!$D$13 -> AGRSNG1,AGRSNG2,AGRNGA | P7: =+Commodities!$AL$6 -> PH | R7: B | S7: Heat Medium Temp. Boiler | T7: Nat. Gas | U7: Existing 1
B8: =+IF(ISBLANK(D8),"*","") | D8: =M13 & P$8 & R$8 & VLOOKUP(O$8, $O$50:$P$75,2,FALSE) & "E1" -> AGRPHBCOAE1 | E8: =+M10 & " " & S$8 & " - " & T$8 & " " & U$8 -> Agriculture Heat Medium Temp. Boiler - Coal Existing 1 | F8: PJ | G8: MW | O8: =Commodities!$D$14 -> AGRCOA | P8: =+Commodities!$AL$6 -> PH | R8: =+R$7 -> B | S8: =+S$7 -> Heat Medium Temp. Boiler | T8: Coal | U8: =+U$7 -> Existing 1
B9: =+IF(ISBLANK(D9),"*","") | D9: =M13 & P$9 & R$9 & VLOOKUP(O$9, $O$50:$P$75,2,FALSE) & "E1" -> AGRPHBDSLE1 | E9: =+M10 & " " & S$9 & " - " & T$9 & " " & U$9 -> Agriculture Heat Medium Temp. Boiler - Diesel Existing 1 | F9: PJ | G9: MW | L9: Sheet: | M9: Commodities | O9: =Commodities!$D$27&","&Commodities!$D$28&","&Commodities!$D$15 -> AGRDSB1,AGRDSB2,AGRDSL | P9: =+Commodities!$AL$6 -> PH | R9: =+R$7 -> B | S9: =+S$7 -> Heat Medium Temp. Boiler | T9: Diesel | U9: =+U$7 -> Existing 1
B10: =+IF(ISBLANK(D10),"*","") | D10: =M13 & P$10 & R$10 & VLOOKUP(O$10, $O$50:$P$75,2,FALSE) & "E1" -> AGRPHBWPEE1 | E10: =+M10 & " " & S$10 & " - " & T$10 & " " & U$10 -> Agriculture Heat Medium Temp. Boiler - Wood Pellets Existing 1 | F10: PJ | G10: MW | L10: Sector: | M10: =+INDEX(Commodities!$X$6:$X$6,M7) -> Agriculture | O10: =Commodities!$D$16 -> AGRWPE | P10: =+Commodities!$AL$6 -> PH | R10: =+R$7 -> B | S10: =+S$7 -> Heat Medium Temp. Boiler | T10: Wood Pellets | U10: =+U$7 -> Existing 1
B11: =+IF(ISBLANK(D11),"*","") -> * | M11: =+INDEX(Commodities!$Y$6:$Y$6,M7) -> Agriculture, forestry and fishing | O11: =Commodities!$D$17 -> AGRWCH
B12: =+IF(ISBLANK(D12),"*","") | D12: =M13 & P$12 & R$12 & VLOOKUP(O$12, $O$50:$P$75,2,FALSE) & "E1" -> AGRPHBBGAE1 | E12: =+M10 & " " & S$12 & " - " & T$12 & " " & U$12 -> Agriculture Heat Medium Temp. Boiler - Biogas Existing 1 | F12: PJ | G12: MW | L12: Code: | M12: =+INDEX(Commodities!$U$6:$U$6,M7) -> AG | O12: =Commodities!$D$18 -> AGRBGA | P12: =+Commodities!$AL$6 -> PH | R12: =+R$7 -> B | S12: =+S$7 -> Heat Medium Temp. Boiler | T12: Biogas | U12: =+U$7 -> Existing 1
B13: =+IF(ISBLANK(D13),"*","") | D13: =M13 & P$13 & R$13 & VLOOKUP(O$13, $O$50:$P$75,2,FALSE) & "E1" -> AGRPHBHFOE1 | E13: =+M10 & " " & S$13 & " - " & T$13 & " " & U$13 -> Agriculture Heat Medium Temp. Boiler - Heavy Fuel Oil Existing 1 | F13: PJ | G13: MW | L13: Code: | M13: =+INDEX(Commodities!$W$6:$W$6,M7) -> AGR | O13: =Commodities!$D$19 -> AGRHFO | P13: =+Commodities!$AL$6 -> PH | R13: =+R$7 -> B | S13: =+S$7 -> Heat Medium Temp. Boiler | T13: Heavy Fuel Oil | U13: =+U$7 -> Existing 1
B14: =+IF(ISBLANK(D14),"*","") | D14: =M13 & P$14 & R$14 & VLOOKUP(O$14, $O$50:$P$75,2,FALSE) & "E1" -> AGRPHBLPGE1 | E14: =+M10 & " " & S$14 & " - " & T$14 & " " & U$14 -> Agriculture Heat Medium Temp. Boiler - Liquified Petroleum Gas Existing 1 | F14: PJ | G14: MW | O14: =Commodities!$D$20 -> AGRLPG | P14: =+Commodities!$AL$6 -> PH | R14: =+R$7 -> B | S14: =+S$7 -> Heat Medium Temp. Boiler | T14: Liquified Petroleum Gas | U14: =+U$7 -> Existing 1
B15: =+IF(ISBLANK(D15),"*","") | D15: =M13 & P$15 & R$15 & VLOOKUP(O$15, $O$50:$P$75,2,FALSE) & "E1" -> AGRPHBWSTE1 | E15: =+M10 & " " & S$15 & " - " & T$15 & " " & U$15 -> Agriculture Heat Medium Temp. Boiler - Waste Existing 1 | F15: PJ | G15: MW | O15: =Commodities!$D$21 -> AGRWST | P15: =+Commodities!$AL$6 -> PH | R15: =+R$7 -> B | S15: =+S$7 -> Heat Medium Temp. Boiler | T15: Waste | U15: =+U$7 -> Existing 1
B16: =+IF(ISBLANK(D16),"*","") | D16: =M13 & P$16 & R$16 & VLOOKUP(O$16, $O$50:$P$75,2,FALSE) & "E1" -> AGRPHBHETE1 | E16: =+M10 & " " & S$16 & " - " & T$16 & " " & U$16 -> Agriculture Heat Medium Temp. Boiler - Dist. Heat Existing 1 | F16: PJ | G16: MW | O16: =Commodities!$D$22 -> AGRHCE | P16: =+Commodities!$AL$6 -> PH | R16: =+R$7 -> B | S16: =+S$7 -> Heat Medium Temp. Boiler | T16: Dist. Heat | U16: =+U$7 -> Existing 1
B17: =+IF(ISBLANK(D17),"*","") -> * | O17: =Commodities!$D$24 -> AGRHDE
B18: =+IF(ISBLANK(D18),"*","") | D18: =M13 & P$18 & R$18 & VLOOKUP(O$18, $O$50:$P$75,2,FALSE) & "E1" -> AGRPHBELCE1 | E18: =+M10 & " " & S$18 & " - " & T$18 & " " & U$18 -> Agriculture Heat Medium Temp. Boiler - Electricity Existing 1 | F18: PJ | G18: MW | O18: =Commodities!$D$25 -> AGRELC | P18: =+Commodities!$AL$6 -> PH | R18: =+R$7 -> B | S18: =+S$7 -> Heat Medium Temp. Boiler | T18: Electricity | U18: =+U$7 -> Existing 1
B19: =+IF(ISBLANK(D19),"*","") | D19: =M13 & P$19 & R$19 & VLOOKUP(O$19, $O$50:$P$75,2,FALSE) & "E1" -> AGRCOBNGAE1 | E19: =+M10 & " " & S$19 & " - " & T$19 & " " & U$19 -> Agriculture Heat High Temp. Boiler - Nat. Gas Existing 1 | F19: PJ | G19: MW | O19: =Commodities!$D$29&","&Commodities!$D$30&","&Commodities!$D$13 -> AGRSNG1,AGRSNG2,AGRNGA | P19: =+Commodities!$AL$7 -> CO | R19: =+R$7 -> B | S19: Heat High Temp. Boiler | T19: =+T$7 -> Nat. Gas | U19: =+U$7 -> Existing 1
B20: =+IF(ISBLANK(D20),"*","") | D20: =M13 & P$20 & R$20 & VLOOKUP(O$20, $O$50:$P$75,2,FALSE) & "E1" -> AGRCOBCOAE1 | E20: =+M10 & " " & S$20 & " - " & T$20 & " " & U$20 -> Agriculture Heat High Temp. Boiler - Coal Existing 1 | F20: PJ | G20: MW | O20: =Commodities!$D$14 -> AGRCOA | P20: =+Commodities!$AL$7 -> CO | R20: =+R$7 -> B | S20: =$S$19 -> Heat High Temp. Boiler | T20: Coal | U20: =+U$7 -> Existing 1
B21: =+IF(ISBLANK(D21),"*","") | D21: =M13 & P$21 & R$21 & VLOOKUP(O$21, $O$50:$P$75,2,FALSE) & "E1" -> AGRCOBDSLE1 | E21: =+M10 & " " & S$21 & " - " & T$21 & " " & U$21 -> Agriculture Heat High Temp. Boiler - Diesel Existing 1 | F21: PJ | G21: MW | O21: =Commodities!$D$27&","&Commodities!$D$28&","&Commodities!$D$15 -> AGRDSB1,AGRDSB2,AGRDSL | P21: =+Commodities!$AL$7 -> CO | R21: =+R$7 -> B | S21: =$S$19 -> Heat High Temp. Boiler | T21: Diesel | U21: =+U$7 -> Existing 1
B22: =+IF(ISBLANK(D22),"*","") | D22: =M13 & P$22 & R$22 & VLOOKUP(O$22, $O$50:$P$75,2,FALSE) & "E1" -> AGRCOBWPEE1 | E22: =+M10 & " " & S$22 & " - " & T$22 & " " & U$22 -> Agriculture Heat High Temp. Boiler - Wood Pellets Existing 1 | F22: PJ | G22: MW | O22: =Commodities!$D$16 -> AGRWPE | P22: =+Commodities!$AL$7 -> CO | R22: =+R$7 -> B | S22: =$S$19 -> Heat High Temp. Boiler | T22: Wood Pellets | U22: =+U$7 -> Existing 1
B23: =+IF(ISBLANK(D23),"*","") -> * | O23: =Commodities!$D$17 -> AGRWCH
B24: =+IF(ISBLANK(D24),"*","") | D24: =M13 & P$24 & R$24 & VLOOKUP(O$24, $O$50:$P$75,2,FALSE) & "E1" -> AGRCOBHFOE1 | E24: =+M10 & " " & S$24 & " - " & T$24 & " " & U$24 -> Agriculture Heat High Temp. Boiler - Heavy Fuel Oil Existing 1 | F24: PJ | G24: MW | O24: =Commodities!$D$19 -> AGRHFO | P24: =+Commodities!$AL$7 -> CO | R24: =+R$7 -> B | S24: =$S$19 -> Heat High Temp. Boiler | T24: Heavy Fuel Oil | U24: =+U$7 -> Existing 1
B25: =+IF(ISBLANK(D25),"*","") | D25: =M13 & P$25 & R$25 & VLOOKUP(O$25, $O$50:$P$75,2,FALSE) & "E1" -> AGRCOBLPGE1 | E25: =+M10 & " " & S$25 & " - " & T$25 & " " & U$25 -> Agriculture Heat High Temp. Boiler - Liquified Petroleum Gas Existing 1 | F25: PJ | G25: MW | O25: =Commodities!$D$20 -> AGRLPG | P25: =+Commodities!$AL$7 -> CO | R25: =+R$7 -> B | S25: =$S$19 -> Heat High Temp. Boiler | T25: Liquified Petroleum Gas | U25: =+U$7 -> Existing 1
B26: =+IF(ISBLANK(D26),"*","") | D26: =M13 & P$26 & R$26 & VLOOKUP(O$26, $O$50:$P$75,2,FALSE) & "E1" -> AGRCOBWSTE1 | E26: =+M10 & " " & S$26 & " - " & T$26 & " " & U$26 -> Agriculture Heat High Temp. Boiler - Waste Existing 1 | F26: PJ | G26: MW | O26: =Commodities!$D$21 -> AGRWST | P26: =+Commodities!$AL$7 -> CO | R26: =+R$7 -> B | S26: =$S$19 -> Heat High Temp. Boiler | T26: Waste | U26: Existing 1
B27: =+IF(ISBLANK(D27),"*","") | D27: =M13 & P$27 & R$27 & VLOOKUP(O$27, $O$50:$P$75,2,FALSE) & "E1" -> AGRCOBELCE1 | E27: =+M10 & " " & S$27 & " - " & T$27 & " " & U$27 -> Agriculture Heat High Temp. Boiler - Electricity Existing 1 | F27: PJ | G27: MW | O27: =Commodities!$D$25 -> AGRELC | P27: =+Commodities!$AL$7 -> CO | R27: =+R$7 -> B | S27: =$S$19 -> Heat High Temp. Boiler | T27: Electricity | U27: Existing 1
B28: =+IF(ISBLANK(D28),"*","") | D28: =M13 & P$28 & R$28 & VLOOKUP(O$28, $O$50:$P$75,2,FALSE) & "E1" -> AGRSHBNGAE1 | E28: =+M10 & " " & S$28 & " - " & T$28 & " " & U$28 -> Agriculture Heat Room Boiler - Nat. Gas Existing 1 | F28: PJ | G28: MW | O28: =Commodities!$D$29&","&Commodities!$D$30&","&Commodities!$D$13 -> AGRSNG1,AGRSNG2,AGRNGA | P28: =+Commodities!$AL$8 -> SH | R28: =+R$7 -> B | S28: Heat Room Boiler | T28: =+T7 -> Nat. Gas | U28: =+U$7 -> Existing 1
B29: =+IF(ISBLANK(D29),"*","") | D29: =M13 & P$29 & R$29 & VLOOKUP(O$29, $O$50:$P$75,2,FALSE) & "E1" -> AGRSHBCOAE1 | E29: =+M10 & " " & S$29 & " - " & T$29 & " " & U$29 -> Agriculture Heat Room Boiler - Coal Existing 1 | F29: PJ | G29: MW | O29: =Commodities!$D$14 -> AGRCOA | P29: =+Commodities!$AL$8 -> SH | R29: =+R$7 -> B | S29: =+S$28 -> Heat Room Boiler | T29: =+T8 -> Coal | U29: =+U$7 -> Existing 1
B30: =+IF(ISBLANK(D30),"*","") | D30: =M13 & P$30 & R$30 & VLOOKUP(O$30, $O$50:$P$75,2,FALSE) & "E1" -> AGRSHBDSLE1 | E30: =+M10 & " " & S$30 & " - " & T$30 & " " & U$30 -> Agriculture Heat Room Boiler - Diesel Existing 1 | F30: PJ | G30: MW | O30: =Commodities!$D$27&","&Commodities!$D$28&","&Commodities!$D$15 -> AGRDSB1,AGRDSB2,AGRDSL | P30: =+Commodities!$AL$8 -> SH | R30: =+R$7 -> B | S30: =+S$28 -> Heat Room Boiler | T30: =+T9 -> Diesel | U30: =+U$7 -> Existing 1
B31: =+IF(ISBLANK(D31),"*","") | D31: =M13 & P$31 & R$31 & VLOOKUP(O$31, $O$50:$P$75,2,FALSE) & "E1" -> AGRSHBWPEE1 | E31: =+M10 & " " & S$31 & " - " & T$31 & " " & U$31 -> Agriculture Heat Room Boiler - Wood Pellets Existing 1 | F31: PJ | G31: MW | O31: =Commodities!$D$16 -> AGRWPE | P31: =+Commodities!$AL$8 -> SH | R31: =+R$7 -> B | S31: =+S$28 -> Heat Room Boiler | T31: =+T10 -> Wood Pellets | U31: =+U$7 -> Existing 1
B32: =+IF(ISBLANK(D32),"*","") -> * | O32: =Commodities!$D$17 -> AGRWCH
B33: =+IF(ISBLANK(D33),"*","") | D33: =M13 & P$33 & R$33 & VLOOKUP(O$33, $O$50:$P$75,2,FALSE) & "E1" -> AGRSHBBGAE1 | E33: =+M10 & " " & S$33 & " - " & T$33 & " " & U$33 -> Agriculture Heat Room Boiler - Biogas Existing 1 | F33: PJ | G33: MW | O33: =Commodities!$D$18 -> AGRBGA | P33: =+Commodities!$AL$8 -> SH | R33: =+R$7 -> B | S33: =+S$28 -> Heat Room Boiler | T33: =+T12 -> Biogas | U33: =+U$7 -> Existing 1
B34: =+IF(ISBLANK(D34),"*","") | D34: =M13 & P$34 & R$34 & VLOOKUP(O$34, $O$50:$P$75,2,FALSE) & "E1" -> AGRSHBHFOE1 | E34: =+M10 & " " & S$34 & " - " & T$34 & " " & U$34 -> Agriculture Heat Room Boiler - Heavy Fuel Oil Existing 1 | F34: PJ | G34: MW | O34: =Commodities!$D$19 -> AGRHFO | P34: =+Commodities!$AL$8 -> SH | R34: =+R$7 -> B | S34: =+S$28 -> Heat Room Boiler | T34: =+T13 -> Heavy Fuel Oil | U34: =+U$7 -> Existing 1
B35: =+IF(ISBLANK(D35),"*","") | D35: =M13 & P$35 & R$35 & VLOOKUP(O$35, $O$50:$P$75,2,FALSE) & "E1" -> AGRSHBLPGE1 | E35: =+M10 & " " & S$35 & " - " & T$35 & " " & U$35 -> Agriculture Heat Room Boiler - Liquified Petroleum Gas Existing 1 | F35: PJ | G35: MW | O35: =Commodities!$D$20 -> AGRLPG | P35: =+Commodities!$AL$8 -> SH | R35: =+R$7 -> B | S35: =+S$28 -> Heat Room Boiler | T35: =+T14 -> Liquified Petroleum Gas | U35: =+U$7 -> Existing 1
B36: =+IF(ISBLANK(D36),"*","") | D36: =M13 & P$36 & R$36 & VLOOKUP(O$36, $O$50:$P$75,2,FALSE) & "E1" -> AGRSHBWSTE1 | E36: =+M10 & " " & S$36 & " - " & T$36 & " " & U$36 -> Agriculture Heat Room Boiler - Waste Existing 1 | F36: PJ | G36: MW | O36: =Commodities!$D$21 -> AGRWST | P36: =+Commodities!$AL$8 -> SH | R36: =+R$7 -> B | S36: =+S$28 -> Heat Room Boiler | T36: =+T15 -> Waste | U36: =+U$7 -> Existing 1
B37: =+IF(ISBLANK(D37),"*","") | D37: =M13 & P$37 & R$37 & VLOOKUP(O$37, $O$50:$P$75,2,FALSE) & "E1" -> AGRSHBHETE1 | E37: =+M10 & " " & S$37 & " - " & T$37 & " " & U$37 -> Agriculture Heat Room Boiler - Dist. Heat Existing 1 | F37: PJ | G37: MW | O37: =Commodities!$D$22 -> AGRHCE | P37: =+Commodities!$AL$8 -> SH | R37: =+R$7 -> B | S37: =+S$28 -> Heat Room Boiler | T37: =+T16 -> Dist. Heat | U37: =+U$7 -> Existing 1
B38: =+IF(ISBLANK(D38),"*","") -> * | O38: =Commodities!$D$24 -> AGRHDE
B39: =+IF(ISBLANK(D39),"*","") | D39: =M13 & P$39 & R$39 & VLOOKUP(O$39, $O$50:$P$75,2,FALSE) & "E1" -> AGRSHBELCE1 | E39: =+M10 & " " & S$39 & " - " & T$39 & " " & U$39 -> Agriculture Heat Room Boiler - Electricity Existing 1 | F39: PJ | G39: MW | O39: =Commodities!$D$25 -> AGRELC | P39: =+Commodities!$AL$8 -> SH | R39: =+R$7 -> B | S39: =+S$28 -> Heat Room Boiler | T39: =+T$18 -> Electricity | U39: =+U$7 -> Existing 1
B40: =+IF(ISBLANK(D40),"*","") | D40: =M13 & P$40 & R$40 & VLOOKUP(O$40, $O$50:$P$75,2,FALSE) & "E1" -> AGRLAAELCE1 | E40: =+M10 & " " & S$40 & " - " & T$40 & " " & U$40 -> Agriculture Electricity Light Appliance - Electricity Existing 1 | F40: PJ | G40: MW | O40: =Commodities!$D$25 -> AGRELC | P40: =+Commodities!$AL$9 -> LA | R40: A | S40: Electricity Light Appliance | T40: =+T$18 -> Electricity | U40: =+U$7 -> Existing 1
B41: =+IF(ISBLANK(D41),"*","") | D41: =M13 & P$41 & R$41 & VLOOKUP(O$41, $O$50:$P$75,2,FALSE) & "E1" -> AGREMMELCE1 | E41: =+M10 & " " & S$41 & " - " & T$41 & " " & U$41 -> Agriculture Electricity Motors - Electricity Existing 1 | F41: PJ | G41: MW | O41: =Commodities!$D$25 -> AGRELC | P41: =+Commodities!$AL$10 -> EM | R41: M | S41: Electricity Motors | T41: =+T$18 -> Electricity | U41: =+U$7 -> Existing 1
B42: =+IF(ISBLANK(D42),"*","") | D42: =M13 & P$42 & R$42 & VLOOKUP(O$42, $O$50:$P$75,2,FALSE) & "E1" -> AGRTFTDSLE1 | E42: =+M10 & " " & S$42 & " - " & T$42 & " " & U$42 -> Agriculture Tractors, Trucks, Fishing boats, Forest machines - Diesel Existing 1 | F42: PJ | G42: MW | O42: =+Commodities!D27&","&Commodities!D28&","&Commodities!D15 -> AGRDSB1,AGRDSB2,AGRDSL | P42: =+Commodities!$AL$11 -> TF | R42: T | S42: Tractors, Trucks, Fishing boats, Forest machines | T42: Diesel | U42: =+U$7 -> Existing 1
B43: =+IF(ISBLANK(D43),"*","") | D43: =M13&P$43&R$43&VLOOKUP(O$43,$O$50:$P$75,2,FALSE)&"E1" -> AGRFLTLPGE1 | E43: =+M10 & " " & S$43 & " - " & T$43 & " " & U$43 -> Agriculture Forklifts - LPG Existing 1 | F43: PJ | G43: MW | O43: =+Commodities!D20&","&Commodities!D29&","&Commodities!D30 -> AGRLPG,AGRSNG1,AGRSNG2 | P43: =+Commodities!$AL$12 -> FL | R43: =+R$42 -> T | S43: Forklifts | T43: LPG | U43: =+U$7 -> Existing 1
B44: PRE | D44: ="FT-"&Commodities!D13 -> FT-AGRNGA | E44: ="FT technology Agriculture "&RIGHT(Commodities!D13,LEN(Commodities!D13)-3) -> FT technology Agriculture NGA | F44: PJ | G44: PJa
B45: =+IF(ISBLANK(D45),"*","") | D45: ="FT-"&Commodities!D14 -> FT-AGRCOA | E45: ="FT technology Agriculture "&RIGHT(Commodities!D14,LEN(Commodities!D14)-3) -> FT technology Agriculture COA | F45: PJ | G45: PJa
B46: =+IF(ISBLANK(D46),"*","") | D46: ="FT-"&Commodities!D15 -> FT-AGRDSL | E46: ="FT technology Agriculture "&RIGHT(Commodities!D15,LEN(Commodities!D15)-3) -> FT technology Agriculture DSL | F46: PJ | G46: PJa
B47: =+IF(ISBLANK(D47),"*","") | D47: ="FT-"&Commodities!D16 -> FT-AGRWPE | E47: ="FT technology Agriculture "&RIGHT(Commodities!D16,LEN(Commodities!D16)-3) -> FT technology Agriculture WPE | F47: PJ | G47: PJa | O47: Translation from Comm-IN to Tech Code:
B48: =+IF(ISBLANK(D48),"*","") | D48: ="FT-"&Commodities!D17 -> FT-AGRWCH | E48: ="FT technology Agriculture "&RIGHT(Commodities!D17,LEN(Commodities!D17)-3) -> FT technology Agriculture WCH | F48: PJ | G48: PJa
B49: =+IF(ISBLANK(D49),"*","") | D49: ="FT-"&Commodities!D18 -> FT-AGRBGA | E49: ="FT technology Agriculture "&RIGHT(Commodities!D18,LEN(Commodities!D18)-3) -> FT technology Agriculture BGA | F49: PJ | G49: PJa | O49: Comm-IN | P49: Tech
B50: =+IF(ISBLANK(D50),"*","") | D50: ="FT-"&Commodities!D19 -> FT-AGRHFO | E50: ="FT technology Agriculture "&RIGHT(Commodities!D19,LEN(Commodities!D19)-3) -> FT technology Agriculture HFO | F50: PJ | G50: PJa | O50: =+Commodities!D13 -> AGRNGA | P50: =+RIGHT(O50,3) -> NGA
B51: =+IF(ISBLANK(D51),"*","") | D51: ="FT-"&Commodities!D20 -> FT-AGRLPG | E51: ="FT technology Agriculture "&RIGHT(Commodities!D20,LEN(Commodities!D20)-3) -> FT technology Agriculture LPG | F51: PJ | G51: PJa | O51: =+Commodities!D14 -> AGRCOA | P51: =+RIGHT(O51,3) -> COA
B52: =+IF(ISBLANK(D52),"*","") | D52: ="FT-"&Commodities!D21 -> FT-AGRWST | E52: ="FT technology Agriculture "&RIGHT(Commodities!D21,LEN(Commodities!D21)-3) -> FT technology Agriculture WST | F52: PJ | G52: PJa | O52: =+Commodities!D15 -> AGRDSL | P52: =+RIGHT(O52,3) -> DSL
B53: =+IF(ISBLANK(D56),"*","") | D53: ="FT-"&Commodities!D22 -> FT-AGRHCE | E53: ="FT technology Agriculture "&RIGHT(Commodities!D22,LEN(Commodities!D22)-3) -> FT technology Agriculture HCE | F53: PJ | G53: PJa | H53: DAYNITE | O53: =+Commodities!D16 -> AGRWPE | P53: =+RIGHT(O53,3) -> WPE
B54: =+IF(ISBLANK(D57),"*","") | D54: ="FT-"&Commodities!D23 -> FT-AGRHSE | E54: ="FT technology Agriculture "&RIGHT(Commodities!D23,LEN(Commodities!D23)-3) -> FT technology Agriculture HSE | F54: PJ | G54: PJa | H54: DAYNITE | O54: =+Commodities!D17 -> AGRWCH | P54: =+RIGHT(O54,3) -> WCH
B55: =+IF(ISBLANK(D53),"*","") | D55: ="FT-"&Commodities!D24 -> FT-AGRHDE | E55: ="FT technology Agriculture "&RIGHT(Commodities!D24,LEN(Commodities!D24)-3) -> FT technology Agriculture HDE | F55: PJ | G55: PJa | H55: DAYNITE | O55: =+Commodities!D17 -> AGRWCH | P55: =+RIGHT(O55,3) -> WCH
B56: =+IF(ISBLANK(D55),"*","") | D56: ="FT-"&Commodities!D25 -> FT-AGRELC | E56: ="FT technology Agriculture "&RIGHT(Commodities!D25,LEN(Commodities!D25)-3) -> FT technology Agriculture ELC | F56: PJ | G56: PJa | H56: DAYNITE | O56: =+Commodities!D18 -> AGRBGA | P56: =+RIGHT(O56,3) -> BGA
B57: =+IF(ISBLANK(D57),"*","") | D57: ="FT-"&Commodities!D26 -> FT-AGRSOL | E57: ="FT technology Agriculture "&RIGHT(Commodities!D26,LEN(Commodities!D26)-3) -> FT technology Agriculture SOL | F57: PJ | G57: PJa | O57: =+Commodities!D19 -> AGRHFO | P57: =+RIGHT(O57,3) -> HFO
B58: =+IF(ISBLANK(D58),"*","") | D58: ="FT-"&Commodities!D27 -> FT-AGRDSB1 | E58: ="FT technology Agriculture "&RIGHT(Commodities!D27,LEN(Commodities!D27)-3) -> FT technology Agriculture DSB1 | F58: PJ | G58: PJa | O58: =+Commodities!D20 -> AGRLPG | P58: =+RIGHT(O58,3) -> LPG
B59: =+IF(ISBLANK(D59),"*","") | D59: ="FT-"&Commodities!D28 -> FT-AGRDSB2 | E59: ="FT technology Agriculture "&RIGHT(Commodities!D28,LEN(Commodities!D28)-3) -> FT technology Agriculture DSB2 | F59: PJ | G59: PJa | O59: =+Commodities!D21 -> AGRWST | P59: =+RIGHT(O59,3) -> WST
B60: =+IF(ISBLANK(D60),"*","") | D60: ="FT-"&Commodities!D29 -> FT-AGRSNG1 | E60: ="FT technology Agriculture "&RIGHT(Commodities!D29,LEN(Commodities!D29)-3) -> FT technology Agriculture SNG1 | F60: PJ | G60: PJa | O60: =+Commodities!D22 -> AGRHCE | P60: HET
B61: =+IF(ISBLANK(D61),"*","") | D61: ="FT-"&Commodities!D30 -> FT-AGRSNG2 | E61: ="FT technology Agriculture "&RIGHT(Commodities!D30,LEN(Commodities!D30)-3) -> FT technology Agriculture SNG2 | F61: PJ | G61: PJa | O61: =+Commodities!D24 -> AGRHDE | P61: HET
D62: ="FT-"&Commodities!D31 -> FT-AGRGSL | E62: ="FT technology Agriculture "&RIGHT(Commodities!D31,LEN(Commodities!D31)-3) -> FT technology Agriculture GSL | F62: PJ | G62: PJa | O62: =+Commodities!D25 -> AGRELC | P62: =+RIGHT(O62,3) -> ELC
D63: ="FT-"&Commodities!D32 -> FT-AGRGSB1 | E63: ="FT technology Agriculture "&RIGHT(Commodities!D32,LEN(Commodities!D32)-3) -> FT technology Agriculture GSB1 | F63: PJ | G63: PJa | O63: =+Commodities!D26 -> AGRSOL | P63: =+RIGHT(O63,3) -> SOL
D64: ="FT-"&Commodities!D33 -> FT-AGRGSB2 | E64: ="FT technology Agriculture "&RIGHT(Commodities!D33,LEN(Commodities!D33)-3) -> FT technology Agriculture GSB2 | F64: PJ | G64: PJa | O64: =+Commodities!D27 -> AGRDSB1 | P64: =+RIGHT(O64,3) -> SB1
D65: ="FT-"&Commodities!D34 -> FT-AGRH2 | E65: ="FT technology Agriculture "&RIGHT(Commodities!D34,LEN(Commodities!D34)-3) -> FT technology Agriculture H2 | F65: PJ | G65: PJa | O65: =+Commodities!D28 -> AGRDSB2 | P65: =+RIGHT(O65,3) -> SB2
D66: FT-AGRCOAtoMFG | E66: FT technology Agriculture MFG referenced as NSG1 | F66: PJ | G66: PJa | O66: =+Commodities!D29 -> AGRSNG1 | P66: =+RIGHT(O66,3) -> NG1
O67: =+Commodities!D30 -> AGRSNG2 | P67: =+RIGHT(O67,3) -> NG2
O68: =+Commodities!D31 -> AGRGSL | P68: =+RIGHT(O68,3) -> GSL
O69: =+Commodities!D32 -> AGRGSB1 | P69: =+RIGHT(O69,3) -> SB1
O70: =+Commodities!D33 -> AGRGSB2 | P70: =+RIGHT(O70,3) -> SB2
N71: Changed formula | O71: =+O7 -> AGRSNG1,AGRSNG2,AGRNGA | P71: NGA
O72: =+O9 -> AGRDSB1,AGRDSB2,AGRDSL | P72: DSL
O73: =+O42 -> AGRDSB1,AGRDSB2,AGRDSL | P73: DSL
O74: =+O43 -> AGRLPG,AGRSNG1,AGRSNG2 | P74: LPG
O75: =+O44 -> 0 | P75: DSB
O76: =+"(used in formulas in column " & CHAR(COLUMN(D7)+64) & ")" -> (used in formulas in column D)

Sheet Commodities
B3: ~FI_Comm
B4: CSet | C4: Region | D4: CommName | E4: CommDesc | F4: Unit | G4: LimType | H4: CTSLvl | I4: PeakTS | J4: Ctype
B5: *Commodity Set Membership | C5: Region Name | D5: Commodity Name | E5: Commodity Description | F5: Unit | G5: Sense of the Balance EQN. | H5: Timeslice Level | I5: Peak Monitoring | J5: Electricity Indicator | T5: Index | U5: Code | V5: Code | W5: Code | X5: Sector | Y5: Text | AC5: Eurostat | AD5: Temperature Distribution | AE5: Sheet Name | AJ5: Index | AK5: Txt1 | AL5: Code | AM5: Txt2
B6: DEM | D6: =+INDEX($V$6:$V$6,M6) & INDEX($AL$6:$AL$13,L6) -> AGDPH | E6: =INDEX($X$6:$X$6,M6) & " " & INDEX($AM$6:$AM$13,L6) -> Agriculture Demand Process heat | F6: PJ | L6: 1 | M6: 1 | N6: =VLOOKUP(M6, $T$6:$Y$6, 6, FALSE) -> Agriculture, forestry and fishing | T6: 1 | U6: AG | V6: AGD | W6: AGR | X6: Agriculture | Y6: Agriculture, forestry and fishing | AC6: Agriculture, forestry and fishing | AD6: Agriculture, forestry and fishing | AE6: Agriculture | AJ6: 1 | AK6: Agriculture | AL6: PH | AM6: Demand Process heat
D7: =+INDEX($V$6:$V$6,M7) & INDEX($AL$6:$AL$13,L7) -> AGDCO | E7: =INDEX($X$6:$X$6,M7) & " " & INDEX($AM$6:$AM$13,L7) -> Agriculture Demand Cooling | F7: PJ | L7: =+L6+1 -> 2 | M7: =+M6 -> 1 | AJ7: 2 | AK7: Agriculture | AL7: CO | AM7: Demand Cooling
D8: =+INDEX($V$6:$V$6,M8) & INDEX($AL$6:$AL$13,L8) -> AGDSH | E8: =INDEX($X$6:$X$6,M8) & " " & INDEX($AM$6:$AM$13,L8) -> Agriculture Demand Spatial Heat | F8: PJ | L8: =+L7+1 -> 3 | M8: =+M7 -> 1 | AJ8: 3 | AK8: Agriculture | AL8: SH | AM8: Demand Spatial Heat
D9: =+INDEX($V$6:$V$6,M9) & INDEX($AL$6:$AL$13,L9) -> AGDLA | E9: =INDEX($X$6:$X$6,M9) & " " & INDEX($AM$6:$AM$13,L9) -> Agriculture Demand Light | F9: PJ | L9: =+L8+1 -> 4 | M9: =+M8 -> 1 | AJ9: 4 | AK9: Agriculture | AL9: LA | AM9: Demand Light
D10: =+INDEX($V$6:$V$6,M10) & INDEX($AL$6:$AL$13,L10) -> AGDEM | E10: =INDEX($X$6:$X$6,M10) & " " & INDEX($AM$6:$AM$13,L10) -> Agriculture Demand Electric Motors | F10: PJ | L10: =+L9+1 -> 5 | M10: =+M9 -> 1 | AJ10: 5 | AK10: Agriculture | AL10: EM | AM10: Demand Electric Motors
D11: =+INDEX($V$6:$V$6,M11) & INDEX($AL$6:$AL$13,L11) -> AGDTF | E11: =INDEX($X$6:$X$6,M11) & " " & INDEX($AM$6:$AM$13,L11) -> Agriculture Demand Haulage Tractors, Trucks, Fishing boats, Forest machines | F11: PJ | L11: =+L10+1 -> 6 | M11: =+M10 -> 1 | AJ11: 6 | AK11: Agriculture | AL11: TF | AM11: Demand Haulage Tractors, Trucks, Fishing boats, Forest machines
D12: =+INDEX($V$6:$V$6,M12) & INDEX($AL$6:$AL$13,L12) -> AGDFL | E12: =INDEX($X$6:$X$6,M12) & " " & INDEX($AM$6:$AM$13,L12) -> Agriculture Demand Haulage Forklifts | F12: PJ | L12: =+L11+1 -> 7 | M12: =+M11 -> 1 | AJ12: 7 | AK12: Agriculture | AL12: FL | AM12: Demand Haulage Forklifts
B13: NRG,NGR-IND | D13: ="AGR"&RIGHT(L13,LEN(L13)-3) -> AGRNGA | E13: =LEFT(M13,LEN(M13)-3)&" AGR" -> Nat. Gas AGR | F13: PJ | L13: INDNGA | M13: Nat. Gas IND
D14: ="AGR"&RIGHT(L14,LEN(L14)-3) -> AGRCOA | E14: =LEFT(M14,LEN(M14)-3)&" AGR" -> Coal AGR | F14: PJ | L14: INDCOA | M14: Coal IND
D15: ="AGR"&RIGHT(L15,LEN(L15)-3) -> AGRDSL | E15: =LEFT(M15,LEN(M15)-3)&" AGR" -> Diesel AGR | F15: PJ | L15: INDDSL | M15: Diesel IND
D16: ="AGR"&RIGHT(L16,LEN(L16)-3) -> AGRWPE | E16: =LEFT(M16,LEN(M16)-3)&" AGR" -> Wood Pellets AGR | F16: PJ | L16: INDWPE | M16: Wood Pellets IND
D17: ="AGR"&RIGHT(L17,LEN(L17)-3) -> AGRWCH | E17: =LEFT(M17,LEN(M17)-3)&" AGR" -> Wood chips and wood waste AGR | F17: PJ | L17: INDWCH | M17: Wood chips and wood waste IND
D18: ="AGR"&RIGHT(L18,LEN(L18)-3) -> AGRBGA | E18: =LEFT(M18,LEN(M18)-3)&" AGR" -> Biogas AGR | F18: PJ | L18: INDBGA | M18: Biogas IND
D19: ="AGR"&RIGHT(L19,LEN(L19)-3) -> AGRHFO | E19: =LEFT(M19,LEN(M19)-3)&" AGR" -> Heavy Fuel Oil AGR | F19: PJ | L19: INDHFO | M19: Heavy Fuel Oil IND
D20: ="AGR"&RIGHT(L20,LEN(L20)-3) -> AGRLPG | E20: =LEFT(M20,LEN(M20)-3)&" AGR" -> Liquid petrol gas AGR | F20: PJ | L20: INDLPG | M20: Liquid petrol gas IND
D21: ="AGR"&RIGHT(L21,LEN(L21)-3) -> AGRWST | E21: =LEFT(M21,LEN(M21)-3)&" AGR" -> Waste AGR | F21: PJ | L21: INDWST | M21: Waste IND
D22: ="AGR"&RIGHT(L22,LEN(L22)-3) -> AGRHCE | E22: =LEFT(M22,LEN(M22)-3)&" AGR" -> Centralised District Heat AGR | F22: PJ | H22: DAYNITE | L22: INDHCE | M22: Centralised District Heat IND
D23: ="AGR"&RIGHT(L23,LEN(L23)-3) -> AGRHSE | E23: =LEFT(M23,LEN(M23)-3)&" AGR" -> SubUrban District Heat AGR | F23: PJ | H23: DAYNITE | L23: INDHSE | M23: SubUrban District Heat IND
D24: ="AGR"&RIGHT(L24,LEN(L24)-3) -> AGRHDE | E24: =LEFT(M24,LEN(M24)-3)&" AGR" -> Decentralised District Heat AGR | F24: PJ | H24: DAYNITE | L24: INDHDE | M24: Decentralised District Heat IND
D25: ="AGR"&RIGHT(L25,LEN(L25)-3) -> AGRELC | E25: =LEFT(M25,LEN(M25)-3)&" AGR" -> Electricity AGR | F25: PJ | H25: DAYNITE | J25: ELC | L25: INDELC | M25: Electricity IND
D26: ="AGR"&RIGHT(L26,LEN(L26)-3) -> AGRSOL | E26: =LEFT(M26,LEN(M26)-3)&" AGR" -> Solar AGR | F26: PJ | L26: INDSOL | M26: Solar IND
D27: ="AGR"&RIGHT(L27,LEN(L27)-3) -> AGRDSB1 | E27: =LEFT(M27,LEN(M27)-3)&" AGR" -> Biodiesel 1. generation AGR | F27: PJ | L27: INDDSB1 | M27: Biodiesel 1. generation IND
D28: ="AGR"&RIGHT(L28,LEN(L28)-3) -> AGRDSB2 | E28: =LEFT(M28,LEN(M28)-3)&" AGR" -> Biodiesel 2. generation AGR | F28: PJ | L28: INDDSB2 | M28: Biodiesel 2. generation IND
D29: ="AGR"&RIGHT(L29,LEN(L29)-3) -> AGRSNG1 | E29: =LEFT(M29,LEN(M29)-3)&" AGR" -> Bio Synt. Nat. Gas 1. generation AGR | F29: PJ | L29: INDSNG1 | M29: Bio Synt. Nat. Gas 1. generation IND
D30: ="AGR"&RIGHT(L30,LEN(L30)-3) -> AGRSNG2 | E30: =LEFT(M30,LEN(M30)-3)&" AGR" -> Bio Synt. Nat. Gas 2. generation AGR | F30: PJ | L30: INDSNG2 | M30: Bio Synt. Nat. Gas 2. generation IND
D31: ="AGR"&RIGHT(L31,LEN(L31)-3) -> AGRGSL | E31: =LEFT(M31,LEN(M31)-3)&" AGR" -> Gasoline AGR | F31: PJ | L31: INDGSL | M31: Gasoline IND
D32: ="AGR"&RIGHT(L32,LEN(L32)-3) -> AGRGSB1 | E32: =LEFT(M32,LEN(M32)-3)&" AGR" -> Bioethanol 1. generation AGR | F32: PJ | L32: INDGSB1 | M32: Bioethanol 1. generation IND
D33: ="AGR"&RIGHT(L33,LEN(L33)-3) -> AGRGSB2 | E33: =LEFT(M33,LEN(M33)-3)&" AGR" -> Bioethanol 2. generation AGR | F33: PJ | L33: INDGSB2 | M33: Bioethanol 2. generation IND
D34: ="AGR"&RIGHT(L34,LEN(L34)-3) -> AGRH2 | E34: =LEFT(M34,LEN(M34)-3)&" AGR" -> Hydrogen AGR | F34: PJ | L34: INDH2 | M34: Hydrogen IND
D35: ="AGR"&RIGHT(L35,LEN(L35)-3) -> AGRBLQ | E35: =LEFT(M35,LEN(M35)-3)&" AGR" -> Black liquor AGR | F35: PJ | L35: INDBLQ | M35: Black liquor IND
B36: ENV | D36: AGRCO2 | E36: CO2 Agriculture | F36: kt

Sheet Demand
B2: =Agriculture!V76 -> 2010 | C2: Demand | I2: Information for function INDIRECT():
B3: DEMAND | D3: Block size: | E3: 7
I4: This colour: Input
B5: ~FI_T
B6: CommName | C6: *Description | D6: *Unit | E6: DEMAND~DE1 | F6: DEMAND~DE2 | G6: DEMAND~DE3 | I6: Sheet | J6: DE1 Col | K6: DE2 Col | L6: DE3 Col | M6: Row 1 | N6: Row 2 | P6: Check
B7: =+Commodities!D6 -> AGDPH | C7: =+Commodities!E6 -> Agriculture Demand Process heat | D7: =+Commodities!F6 -> PJ | E7: =+SUM(INDIRECT("'" & $I7 & "'!" & J7 & $M7 & IF(ISBLANK($N7),"",":" & J7 & $N7))) -> 30.21547 | F7: =+SUM(INDIRECT("'" & $I7 & "'!" & K7 & $M7 & IF(ISBLANK($N7),"",":" & K7 & $N7))) -> 0 | G7: =+SUM(INDIRECT("'" & $I7 & "'!" & L7 & $M7 & IF(ISBLANK($N7),"",":" & L7 & $N7))) -> 0 | I7: =Commodities!AE6 -> Agriculture | J7: =SUBSTITUTE(ADDRESS(1,COLUMN(Agriculture!AQ1),4),"1","") -> AQ | K7: =SUBSTITUTE(ADDRESS(1,COLUMN(Agriculture!AR1),4),"1","") -> AR | L7: =SUBSTITUTE(ADDRESS(1,COLUMN(Agriculture!AS1),4),"1","") -> AS | M7: 26 | N7: 37 | P7: =+SUM(INDIRECT("'" & I7 & "'!" & "AQ26:AR62")) - SUM(E7:F13) -> 0
B8: =+Commodities!D7 -> AGDCO | C8: =+Commodities!E7 -> Agriculture Demand Cooling | D8: =+Commodities!F7 -> PJ | E8: =+SUM(INDIRECT("'" & $I8 & "'!" & J8 & $M8 & IF(ISBLANK($N8),"",":" & J8 & $N8))) -> 1.9300122 | F8: =+SUM(INDIRECT("'" & $I8 & "'!" & K8 & $M8 & IF(ISBLANK($N8),"",":" & K8 & $N8))) -> 0 | G8: =+SUM(INDIRECT("'" & $I8 & "'!" & L8 & $M8 & IF(ISBLANK($N8),"",":" & L8 & $N8))) -> 0 | I8: =+I7 -> Agriculture | J8: =+J7 -> AQ | K8: =+K7 -> AR | L8: =+L7 -> AS | M8: 38 | N8: 46
B9: =+Commodities!D8 -> AGDSH | C9: =+Commodities!E8 -> Agriculture Demand Spatial Heat | D9: =+Commodities!F8 -> PJ | E9: =+SUM(INDIRECT("'" & $I9 & "'!" & J9 & $M9 & IF(ISBLANK($N9),"",":" & J9 & $N9))) -> 0.62730814 | F9: =+SUM(INDIRECT("'" & $I9 & "'!" & K9 & $M9 & IF(ISBLANK($N9),"",":" & K9 & $N9))) -> 0 | G9: =+SUM(INDIRECT("'" & $I9 & "'!" & L9 & $M9 & IF(ISBLANK($N9),"",":" & L9 & $N9))) -> 0 | I9: =+I8 -> Agriculture | J9: =+J8 -> AQ | K9: =+K8 -> AR | L9: =+L8 -> AS | M9: 47 | N9: 58
B10: =+Commodities!D9 -> AGDLA | C10: =+Commodities!E9 -> Agriculture Demand Light | D10: =+Commodities!F9 -> PJ | E10: =+SUM(INDIRECT("'" & $I10 & "'!" & J10 & $M10 & IF(ISBLANK($N10),"",":" & J10 & $N10))) -> 4.6211625 | F10: =+SUM(INDIRECT("'" & $I10 & "'!" & K10 & $M10 & IF(ISBLANK($N10),"",":" & K10 & $N10))) -> 0 | G10: =+SUM(INDIRECT("'" & $I10 & "'!" & L10 & $M10 & IF(ISBLANK($N10),"",":" & L10 & $N10))) -> 0 | I10: =+I9 -> Agriculture | J10: =+J9 -> AQ | K10: =+K9 -> AR | L10: =+L9 -> AS | M10: 59
B11: =+Commodities!D10 -> AGDEM | C11: =+Commodities!E10 -> Agriculture Demand Electric Motors | D11: =+Commodities!F10 -> PJ | E11: =+SUM(INDIRECT("'" & $I11 & "'!" & J11 & $M11 & IF(ISBLANK($N11),"",":" & J11 & $N11))) -> 13.831969 | F11: =+SUM(INDIRECT("'" & $I11 & "'!" & K11 & $M11 & IF(ISBLANK($N11),"",":" & K11 & $N11))) -> 0 | G11: =+SUM(INDIRECT("'" & $I11 & "'!" & L11 & $M11 & IF(ISBLANK($N11),"",":" & L11 & $N11))) -> 0 | I11: =+I10 -> Agriculture | J11: =+J10 -> AQ | K11: =+K10 -> AR | L11: =+L10 -> AS | M11: 60
B12: =+Commodities!D11 -> AGDTF | C12: =+Commodities!E11 -> Agriculture Demand Haulage Tractors, Trucks, Fishing boats, Forest machines | D12: =+Commodities!F11 -> PJ | E12: =+SUM(INDIRECT("'" & $I12 & "'!" & J12 & $M12 & IF(ISBLANK($N12),"",":" & J12 & $N12))) -> 1.571372 | F12: =+SUM(INDIRECT("'" & $I12 & "'!" & K12 & $M12 & IF(ISBLANK($N12),"",":" & K12 & $N12))) -> 0 | G12: =+SUM(INDIRECT("'" & $I12 & "'!" & L12 & $M12 & IF(ISBLANK($N12),"",":" & L12 & $N12))) -> 0 | I12: =+I11 -> Agriculture | J12: =+J11 -> AQ | K12: =+K11 -> AR | L12: =+L11 -> AS | M12: 61
B13: =+Commodities!D12 -> AGDFL | C13: =+Commodities!E12 -> Agriculture Demand Haulage Forklifts | D13: =+Commodities!F12 -> PJ | E13: =+SUM(INDIRECT("'" & $I13 & "'!" & J13 & $M13 & IF(ISBLANK($N13),"",":" & J13 & $N13))) -> 0 | F13: =+SUM(INDIRECT("'" & $I13 & "'!" & K13 & $M13 & IF(ISBLANK($N13),"",":" & K13 & $N13))) -> 0 | G13: =+SUM(INDIRECT("'" & $I13 & "'!" & L13 & $M13 & IF(ISBLANK($N13),"",":" & L13 & $N13))) -> 0 | I13: =+I12 -> Agriculture | J13: =+J12 -> AQ | K13: =+K12 -> AR | L13: =+L12 -> AS | M13: 62
B18: 2015 | C18: Demand
I19: Information for function INDIRECT():
B20: DEMAND | D20: Block size: | E20: 7
I21: This colour: Input
B22: ~FI_T
B23: CommName | C23: *Description | D23: *Unit | E23: DEMAND~DE1~2015 | F23: DEMAND~DE2~2015 | G23: DEMAND~DE3~2015 | I23: Sheet | J23: DE1 Col | K23: DE2 Col | L23: DE2 Col | M23: Row 1 | N23: Row 2 | P23: Check
B24: =B7 -> AGDPH | C24: =C7 -> Agriculture Demand Process heat | D24: =D7 -> PJ | E24: =+SUM(INDIRECT("'" & $I24 & "'!" & J24 & $M24 & IF(ISBLANK($N24),"",":" & J24 & $N24))) -> 0 | F24: =+SUM(INDIRECT("'" & $I24 & "'!" & K24 & $M24 & IF(ISBLANK($N24),"",":" & K24 & $N24))) -> 0 | G24: =+SUM(INDIRECT("'" & $I24 & "'!" & L24 & $M24 & IF(ISBLANK($N24),"",":" & L24 & $N24))) -> 0 | I24: =I7 -> Agriculture | J24: =SUBSTITUTE(ADDRESS(1,COLUMN(Agriculture!BD1),4),"1","") -> BD | K24: =SUBSTITUTE(ADDRESS(1,COLUMN(Agriculture!BE1),4),"1","") -> BE | L24: =SUBSTITUTE(ADDRESS(1,COLUMN(Agriculture!BF1),4),"1","") -> BF | M24: =M7 -> 26 | N24: =N7 -> 37 | P24: =+SUM(INDIRECT("'" & I24 & "'!" & "BD26:BE62")) - SUM(E24:F30) -> 0
B25: =B8 -> AGDCO | C25: =C8 -> Agriculture Demand Cooling | D25: =D8 -> PJ | E25: =+SUM(INDIRECT("'" & $I25 & "'!" & J25 & $M25 & IF(ISBLANK($N25),"",":" & J25 & $N25))) -> 1.8193222 | F25: =+SUM(INDIRECT("'" & $I25 & "'!" & K25 & $M25 & IF(ISBLANK($N25),"",":" & K25 & $N25))) -> 0 | G25: =+SUM(INDIRECT("'" & $I25 & "'!" & L25 & $M25 & IF(ISBLANK($N25),"",":" & L25 & $N25))) -> 0 | I25: =I8 -> Agriculture | J25: =+J24 -> BD | K25: =+K24 -> BE | L25: =+L24 -> BF | M25: =M8 -> 38 | N25: =N8 -> 46
B26: =B9 -> AGDSH | C26: =C9 -> Agriculture Demand Spatial Heat | D26: =D9 -> PJ | E26: =+SUM(INDIRECT("'" & $I26 & "'!" & J26 & $M26 & IF(ISBLANK($N26),"",":" & J26 & $N26))) -> 0.5913308 | F26: =+SUM(INDIRECT("'" & $I26 & "'!" & K26 & $M26 & IF(ISBLANK($N26),"",":" & K26 & $N26))) -> 0 | G26: =+SUM(INDIRECT("'" & $I26 & "'!" & L26 & $M26 & IF(ISBLANK($N26),"",":" & L26 & $N26))) -> 0 | I26: =I9 -> Agriculture | J26: =+J25 -> BD | K26: =+K25 -> BE | L26: =+L25 -> BF | M26: =M9 -> 47 | N26: =N9 -> 58
B27: =B10 -> AGDLA | C27: =C10 -> Agriculture Demand Light | D27: =D10 -> PJ | E27: =+SUM(INDIRECT("'" & $I27 & "'!" & J27 & $M27 & IF(ISBLANK($N27),"",":" & J27 & $N27))) -> 4.3561298 | F27: =+SUM(INDIRECT("'" & $I27 & "'!" & K27 & $M27 & IF(ISBLANK($N27),"",":" & K27 & $N27))) -> 0 | G27: =+SUM(INDIRECT("'" & $I27 & "'!" & L27 & $M27 & IF(ISBLANK($N27),"",":" & L27 & $N27))) -> 0 | I27: =I10 -> Agriculture | J27: =+J26 -> BD | K27: =+K26 -> BE | L27: =+L26 -> BF | M27: =M10 -> 59
B28: =B11 -> AGDEM | C28: =C11 -> Agriculture Demand Electric Motors | D28: =D11 -> PJ | E28: =+SUM(INDIRECT("'" & $I28 & "'!" & J28 & $M28 & IF(ISBLANK($N28),"",":" & J28 & $N28))) -> 13.038679 | F28: =+SUM(INDIRECT("'" & $I28 & "'!" & K28 & $M28 & IF(ISBLANK($N28),"",":" & K28 & $N28))) -> 0 | G28: =+SUM(INDIRECT("'" & $I28 & "'!" & L28 & $M28 & IF(ISBLANK($N28),"",":" & L28 & $N28))) -> 0 | I28: =I11 -> Agriculture | J28: =+J27 -> BD | K28: =+K27 -> BE | L28: =+L27 -> BF | M28: =M11 -> 60
B29: =B12 -> AGDTF | C29: =C12 -> Agriculture Demand Haulage Tractors, Trucks, Fishing boats, Forest machines | D29: =D12 -> PJ | E29: =+SUM(INDIRECT("'" & $I29 & "'!" & J29 & $M29 & IF(ISBLANK($N29),"",":" & J29 & $N29))) -> 0.354801 | F29: =+SUM(INDIRECT("'" & $I29 & "'!" & K29 & $M29 & IF(ISBLANK($N29),"",":" & K29 & $N29))) -> 0 | G29: =+SUM(INDIRECT("'" & $I29 & "'!" & L29 & $M29 & IF(ISBLANK($N29),"",":" & L29 & $N29))) -> 0 | I29: =I12 -> Agriculture | J29: =+J28 -> BD | K29: =+K28 -> BE | L29: =+L28 -> BF | M29: =M12 -> 61
B30: =B13 -> AGDFL | C30: =C13 -> Agriculture Demand Haulage Forklifts | D30: =D13 -> PJ | E30: =+SUM(INDIRECT("'" & $I30 & "'!" & J30 & $M30 & IF(ISBLANK($N30),"",":" & J30 & $N30))) -> 0 | F30: =+SUM(INDIRECT("'" & $I30 & "'!" & K30 & $M30 & IF(ISBLANK($N30),"",":" & K30 & $N30))) -> 0 | G30: =+SUM(INDIRECT("'" & $I30 & "'!" & L30 & $M30 & IF(ISBLANK($N30),"",":" & L30 & $N30))) -> 0 | I30: =I13 -> Agriculture | J30: =+J29 -> BD | K30: =+K29 -> BE | L30: =+L29 -> BF | M30: =M13 -> 62
B35: =Agriculture!V126 -> 2019 | C35: Demand
I36: Information for function INDIRECT():
B37: DEMAND | D37: Block size: | E37: 7
I38: This colour: Input
B39: ~FI_T
B40: CommName | C40: *Description | D40: *Unit | E40: DEMAND~DE1~2019 | F40: DEMAND~DE2~2019 | G40: DEMAND~DE3~2019 | I40: Sheet | J40: DE1 Col | K40: DE2 Col | L40: DE2 Col | M40: Row 1 | N40: Row 2 | P40: Check
B41: =B7 -> AGDPH | C41: =C7 -> Agriculture Demand Process heat | D41: =D7 -> PJ | E41: =+SUM(INDIRECT("'" & $I41 & "'!" & J41 & $M41 & IF(ISBLANK($N41),"",":" & J41 & $N41))) -> 39.988841 | F41: =+SUM(INDIRECT("'" & $I41 & "'!" & K41 & $M41 & IF(ISBLANK($N41),"",":" & K41 & $N41))) -> 0 | G41: =+SUM(INDIRECT("'" & $I41 & "'!" & L41 & $M41 & IF(ISBLANK($N41),"",":" & L41 & $N41))) -> 0 | I41: =I24 -> Agriculture | J41: =SUBSTITUTE(ADDRESS(1,COLUMN(Agriculture!BQ1),4),"1","") -> BQ | K41: =SUBSTITUTE(ADDRESS(1,COLUMN(Agriculture!BR1),4),"1","") -> BR | L41: =SUBSTITUTE(ADDRESS(1,COLUMN(Agriculture!BS1),4),"1","") -> BS | M41: =M24 -> 26 | N41: =N24 -> 37 | P41: =+SUM(INDIRECT("'" & I41 & "'!" & "BQ26:BR62")) - SUM(E41:F47) -> 0
B42: =B8 -> AGDCO | C42: =C8 -> Agriculture Demand Cooling | D42: =D8 -> PJ | E42: =+SUM(INDIRECT("'" & $I42 & "'!" & J42 & $M42 & IF(ISBLANK($N42),"",":" & J42 & $N42))) -> 1.661663 | F42: =+SUM(INDIRECT("'" & $I42 & "'!" & K42 & $M42 & IF(ISBLANK($N42),"",":" & K42 & $N42))) -> 0 | G42: =+SUM(INDIRECT("'" & $I42 & "'!" & L42 & $M42 & IF(ISBLANK($N42),"",":" & L42 & $N42))) -> 0 | I42: =I25 -> Agriculture | J42: =+J41 -> BQ | K42: =+K41 -> BR | L42: =+L41 -> BS | M42: =M25 -> 38 | N42: =N25 -> 46
B43: =B9 -> AGDSH | C43: =C9 -> Agriculture Demand Spatial Heat | D43: =D9 -> PJ | E43: =+SUM(INDIRECT("'" & $I43 & "'!" & J43 & $M43 & IF(ISBLANK($N43),"",":" & J43 & $N43))) -> 0.54008712 | F43: =+SUM(INDIRECT("'" & $I43 & "'!" & K43 & $M43 & IF(ISBLANK($N43),"",":" & K43 & $N43))) -> 0 | G43: =+SUM(INDIRECT("'" & $I43 & "'!" & L43 & $M43 & IF(ISBLANK($N43),"",":" & L43 & $N43))) -> 0 | I43: =I26 -> Agriculture | J43: =+J42 -> BQ | K43: =+K42 -> BR | L43: =+L42 -> BS | M43: =M26 -> 47 | N43: =N26 -> 58
B44: =B10 -> AGDLA | C44: =C10 -> Agriculture Demand Light | D44: =D10 -> PJ | E44: =+SUM(INDIRECT("'" & $I44 & "'!" & J44 & $M44 & IF(ISBLANK($N44),"",":" & J44 & $N44))) -> 3.9786353 | F44: =+SUM(INDIRECT("'" & $I44 & "'!" & K44 & $M44 & IF(ISBLANK($N44),"",":" & K44 & $N44))) -> 0 | G44: =+SUM(INDIRECT("'" & $I44 & "'!" & L44 & $M44 & IF(ISBLANK($N44),"",":" & L44 & $N44))) -> 0 | I44: =I27 -> Agriculture | J44: =+J43 -> BQ | K44: =+K43 -> BR | L44: =+L43 -> BS | M44: =M27 -> 59
B45: =B11 -> AGDEM | C45: =C11 -> Agriculture Demand Electric Motors | D45: =D11 -> PJ | E45: =+SUM(INDIRECT("'" & $I45 & "'!" & J45 & $M45 & IF(ISBLANK($N45),"",":" & J45 & $N45))) -> 11.90877 | F45: =+SUM(INDIRECT("'" & $I45 & "'!" & K45 & $M45 & IF(ISBLANK($N45),"",":" & K45 & $N45))) -> 0 | G45: =+SUM(INDIRECT("'" & $I45 & "'!" & L45 & $M45 & IF(ISBLANK($N45),"",":" & L45 & $N45))) -> 0 | I45: =I28 -> Agriculture | J45: =+J44 -> BQ | K45: =+K44 -> BR | L45: =+L44 -> BS | M45: =M28 -> 60
B46: =B12 -> AGDTF | C46: =C12 -> Agriculture Demand Haulage Tractors, Trucks, Fishing boats, Forest machines | D46: =D12 -> PJ | E46: =+SUM(INDIRECT("'" & $I46 & "'!" & J46 & $M46 & IF(ISBLANK($N46),"",":" & J46 & $N46))) -> 84.016547 | F46: =+SUM(INDIRECT("'" & $I46 & "'!" & K46 & $M46 & IF(ISBLANK($N46),"",":" & K46 & $N46))) -> 0 | G46: =+SUM(INDIRECT("'" & $I46 & "'!" & L46 & $M46 & IF(ISBLANK($N46),"",":" & L46 & $N46))) -> 0 | I46: =I29 -> Agriculture | J46: =+J45 -> BQ | K46: =+K45 -> BR | L46: =+L45 -> BS | M46: =M29 -> 61
B47: =B13 -> AGDFL | C47: =C13 -> Agriculture Demand Haulage Forklifts | D47: =D13 -> PJ | E47: =+SUM(INDIRECT("'" & $I47 & "'!" & J47 & $M47 & IF(ISBLANK($N47),"",":" & J47 & $N47))) -> 6.6226275 | F47: =+SUM(INDIRECT("'" & $I47 & "'!" & K47 & $M47 & IF(ISBLANK($N47),"",":" & K47 & $N47))) -> 0 | G47: =+SUM(INDIRECT("'" & $I47 & "'!" & L47 & $M47 & IF(ISBLANK($N47),"",":" & L47 & $N47))) -> 0 | I47: =I30 -> Agriculture | J47: =+J46 -> BQ | K47: =+K46 -> BR | L47: =+L46 -> BS | M47: =M30 -> 62

Sheet Agriculture
C2: Index: 1 - 9 | D2: 1 | E2: In sheets 'Commodities', 'Processes', 'Pivot Agg 1' and 'Energy matrix'
C4: Sheet: | D4: Commodities
C5: Sector: | D5: =+INDEX(Commodities!$X$6:$X$6,D2) -> Agriculture
D6: =+INDEX(Commodities!$Y$6:$Y$6,D2) -> Agriculture, forestry and fishing | F6: =+"Give 'Index' in cell " & SUBSTITUTE(CELL("address",D2),"$","") & "." -> Give 'Index' in cell D2.
F7: Values: 1 to 10.
C8: Sheet: | D8: Processes
C9: Sector: | D9: =+OFFSET(Processes!$M$11,D11,0) -> Agriculture, forestry and fishing
C10: Block size: | D10: =+ROW(Processes!$M$44) - ROW(Processes!$M$7) -> 37
C11: Block offset: | D11: =+$D$10*$D$2-$D$10 -> 0
C13: Sheet: | D13: Energy matrix
C14: Sector: | D14: =+INDEX('Energy matrix'!$C$4:$N$4,1,D2) -> Agriculture, forestry and fishing
G19: Relaxation factor for calibration | AK19: 2010 | AX19: 2015 | BK19: 2019
G20: 2010 | J20: 2015 | M20: 2019
G21: 1.001 | H21: 1.001 | I21: 1.001 | J21: 1.01 | K21: 1.01 | L21: 1.01 | M21: 1.01 | N21: 1.01 | O21: 1.01 | AN21: Energy service demand | BA21: Energy service demand | BN21: Energy service demand
AN22: DE1 | AO22: DE2 | AP22: DE3 | BA22: DE1 | BB22: DE2 | BC22: DE3 | BN22: DE1 | BO22: DE2 | BP22: DE3
F23: ~FI_T | AN23: {=INDEX(RegSplit!$B$4:$AN$6,MATCH(AN22,RegSplit!$A$4:$A$6,0),MATCH($D$6&AK19,RegSplit!$B$2:$AN$2&RegSplit!$B$3:$AN$3,0))} -> 1 | AO23: {=INDEX(RegSplit!$B$4:$AN$6,MATCH(AO22,RegSplit!$A$4:$A$6,0),MATCH($D$6&AK19,RegSplit!$B$2:$AN$2&RegSplit!$B$3:$AN$3,0))} -> 0 | AP23: {=INDEX(RegSplit!$B$4:$AN$6,MATCH(AP22,RegSplit!$A$4:$A$6,0),MATCH($D$6&AK19,RegSplit!$B$2:$AN$2&RegSplit!$B$3:$AN$3,0))} -> 0 | BA23: {=INDEX(RegSplit!$B$4:$AN$6,MATCH(BA22,RegSplit!$A$4:$A$6,0),MATCH($D$6&AX19,RegSplit!$B$2:$AN$2&RegSplit!$B$3:$AN$3,0))} -> 1 | BB23: {=INDEX(RegSplit!$B$4:$AN$6,MATCH(BB22,RegSplit!$A$4:$A$6,0),MATCH($D$6&AX19,RegSplit!$B$2:$AN$2&RegSplit!$B$3:$AN$3,0))} -> 0 | BC23: {=INDEX(RegSplit!$B$4:$AN$6,MATCH(BC22,RegSplit!$A$4:$A$6,0),MATCH($D$6&AX19,RegSplit!$B$2:$AN$2&RegSplit!$B$3:$AN$3,0))} -> 0 | BN23: {=INDEX(RegSplit!$B$4:$AN$6,MATCH(BN22,RegSplit!$A$4:$A$6,0),MATCH($D$6&BK19,RegSplit!$B$2:$AN$2&RegSplit!$B$3:$AN$3,0))} -> 1 | BO23: {=INDEX(RegSplit!$B$4:$AN$6,MATCH(BO22,RegSplit!$A$4:$A$6,0),MATCH($D$6&BK19,RegSplit!$B$2:$AN$2&RegSplit!$B$3:$AN$3,0))} -> 0 | BP23: {=INDEX(RegSplit!$B$4:$AN$6,MATCH(BP22,RegSplit!$A$4:$A$6,0),MATCH($D$6&BK19,RegSplit!$B$2:$AN$2&RegSplit!$B$3:$AN$3,0))} -> 0
C24: TechName | D24: *TechDesc | E24: Comm-IN | F24: Comm-OUT | G24: STOCK~DE1 | H24: STOCK~DE2 | I24: STOCK~DE3 | J24: STOCK~DE1~2015 | K24: STOCK~DE2~2015 | L24: STOCK~DE3~2015 | M24: STOCK~DE1~2019 | N24: STOCK~DE2~2019 | O24: STOCK~DE3~2019 | P24: STOCK~DE1~2020 | Q24: STOCK~DE2~2020 | R24: STOCK~DE3~2020 | S24: STOCK~DE1~2034 | T24: STOCK~DE2~2034 | U24: STOCK~DE3~2034 | V24: STOCK~0 | W24: EFF~DE1 | X24: EFF~DE2 | Y24: EFF~DE3 | Z24: CAPUNIT | AA24: AFA | AB24: LIFE | AC24: Share-I~UP | AD24: Share-I~UP~2014 | AE24: Share-I~UP~0 | AM24: Fuel demand by energy service | AQ24: Energy service demand | AT24: Fuel demand (calculated) | AZ24: Fuel demand by energy service | BD24: Energy service demand | BG24: Fuel demand (calculated) | BM24: Fuel demand by energy service | BQ24: Energy service demand | BT24: Fuel demand (calculated)
C25: *Unit | G25: MW | H25: MW | J25: MW | K25: MW | M25: MW | N25: MW | P25: MW | Q25: MW | S25: MW | T25: MW | V25: Interpolation | W25: PJ/PJ | X25: PJ/PJ | Z25: KW/PJ | AB25: Year | AE25: Interpolation | AG25: 2010 | AH25: 2015 | AI25: 2019 | AL25: PJ | AM25: Demand base year | AN25: DE1 | AO25: DE2 | AP25: DE3 | AQ25: DE1 | AR25: DE2 | AS25: DE3 | AT25: DE1 | AU25: DE2 | AV25: DE3 | AY25: PJ | AZ25: Demand base year | BA25: DE1 | BB25: DE2 | BC25: DE3 | BD25: DE1 | BE25: DE2 | BF25: DE3 | BG25: DE1 | BH25: DE2 | BI25: DE3 | BL25: PJ | BM25: Demand base year | BN25: DE1 | BO25: DE2 | BP25: DE3 | BQ25: DE1 | BR25: DE2 | BS25: DE3 | BT25: DE1 | BU25: DE2 | BV25: DE3
C26: =+IF(OFFSET(Processes!B7,$D$11,0)="*","*",OFFSET(Processes!D7,$D$11,0)) -> AGRPHBNGAE1 | D26: =+OFFSET(Processes!E7,$D$11,0) -> Agriculture Heat Medium Temp. Boiler - Nat. Gas Existing 1 | E26: =+Processes!O7 -> AGRSNG1,AGRSNG2,AGRNGA | F26: =Commodities!$D$6 -> AGDPH | G26: =AN26/($Z26*$AA26)*G$21*W26 -> 876.73422 | H26: =AO26/($Z26*$AA26)*H$21*X26 -> 0 | I26: =AP26/($Z26*$AA26)*I$21*Y26 -> 0 | J26: =BA26/($Z26*$AA26)*J$21*W26 -> 0 | K26: =BB26/($Z26*$AA26)*K$21*X26 -> 0 | L26: =BC26/($Z26*$AA26)*L$21*Y26 -> 0 | M26: =BN26/($Z26*$AA26)*M$21*W26 -> 690.75498 | N26: =BO26/($Z26*$AA26)*N$21*X26 -> 0 | O26: =BP26/($Z26*$AA26)*O$21*Y26 -> 0 | P26: =M26 -> 690.75498 | Q26: =N26 -> 0 | R26: =O26 -> 0 | S26: =IF($AB26=20,0,M26/5)*IF(M26=0,0,1) -> 0 | T26: =IF($AB26=20,0,N26/5)*IF(N26=0,0,1) -> 0 | U26: =IF($AB26=20,0,O26/5)*IF(O26=0,0,1) -> 0 | V26: 5 | W26: =I146 -> 0.9996 | X26: =W26 -> 0.9996 | Y26: =X26 -> 0.9996 | Z26: =3.6*8760/1000000 -> 0.031536 | AA26: 0.5 | AB26: 20 | AG26: =((G26*Z26*AA26/W26)+(H26*Z26*AA26/X26))/$G$21 -> 13.816061 | AH26: =((J26*Z26*AA26/W26)+(K26*Z26*AA26/X26))/$J$21 -> 0 | AI26: =((M26*AA26*Z26/W26)+(N26*Z26*AA26/X26))/$M$21 -> 10.7883 | AJ26: Coal | AK26: =F26 -> AGDPH | AL26: NGA | AM26: =(I77+J77)/1000 -> 13.816061 | AN26: =AM26*$AN$23 -> 13.816061 | AO26: =AM26*$AO$23 -> 0 | AP26: =AM26*$AP$23 -> 0 | AQ26: =IFERROR(G26*$Z26*$AA26/G$21,0) -> 13.810535 | AR26: =IFERROR(H26*$Z26*$AA26/H$21,0) -> 0 | AS26: =IFERROR(I26*$Z26*$AA26/I$21,0) -> 0 | AT26: =IFERROR(AQ26/W26,0) -> 13.816061 | AU26: =IFERROR(AR26/X26,0) -> 0 | AV26: =IFERROR(AS26/Y26,0) -> 0 | AX26: =AK26 -> AGDPH | AY26: NGA | AZ26: =(J102+I102)/1000 -> 13.2966 | BA26: =DE26*$AN$23 -> 0 | BB26: =DE26*$BB$23 -> 0 | BC26: =DE26*$BC$23 -> 0 | BD26: =IFERROR(J26*$Z26*AA26/J$21,0) -> 0 | BE26: =IFERROR(K26*$Z26*AA26/K$21,0) -> 0 | BF26: =IFERROR(L26*$Z26*AA26/L$21,0) -> 0 | BG26: =IFERROR(BD26/W26,0) -> 0 | BH26: =IFERROR(BE26/X26,0) -> 0 | BI26: =IFERROR(BF26/Y26,0) -> 0 | BK26: =AK26 -> AGDPH | BL26: NGA | BM26: =(J127+I127)/1000 -> 10.7883 | BN26: =BM26*$AN$23 -> 10.7883 | BO26: =BM26*$BB$23 -> 0 | BP26: =BM26*$BC$23 -> 0 | BQ26: =IFERROR(M26*$Z26*$AA26/M$21,0) -> 10.783985 | BR26: =IFERROR(N26*$Z26*$AA26/N$21,0) -> 0 | BS26: =IFERROR(O26*$Z26*$AA26/O$21,0) -> 0 | BT26: =IFERROR(BQ26/W26,0) -> 10.7883 | BU26: =IFERROR(BR26/X26,0) -> 0 | BV26: =IFERROR(BS26/Y26,0) -> 0
C27: =+IF(OFFSET(Processes!B8,$D$11,0)="*","*",OFFSET(Processes!D8,$D$11,0)) -> AGRPHBCOAE1 | D27: =+OFFSET(Processes!E8,$D$11,0) -> Agriculture Heat Medium Temp. Boiler - Coal Existing 1 | E27: =+Processes!O8 -> AGRCOA | F27: =Commodities!$D$6 -> AGDPH | G27: =AN27/($Z27*$AA27)*G$21*W27 -> 0 | H27: =AO27/($Z27*$AA27)*H$21*X27 -> 0 | I27: =AP27/($Z27*$AA27)*I$21*Y27 -> 0 | J27: =BA27/($Z27*$AA27)*J$21*W27 -> 0 | K27: =BB27/($Z27*$AA27)*K$21*X27 -> 0 | L27: =BC27/($Z27*$AA27)*L$21*Y27 -> 0 | M27: =BN27/($Z27*$AA27)*M$21*W27 -> 0 | N27: =BO27/($Z27*$AA27)*N$21*X27 -> 0 | O27: =BP27/($Z27*$AA27)*O$21*Y27 -> 0 | P27: =M27 -> 0 | Q27: =N27 -> 0 | R27: =O27 -> 0 | S27: =IF($AB27=20,0,M27/5)*IF(M27=0,0,1) -> 0 | T27: =IF($AB27=20,0,N27/5)*IF(N27=0,0,1) -> 0 | U27: =IF($AB27=20,0,O27/5)*IF(O27=0,0,1) -> 0 | V27: 5 | W27: =D146 -> 0.931 | X27: =W27 -> 0.931 | Y27: =X27 -> 0.931 | Z27: =3.6*8760/1000000 -> 0.031536 | AA27: =$AA$26 -> 0.5 | AB27: 20 | AG27: =((G27*Z27*AA27/W27)+(H27*Z27*AA27/X27))/$G$21 -> 0 | AH27: =((J27*Z27*AA27/W27)+(K27*Z27*AA27/X27))/$J$21 -> 0 | AI27: =((M27*AA27*Z27/W27)+(N27*Z27*AA27/X27))/$M$21 -> 0 | AJ27: Fuel Oil | AL27: COA | AM27: =D77/1000 -> 0 | AN27: =AM27*$AN$23 -> 0 | AO27: =AM27*$AO$23 -> 0 | AP27: =AM27*$AP$23 -> 0 | AQ27: =IFERROR(G27*$Z27*$AA27/G$21,0) -> 0 | AR27: =IFERROR(H27*$Z27*$AA27/H$21,0) -> 0 | AS27: =IFERROR(I27*$Z27*$AA27/I$21,0) -> 0 | AT27: =IFERROR(AQ27/W27,0) -> 0 | AU27: =IFERROR(AR27/X27,0) -> 0 | AV27: =IFERROR(AS27/Y27,0) -> 0 | AY27: COA | AZ27: =D102/1000 -> 0 | BA27: =DE27*$AN$23 -> 0 | BB27: =DE27*$BB$23 -> 0 | BC27: =DE27*$BC$23 -> 0 | BD27: =IFERROR(J27*$Z27*AA27/J$21,0) -> 0 | BE27: =IFERROR(K27*$Z27*AA27/K$21,0) -> 0 | BF27: =IFERROR(L27*$Z27*AB27/L$21,0) -> 0 | BG27: =IFERROR(BD27/W27,0) -> 0 | BH27: =IFERROR(BE27/X27,0) -> 0 | BI27: =IFERROR(BF27/Y27,0) -> 0 | BL27: COA | BM27: =D127/1000 -> 0 | BN27: =BM27*$AN$23 -> 0 | BO27: =BM27*$BB$23 -> 0 | BP27: =BM27*$BC$23 -> 0 | BQ27: =IFERROR(M27*$Z27*$AA27/M$21,0) -> 0 | BR27: =IFERROR(N27*$Z27*$AA27/N$21,0) -> 0 | BS27: =IFERROR(O27*$Z27*$AA27/O$21,0) -> 0 | BT27: =IFERROR(BQ27/W27,0) -> 0 | BU27: =IFERROR(BR27/X27,0) -> 0 | BV27: =IFERROR(BS27/Y27,0) -> 0
C28: =+IF(OFFSET(Processes!B9,$D$11,0)="*","*",OFFSET(Processes!D9,$D$11,0)) -> AGRPHBDSLE1 | D28: =+OFFSET(Processes!E9,$D$11,0) -> Agriculture Heat Medium Temp. Boiler - Diesel Existing 1 | E28: =+Processes!O9 -> AGRDSB1,AGRDSB2,AGRDSL | F28: =Commodities!$D$6 -> AGDPH | G28: =AN28/($Z28*$AA28)*G$21*W28 -> 0 | H28: =AO28/($Z28*$AA28)*H$21*X28 -> 0 | I28: =AP28/($Z28*$AA28)*I$21*Y28 -> 0 | J28: =BA28/($Z28*$AA28)*J$21*W28 -> 0 | K28: =BB28/($Z28*$AA28)*K$21*X28 -> 0 | L28: =BC28/($Z28*$AA28)*L$21*Y28 -> 0 | M28: =BN28/($Z28*$AA28)*M$21*W28 -> 0 | N28: =BO28/($Z28*$AA28)*N$21*X28 -> 0 | O28: =BP28/($Z28*$AA28)*O$21*Y28 -> 0 | P28: =M28 -> 0 | Q28: =N28 -> 0 | R28: =O28 -> 0 | S28: =IF($AB28=20,0,M28/5)*IF(M28=0,0,1) -> 0 | T28: =IF($AB28=20,0,N28/5)*IF(N28=0,0,1) -> 0 | U28: =IF($AB28=20,0,O28/5)*IF(O28=0,0,1) -> 0 | V28: 5 | W28: =F146 -> 0.9408 | X28: =W28 -> 0.9408 | Y28: =X28 -> 0.9408 | Z28: =3.6*8760/1000000 -> 0.031536 | AA28: =$AA$26 -> 0.5 | AB28: 20 | AG28: =((G28*Z28*AA28/W28)+(H28*Z28*AA28/X28))/$G$21 -> 0 | AH28: =((J28*Z28*AA28/W28)+(K28*Z28*AA28/X28))/$J$21 -> 0 | AI28: =((M28*AA28*Z28/W28)+(N28*Z28*AA28/X28))/$M$21 -> 0 | AJ28: Diesel | AL28: DSL | AM28: =(F77+L77)/1000 -> 0 | AN28: =AM28*$AN$23 -> 0 | AO28: =AM28*$AO$23 -> 0 | AP28: =AM28*$AP$23 -> 0 | AQ28: =IFERROR(G28*$Z28*$AA28/G$21,0) -> 0 | AR28: =IFERROR(H28*$Z28*$AA28/H$21,0) -> 0 | AS28: =IFERROR(I28*$Z28*$AA28/I$21,0) -> 0 | AT28: =IFERROR(AQ28/W28,0) -> 0 | AU28: =IFERROR(AR28/X28,0) -> 0 | AV28: =IFERROR(AS28/Y28,0) -> 0 | AY28: DSL | AZ28: =(F102+L102)/1000 -> 0 | BA28: =DE28*$AN$23 -> 0 | BB28: =DE28*$BB$23 -> 0 | BC28: =DE28*$BC$23 -> 0 | BD28: =IFERROR(J28*$Z28*AA28/J$21,0) -> 0 | BE28: =IFERROR(K28*$Z28*AA28/K$21,0) -> 0 | BF28: =IFERROR(L28*$Z28*AA28/L$21,0) -> 0 | BG28: =IFERROR(BD28/W28,0) -> 0 | BH28: =IFERROR(BE28/X28,0) -> 0 | BI28: =IFERROR(BF28/Y28,0) -> 0 | BL28: DSL | BM28: =(F127+L127)/1000 -> 0 | BN28: =BM28*$AN$23 -> 0 | BO28: =BM28*$BB$23 -> 0 | BP28: =BM28*$BC$23 -> 0 | BQ28: =IFERROR(M28*$Z28*$AA28/M$21,0) -> 0 | BR28: =IFERROR(N28*$Z28*$AA28/N$21,0) -> 0 | BS28: =IFERROR(O28*$Z28*$AA28/O$21,0) -> 0 | BT28: =IFERROR(BQ28/W28,0) -> 0 | BU28: =IFERROR(BR28/X28,0) -> 0 | BV28: =IFERROR(BS28/Y28,0) -> 0
C29: =+IF(OFFSET(Processes!B10,$D$11,0)="*","*",OFFSET(Processes!D10,$D$11,0)) -> AGRPHBWPEE1 | D29: =+OFFSET(Processes!E10,$D$11,0) -> Agriculture Heat Medium Temp. Boiler - Wood Pellets Existing 1 | E29: =+Processes!O10 -> AGRWPE | F29: =Commodities!$D$6 -> AGDPH | G29: =AN29/($Z29*$AA29)*G$21*W29 -> 288.57348 | H29: =AO29/($Z29*$AA29)*H$21*X29 -> 0 | I29: =AP29/($Z29*$AA29)*I$21*Y29 -> 0 | J29: =BA29/($Z29*$AA29)*J$21*W29 -> 0 | K29: =BB29/($Z29*$AA29)*K$21*X29 -> 0 | L29: =BC29/($Z29*$AA29)*L$21*Y29 -> 0 | M29: =BN29/($Z29*$AA29)*M$21*W29 -> 226.33954 | N29: =BO29/($Z29*$AA29)*N$21*X29 -> 0 | O29: =BP29/($Z29*$AA29)*O$21*Y29 -> 0 | P29: =M29 -> 226.33954 | Q29: =N29 -> 0 | R29: =O29 -> 0 | S29: =IF($AB29=20,0,M29/5)*IF(M29=0,0,1) -> 0 | T29: =IF($AB29=20,0,N29/5)*IF(N29=0,0,1) -> 0 | U29: =IF($AB29=20,0,O29/5)*IF(O29=0,0,1) -> 0 | V29: 5 | W29: =$K$146 -> 0.833 | X29: =$W$29 -> 0.833 | Y29: =$W$29 -> 0.833 | Z29: =3.6*8760/1000000 -> 0.031536 | AA29: =$AA$26 -> 0.5 | AB29: 20 | AC29: 0.5 | AD29: 0.5 | AE29: 5 | AG29: =((G29*Z29*AA29/W29)+(H29*Z29*AA29/X29))/$G$21 -> 5.457 | AH29: =((J29*Z29*AA29/W29)+(K29*Z29*AA29/X29))/$J$21 -> 0 | AI29: =((M29*AA29*Z29/W29)+(N29*Z29*AA29/X29))/$M$21 -> 4.242 | AJ29: Gasoline | AL29: WPE | AM29: =M77/1000 -> 5.457 | AN29: =AM29*$AN$23 -> 5.457 | AO29: =AM29*$AO$23 -> 0 | AP29: =AM29*$AP$23 -> 0 | AQ29: =IFERROR(G29*$Z29*$AA29/G$21,0) -> 4.545681 | AR29: =IFERROR(H29*$Z29*$AA29/H$21,0) -> 0 | AS29: =IFERROR(I29*$Z29*$AA29/I$21,0) -> 0 | AT29: =IFERROR(AQ29/W29,0) -> 5.457 | AU29: =IFERROR(AR29/X29,0) -> 0 | AV29: =IFERROR(AS29/Y29,0) -> 0 | AY29: WPE | AZ29: =M102/1000 -> 4.379 | BA29: =DE29*$AN$23 -> 0 | BB29: =DE29*$BB$23 -> 0 | BC29: =DE29*$BC$23 -> 0 | BD29: =IFERROR(J29*$Z29*AA29/J$21,0) -> 0 | BE29: =IFERROR(K29*$Z29*AA29/K$21,0) -> 0 | BF29: =IFERROR(L29*$Z29*AB29/L$21,0) -> 0 | BG29: =IFERROR(BD29/W29,0) -> 0 | BH29: =IFERROR(BE29/X29,0) -> 0 | BI29: =IFERROR(BF29/Y29,0) -> 0 | BL29: WPE | BM29: =M127/1000 -> 4.242 | BN29: =BM29*$AN$23 -> 4.242 | BO29: =BM29*$BB$23 -> 0 | BP29: =BM29*$BC$23 -> 0 | BQ29: =IFERROR(M29*$Z29*$AA29/M$21,0) -> 3.533586 | BR29: =IFERROR(N29*$Z29*$AA29/N$21,0) -> 0 | BS29: =IFERROR(O29*$Z29*$AA29/O$21,0) -> 0 | BT29: =IFERROR(BQ29/W29,0) -> 4.242 | BU29: =IFERROR(BR29/X29,0) -> 0 | BV29: =IFERROR(BS29/Y29,0) -> 0
E30: =+Processes!O11 -> AGRWCH | P30: =M30 -> 0 | Q30: =N30 -> 0 | R30: =O30 -> 0 | S30: =IF($AB30=20,0,M30/5)*IF(M30=0,0,1) -> 0 | T30: =IF($AB30=20,0,N30/5)*IF(N30=0,0,1) -> 0 | U30: =IF($AB30=20,0,O30/5)*IF(O30=0,0,1) -> 0 | V30: =IF(S30>0,0.001,"") | W30: =$K$146 -> 0.833 | X30: =$W$29 -> 0.833 | Y30: =$W$29 -> 0.833 | AC30: =1-AC29 -> 0.5 | AD30: =1-AD29 -> 0.5 | AE30: 5 | AG30: =((G30*Z30*AA30/W30)+(H30*Z30*AA30/X30))/$G$21 -> 0 | AH30: =((J30*Z30*AA30/W30)+(K30*Z30*AA30/X30))/$J$21 -> 0 | AI30: =((M30*AA30*Z30/W30)+(N30*Z30*AA30/X30))/$M$21 -> 0 | AJ30: LPG | AL30: WCH | AQ30: =IFERROR(G30*$Z30*$AA30/G$21,0) -> 0 | AR30: =IFERROR(H30*$Z30*$AA30/H$21,0) -> 0 | AS30: =IFERROR(I30*$Z30*$AA30/I$21,0) -> 0 | AY30: WCH | BD30: =IFERROR(J30*$Z30*AA30/J$21,0) -> 0 | BE30: =IFERROR(K30*$Z30*AA30/K$21,0) -> 0 | BF30: =IFERROR(L30*$Z30*AB30/L$21,0) -> 0 | BG30: =IFERROR(BD30/W30,0) -> 0 | BH30: =IFERROR(BE30/X30,0) -> 0 | BI30: =IFERROR(BF30/Y30,0) -> 0 | BL30: WCH | BQ30: =IFERROR(M30*$Z30*$AA30/M$21,0) -> 0 | BR30: =IFERROR(N30*$Z30*$AA30/N$21,0) -> 0 | BS30: =IFERROR(O30*$Z30*$AA30/O$21,0) -> 0 | BT30: =IFERROR(BQ30/W30,0) -> 0 | BU30: =IFERROR(BR30/X30,0) -> 0 | BV30: =IFERROR(BS30/Y30,0) -> 0
C31: =+IF(OFFSET(Processes!B12,$D$11,0)="*","*",OFFSET(Processes!D12,$D$11,0)) -> AGRPHBBGAE1 | D31: =+OFFSET(Processes!E12,$D$11,0) -> Agriculture Heat Medium Temp. Boiler - Biogas Existing 1 | E31: =+Processes!O12 -> AGRBGA | F31: =Commodities!$D$6 -> AGDPH | G31: =AN31/($Z31*$AA31)*G$21*W31 -> 752.86109 | H31: =AO31/($Z31*$AA31)*H$21*X31 -> 0 | I31: =AP31/($Z31*$AA31)*I$21*Y31 -> 0 | J31: =BA31/($Z31*$AA31)*J$21*W31 -> 0 | K31: =BB31/($Z31*$AA31)*K$21*X31 -> 0 | L31: =BC31/($Z31*$AA31)*L$21*Y31 -> 0 | M31: =BN31/($Z31*$AA31)*M$21*W31 -> 1502.997 | N31: =BO31/($Z31*$AA31)*N$21*X31 -> 0 | O31: =BP31/($Z31*$AA31)*O$21*Y31 -> 0 | P31: =M31 -> 1502.997 | Q31: =N31 -> 0 | R31: =O31 -> 0 | S31: =IF($AB31=20,0,M31/5)*IF(M31=0,0,1) -> 0 | T31: =IF($AB31=20,0,N31/5)*IF(N31=0,0,1) -> 0 | U31: =IF($AB31=20,0,O31/5)*IF(O31=0,0,1) -> 0 | V31: 5 | W31: =J146 -> 0.9996 | X31: =W31 -> 0.9996 | Y31: =X31 -> 0.9996 | Z31: =3.6*8760/1000000 -> 0.031536 | AA31: =$AA$26 -> 0.5 | AB31: 20 | AG31: =((G31*Z31*AA31/W31)+(H31*Z31*AA31/X31))/$G$21 -> 11.864 | AH31: =((J31*Z31*AA31/W31)+(K31*Z31*AA31/X31))/$J$21 -> 0 | AI31: =((M31*AA31*Z31/W31)+(N31*Z31*AA31/X31))/$M$21 -> 23.474 | AJ31: Manufactured gases | AL31: BGA | AM31: =K77/1000 -> 11.864 | AN31: =AM31*$AN$23 -> 11.864 | AO31: =AM31*$AO$23 -> 0 | AP31: =AM31*$AP$23 -> 0 | AQ31: =IFERROR(G31*$Z31*$AA31/G$21,0) -> 11.859254 | AR31: =IFERROR(H31*$Z31*$AA31/H$21,0) -> 0 | AS31: =IFERROR(I31*$Z31*$AA31/I$21,0) -> 0 | AT31: =IFERROR(AQ31/W31,0) -> 11.864 | AU31: =IFERROR(AR31/X31,0) -> 0 | AV31: =IFERROR(AS31/Y31,0) -> 0 | AY31: BGA | AZ31: =K102/1000 -> 22.744 | BA31: =DE31*$AN$23 -> 0 | BB31: =DE31*$BB$23 -> 0 | BC31: =DE31*$BC$23 -> 0 | BD31: =IFERROR(J31*$Z31*AA31/J$21,0) -> 0 | BE31: =IFERROR(K31*$Z31*AA31/K$21,0) -> 0 | BF31: =IFERROR(L31*$Z31*AB31/L$21,0) -> 0 | BG31: =IFERROR(BD31/W31,0) -> 0 | BH31: =IFERROR(BE31/X31,0) -> 0 | BI31: =IFERROR(BF31/Y31,0) -> 0 | BL31: BGA | BM31: =K127/1000 -> 23.474 | BN31: =BM31*$AN$23 -> 23.474 | BO31: =BM31*$BB$23 -> 0 | BP31: =BM31*$BC$23 -> 0 | BQ31: =IFERROR(M31*$Z31*$AA31/M$21,0) -> 23.46461 | BR31: =IFERROR(N31*$Z31*$AA31/N$21,0) -> 0 | BS31: =IFERROR(O31*$Z31*$AA31/O$21,0) -> 0 | BT31: =IFERROR(BQ31/W31,0) -> 23.474 | BU31: =IFERROR(BR31/X31,0) -> 0 | BV31: =IFERROR(BS31/Y31,0) -> 0
C32: =+IF(OFFSET(Processes!B13,$D$11,0)="*","*",OFFSET(Processes!D13,$D$11,0)) -> AGRPHBHFOE1 | D32: =+OFFSET(Processes!E13,$D$11,0) -> Agriculture Heat Medium Temp. Boiler - Heavy Fuel Oil Existing 1 | E32: =+Processes!O13 -> AGRHFO | F32: =Commodities!$D$6 -> AGDPH | G32: =AN32/($Z32*$AA32)*G$21*W32 -> 0 | H32: =AO32/($Z32*$AA32)*H$21*X32 -> 0 | I32: =AP32/($Z32*$AA32)*I$21*Y32 -> 0 | J32: =BA32/($Z32*$AA32)*J$21*W32 -> 0 | K32: =BB32/($Z32*$AA32)*K$21*X32 -> 0 | L32: =BC32/($Z32*$AA32)*L$21*Y32 -> 0 | M32: =BN32/($Z32*$AA32)*M$21*W32 -> 0 | N32: =BO32/($Z32*$AA32)*N$21*X32 -> 0 | O32: =BP32/($Z32*$AA32)*O$21*Y32 -> 0 | P32: =M32 -> 0 | Q32: =N32 -> 0 | R32: =O32 -> 0 | S32: =IF($AB32=20,0,M32/5)*IF(M32=0,0,1) -> 0 | T32: =IF($AB32=20,0,N32/5)*IF(N32=0,0,1) -> 0 | U32: =IF($AB32=20,0,O32/5)*IF(O32=0,0,1) -> 0 | V32: 5 | W32: =E146 -> 0.931 | X32: =W32 -> 0.931 | Y32: =X32 -> 0.931 | Z32: =3.6*8760/1000000 -> 0.031536 | AA32: =$AA$26 -> 0.5 | AB32: 20 | AG32: =((G32*Z32*AA32/W32)+(H32*Z32*AA32/X32))/$G$21 -> 0 | AH32: =((J32*Z32*AA32/W32)+(K32*Z32*AA32/X32))/$J$21 -> 0 | AI32: =((M32*AA32*Z32/W32)+(N32*Z32*AA32/X32))/$M$21 -> 0 | AJ32: Natural gas | AL32: HFO | AM32: =E77/1000 -> 0 | AN32: =AM32*$AN$23 -> 0 | AO32: =AM32*$AO$23 -> 0 | AP32: =AM32*$AP$23 -> 0 | AQ32: =IFERROR(G32*$Z32*$AA32/G$21,0) -> 0 | AR32: =IFERROR(H32*$Z32*$AA32/H$21,0) -> 0 | AS32: =IFERROR(I32*$Z32*$AA32/I$21,0) -> 0 | AT32: =IFERROR(AQ32/W32,0) -> 0 | AU32: =IFERROR(AR32/X32,0) -> 0 | AV32: =IFERROR(AS32/Y32,0) -> 0 | AY32: HFO | AZ32: =E102/1000 -> 0 | BA32: =DE32*$AN$23 -> 0 | BB32: =DE32*$BB$23 -> 0 | BC32: =DE32*$BC$23 -> 0 | BD32: =IFERROR(J32*$Z32*AA32/J$21,0) -> 0 | BE32: =IFERROR(K32*$Z32*AA32/K$21,0) -> 0 | BF32: =IFERROR(L32*$Z32*AA32/L$21,0) -> 0 | BG32: =IFERROR(BD32/W32,0) -> 0 | BH32: =IFERROR(BE32/X32,0) -> 0 | BI32: =IFERROR(BF32/Y32,0) -> 0 | BL32: HFO | BM32: =E127/1000 -> 0 | BN32: =BM32*$AN$23 -> 0 | BO32: =BM32*$BB$23 -> 0 | BP32: =BM32*$BC$23 -> 0 | BQ32: =IFERROR(M32*$Z32*$AA32/M$21,0) -> 0 | BR32: =IFERROR(N32*$Z32*$AA32/N$21,0) -> 0 | BS32: =IFERROR(O32*$Z32*$AA32/O$21,0) -> 0 | BT32: =IFERROR(BQ32/W32,0) -> 0 | BU32: =IFERROR(BR32/X32,0) -> 0 | BV32: =IFERROR(BS32/Y32,0) -> 0
C33: =+IF(OFFSET(Processes!B14,$D$11,0)="*","*",OFFSET(Processes!D14,$D$11,0)) -> AGRPHBLPGE1 | D33: =+OFFSET(Processes!E14,$D$11,0) -> Agriculture Heat Medium Temp. Boiler - Liquified Petroleum Gas Existing 1 | E33: =+Processes!O14 -> AGRLPG | F33: =Commodities!$D$6 -> AGDPH | G33: =AN33/($Z33*$AA33)*G$21*W33 -> 0 | H33: =AO33/($Z33*$AA33)*H$21*X33 -> 0 | I33: =AP33/($Z33*$AA33)*I$21*Y33 -> 0 | J33: =BA33/($Z33*$AA33)*J$21*W33 -> 0 | K33: =BB33/($Z33*$AA33)*K$21*X33 -> 0 | L33: =BC33/($Z33*$AA33)*L$21*Y33 -> 0 | M33: =BN33/($Z33*$AA33)*M$21*W33 -> 141.34488 | N33: =BO33/($Z33*$AA33)*N$21*X33 -> 0 | O33: =BP33/($Z33*$AA33)*O$21*Y33 -> 0 | P33: =M33 -> 141.34488 | Q33: =N33 -> 0 | R33: =O33 -> 0 | S33: =IF($AB33=20,0,M33/5)*IF(M33=0,0,1) -> 0 | T33: =IF($AB33=20,0,N33/5)*IF(N33=0,0,1) -> 0 | U33: =IF($AB33=20,0,O33/5)*IF(O33=0,0,1) -> 0 | V33: 5 | W33: =H146 -> 0.9996 | X33: =W33 -> 0.9996 | Y33: =X33 -> 0.9996 | Z33: =3.6*8760/1000000 -> 0.031536 | AA33: =$AA$26 -> 0.5 | AB33: 20 | AG33: =((G33*Z33*AA33/W33)+(H33*Z33*AA33/X33))/$G$21 -> 0 | AH33: =((J33*Z33*AA33/W33)+(K33*Z33*AA33/X33))/$J$21 -> 0 | AI33: =((M33*AA33*Z33/W33)+(N33*Z33*AA33/X33))/$M$21 -> 2.2075425 | AJ33: Biogas | AL33: LPG | AM33: =H77/1000 -> 0 | AN33: =AM33*$AN$23 -> 0 | AO33: =AM33*$AO$23 -> 0 | AP33: =AM33*$AP$23 -> 0 | AQ33: =IFERROR(G33*$Z33*$AA33/G$21,0) -> 0 | AR33: =IFERROR(H33*$Z33*$AA33/H$21,0) -> 0 | AS33: =IFERROR(I33*$Z33*$AA33/I$21,0) -> 0 | AT33: =IFERROR(AQ33/W33,0) -> 0 | AU33: =IFERROR(AR33/X33,0) -> 0 | AV33: =IFERROR(AS33/Y33,0) -> 0 | AY33: LPG | AZ33: =H102/1000 -> 0 | BA33: =DE33*$AN$23 -> 0 | BB33: =DE33*$BB$23 -> 0 | BC33: =DE33*$BC$23 -> 0 | BD33: =IFERROR(J33*$Z33*AA33/J$21,0) -> 0 | BE33: =IFERROR(K33*$Z33*AA33/K$21,0) -> 0 | BF33: =IFERROR(L33*$Z33*AA33/L$21,0) -> 0 | BG33: =IFERROR(BD33/W33,0) -> 0 | BH33: =IFERROR(BE33/X33,0) -> 0 | BI33: =IFERROR(BF33/Y33,0) -> 0 | BL33: LPG | BM33: =H127/1000 -> 2.2075425 | BN33: =BM33*$AN$23 -> 2.2075425 | BO33: =BM33*$BB$23 -> 0 | BP33: =BM33*$BC$23 -> 0 | BQ33: =IFERROR(M33*$Z33*$AA33/M$21,0) -> 2.2066595 | BR33: =IFERROR(N33*$Z33*$AA33/N$21,0) -> 0 | BS33: =IFERROR(O33*$Z33*$AA33/O$21,0) -> 0 | BT33: =IFERROR(BQ33/W33,0) -> 2.2075425 | BU33: =IFERROR(BR33/X33,0) -> 0 | BV33: =IFERROR(BS33/Y33,0) -> 0
C34: =+IF(OFFSET(Processes!B15,$D$11,0)="*","*",OFFSET(Processes!D15,$D$11,0)) -> AGRPHBWSTE1 | D34: =+OFFSET(Processes!E15,$D$11,0) -> Agriculture Heat Medium Temp. Boiler - Waste Existing 1 | E34: =+Processes!O15 -> AGRWST | F34: =Commodities!$D$6 -> AGDPH | G34: =AN34/($Z34*$AA34)*G$21*W34 -> 0 | H34: =AO34/($Z34*$AA34)*H$21*X34 -> 0 | I34: =AP34/($Z34*$AA34)*I$21*Y34 -> 0 | J34: =BA34/($Z34*$AA34)*J$21*W34 -> 0 | K34: =BB34/($Z34*$AA34)*K$21*X34 -> 0 | L34: =BC34/($Z34*$AA34)*L$21*Y34 -> 0 | M34: =BN34/($Z34*$AA34)*M$21*W34 -> 0 | N34: =BO34/($Z34*$AA34)*N$21*X34 -> 0 | O34: =BP34/($Z34*$AA34)*O$21*Y34 -> 0 | P34: =M34 -> 0 | Q34: =N34 -> 0 | R34: =O34 -> 0 | S34: =IF($AB34=20,0,M34/5)*IF(M34=0,0,1) -> 0 | T34: =IF($AB34=20,0,N34/5)*IF(N34=0,0,1) -> 0 | U34: =IF($AB34=20,0,O34/5)*IF(O34=0,0,1) -> 0 | V34: 5 | W34: =L146 -> 0.931 | X34: =W34 -> 0.931 | Y34: =X34 -> 0.931 | Z34: =3.6*8760/1000000 -> 0.031536 | AA34: =$AA$26 -> 0.5 | AB34: 20 | AG34: =((G34*Z34*AA34/W34)+(H34*Z34*AA34/X34))/$G$21 -> 0 | AH34: =((J34*Z34*AA34/W34)+(K34*Z34*AA34/X34))/$J$21 -> 0 | AI34: =((M34*AA34*Z34/W34)+(N34*Z34*AA34/X34))/$M$21 -> 0 | AJ34: Biodiesel | AL34: WST | AM34: =$N77/1000 -> 0 | AN34: =AM34*$AN$23 -> 0 | AO34: =AM34*$AO$23 -> 0 | AP34: =AM34*$AP$23 -> 0 | AQ34: =IFERROR(G34*$Z34*$AA34/G$21,0) -> 0 | AR34: =IFERROR(H34*$Z34*$AA34/H$21,0) -> 0 | AS34: =IFERROR(I34*$Z34*$AA34/I$21,0) -> 0 | AT34: =IFERROR(AQ34/W34,0) -> 0 | AU34: =IFERROR(AR34/X34,0) -> 0 | AV34: =IFERROR(AS34/Y34,0) -> 0 | AY34: WST | AZ34: =$N102/1000 -> 0 | BA34: =DE34*$AN$23 -> 0 | BB34: =DE34*$BB$23 -> 0 | BC34: =DE34*$BC$23 -> 0 | BD34: =IFERROR(J34*$Z34*AA34/J$21,0) -> 0 | BE34: =IFERROR(K34*$Z34*AA34/K$21,0) -> 0 | BF34: =IFERROR(L34*$Z34*AB34/L$21,0) -> 0 | BG34: =IFERROR(BD34/W34,0) -> 0 | BH34: =IFERROR(BE34/X34,0) -> 0 | BI34: =IFERROR(BF34/Y34,0) -> 0 | BL34: WST | BM34: =$N127/1000 -> 0 | BN34: =BM34*$AN$23 -> 0 | BO34: =BM34*$BB$23 -> 0 | BP34: =BM34*$BC$23 -> 0 | BQ34: =IFERROR(M34*$Z34*$AA34/M$21,0) -> 0 | BR34: =IFERROR(N34*$Z34*$AA34/N$21,0) -> 0 | BS34: =IFERROR(O34*$Z34*$AA34/O$21,0) -> 0 | BT34: =IFERROR(BQ34/W34,0) -> 0 | BU34: =IFERROR(BR34/X34,0) -> 0 | BV34: =IFERROR(BS34/Y34,0) -> 0
C35: =+IF(OFFSET(Processes!B16,$D$11,0)="*","*",OFFSET(Processes!D16,$D$11,0)) -> AGRPHBHETE1 | D35: =+OFFSET(Processes!E16,$D$11,0) -> Agriculture Heat Medium Temp. Boiler - Dist. Heat Existing 1 | E35: =+Processes!O16 -> AGRHCE | F35: =Commodities!$D$6 -> AGDPH | G35: =AN35/($Z35*$AA35)*G$21*W35 -> 0 | H35: =AO35/($Z35*$AA35)*H$21*X35 -> 0 | I35: =AP35/($Z35*$AA35)*I$21*Y35 -> 0 | J35: =BA35/($Z35*$AA35)*J$21*W35 -> 0 | K35: =BB35/($Z35*$AA35)*K$21*X35 -> 0 | L35: =BC35/($Z35*$AA35)*L$21*Y35 -> 0 | M35: =BN35/($Z35*$AA35)*M$21*W35 -> 0 | N35: =BO35/($Z35*$AA35)*N$21*X35 -> 0 | O35: =BP35/($Z35*$AA35)*O$21*Y35 -> 0 | P35: =M35 -> 0 | Q35: =N35 -> 0 | R35: =O35 -> 0 | S35: =IF($AB35=20,0,M35/5)*IF(M35=0,0,1) -> 0 | T35: =IF($AB35=20,0,N35/5)*IF(N35=0,0,1) -> 0 | U35: =IF($AB35=20,0,O35/5)*IF(O35=0,0,1) -> 0 | V35: 5 | W35: =$N$146 -> 0.9408 | X35: =$W$35 -> 0.9408 | Y35: =$W$35 -> 0.9408 | Z35: =3.6*8760/1000000 -> 0.031536 | AA35: =$AA$26 -> 0.5 | AB35: 20 | AC35: 0.4 | AD35: 0.4 | AE35: 5 | AG35: =((G35*Z35*AA35/W35)+(H35*Z35*AA35/X35))/$G$21 -> 0 | AH35: =((J35*Z35*AA35/W35)+(K35*Z35*AA35/X35))/$J$21 -> 0 | AI35: =((M35*AA35*Z35/W35)+(N35*Z35*AA35/X35))/$M$21 -> 0 | AJ35: Biomass | AL35: HCE | AM35: =P77/1000 -> 0 | AN35: =AM35*$AN$23 -> 0 | AO35: =AM35*$AO$23 -> 0 | AP35: =AM35*$AP$23 -> 0 | AQ35: =IFERROR(G35*$Z35*$AA35/G$21,0) -> 0 | AR35: =IFERROR(H35*$Z35*$AA35/H$21,0) -> 0 | AS35: =IFERROR(I35*$Z35*$AA35/I$21,0) -> 0 | AT35: =AN35-AQ35 -> 0 | AU35: =AO35-AR35 -> 0 | AV35: =AP35-AS35 -> 0 | AY35: HCE | AZ35: =P102/1000 -> 0 | BA35: =DE35*$AN$23 -> 0 | BB35: =DE35*$BB$23 -> 0 | BC35: =DE35*$BC$23 -> 0 | BD35: =IFERROR(J35*$Z35*AA35/J$21,0) -> 0 | BE35: =IFERROR(K35*$Z35*AA35/K$21,0) -> 0 | BF35: =IFERROR(L35*$Z35*AB35/L$21,0) -> 0 | BG35: =IFERROR(BD35/W35,0) -> 0 | BH35: =IFERROR(BE35/X35,0) -> 0 | BI35: =IFERROR(BF35/Y35,0) -> 0 | BL35: HCE | BM35: =P127/1000 -> 0 | BN35: =BM35*$AN$23 -> 0 | BO35: =BM35*$BB$23 -> 0 | BP35: =BM35*$BC$23 -> 0 | BQ35: =IFERROR(M35*$Z35*$AA35/M$21,0) -> 0 | BR35: =IFERROR(N35*$Z35*$AA35/N$21,0) -> 0 | BS35: =IFERROR(O35*$Z35*$AA35/O$21,0) -> 0 | BT35: =IFERROR(BQ35/W35,0) -> 0 | BU35: =IFERROR(BR35/X35,0) -> 0 | BV35: =IFERROR(BS35/Y35,0) -> 0
E36: =+Processes!O17 -> AGRHDE | P36: =M36 -> 0 | Q36: =N36 -> 0 | R36: =O36 -> 0 | S36: =IF($AB36=20,0,M36/5)*IF(M36=0,0,1) -> 0 | T36: =IF($AB36=20,0,N36/5)*IF(N36=0,0,1) -> 0 | U36: =IF($AB36=20,0,O36/5)*IF(O36=0,0,1) -> 0 | V36: =IF(S36>0,0.001,"") | W36: =$N$146 -> 0.9408 | X36: =$W$35 -> 0.9408 | Y36: =$W$35 -> 0.9408 | AC36: 0.6 | AD36: 0.6 | AE36: 5 | AG36: =((G36*Z36*AA36/W36)+(H36*Z36*AA36/X36))/$G$21 -> 0 | AH36: =((J36*Z36*AA36/W36)+(K36*Z36*AA36/X36))/$J$21 -> 0 | AI36: =((M36*AA36*Z36/W36)+(N36*Z36*AA36/X36))/$M$21 -> 0 | AJ36: Waste | AL36: HDE | AN36: =AM36*$AN$23 -> 0 | AO36: =AM36*$AO$23 -> 0 | AP36: =AM36*$AP$23 -> 0 | AQ36: =IFERROR(G36*$Z36*$AA36/G$21,0) -> 0 | AR36: =IFERROR(H36*$Z36*$AA36/H$21,0) -> 0 | AS36: =IFERROR(I36*$Z36*$AA36/I$21,0) -> 0 | AY36: HDE | BB36: =DE36*$BB$23 -> 0 | BC36: =DE36*$BC$23 -> 0 | BD36: =IFERROR(J36*$Z36*AA36/J$21,0) -> 0 | BE36: =IFERROR(K36*$Z36*AA36/K$21,0) -> 0 | BF36: =IFERROR(L36*$Z36*AB36/L$21,0) -> 0 | BL36: HDE | BO36: =BM36*$BB$23 -> 0 | BP36: =BM36*$BC$23 -> 0 | BQ36: =IFERROR(M36*$Z36*$AA36/M$21,0) -> 0 | BR36: =IFERROR(N36*$Z36*$AA36/N$21,0) -> 0 | BS36: =IFERROR(O36*$Z36*$AA36/O$21,0) -> 0
C37: =+IF(OFFSET(Processes!B18,$D$11,0)="*","*",OFFSET(Processes!D18,$D$11,0)) -> AGRPHBELCE1 | D37: =+OFFSET(Processes!E18,$D$11,0) -> Agriculture Heat Medium Temp. Boiler - Electricity Existing 1 | E37: =+Processes!O18 -> AGRELC | F37: =Commodities!$D$6 -> AGDPH | G37: =AN37/($Z37*$AA37)*G$21*W37 -> 0 | H37: =AO37/($Z37*$AA37)*H$21*X37 -> 0 | I37: =AP37/($Z37*$AA37)*I$21*Y37 -> 0 | J37: =BA37/($Z37*$AA37)*J$21*W37 -> 0 | K37: =BB37/($Z37*$AA37)*K$21*X37 -> 0 | L37: =BC37/($Z37*$AA37)*L$21*Y37 -> 0 | M37: =BN37/($Z37*$AA37)*M$21*W37 -> 0 | N37: =BO37/($Z37*$AA37)*N$21*X37 -> 0 | O37: =BP37/($Z37*$AA37)*O$21*Y37 -> 0 | P37: =M37 -> 0 | Q37: =N37 -> 0 | R37: =O37 -> 0 | S37: =IF($AB37=20,0,M37/5)*IF(M37=0,0,1) -> 0 | T37: =IF($AB37=20,0,N37/5)*IF(N37=0,0,1) -> 0 | U37: =IF($AB37=20,0,O37/5)*IF(O37=0,0,1) -> 0 | V37: 5 | W37: =M146 -> 0.931 | X37: =W37 -> 0.931 | Y37: =X37 -> 0.931 | Z37: =3.6*8760/1000000 -> 0.031536 | AA37: =$AA$26 -> 0.5 | AB37: 20 | AG37: =((G37*Z37*AA37/W37)+(H37*Z37*AA37/X37))/$G$21 -> 0 | AH37: =((J37*Z37*AA37/W37)+(K37*Z37*AA37/X37))/$J$21 -> 0 | AI37: =((M37*AA37*Z37/W37)+(N37*Z37*AA37/X37))/$M$21 -> 0 | AJ37: Electricity | AL37: ELC | AM37: =O77/1000 -> 0 | AN37: =AM37*$AN$23 -> 0 | AO37: =AM37*$AO$23 -> 0 | AP37: =AM37*$AP$23 -> 0 | AQ37: =IFERROR(G37*$Z37*$AA37/G$21,0) -> 0 | AR37: =IFERROR(H37*$Z37*$AA37/H$21,0) -> 0 | AS37: =IFERROR(I37*$Z37*$AA37/I$21,0) -> 0 | AT37: =IFERROR(AQ37/W37,0) -> 0 | AU37: =IFERROR(AR37/X37,0) -> 0 | AV37: =IFERROR(AS37/Y37,0) -> 0 | AY37: ELC | AZ37: =O102/1000 -> 0 | BA37: =DE37*$AN$23 -> 0 | BB37: =DE37*$BB$23 -> 0 | BC37: =DE37*$BC$23 -> 0 | BD37: =IFERROR(J37*$Z37*AA37/J$21,0) -> 0 | BE37: =IFERROR(K37*$Z37*AA37/K$21,0) -> 0 | BF37: =IFERROR(L37*$Z37*AA37/L$21,0) -> 0 | BG37: =IFERROR(BD37/W37,0) -> 0 | BH37: =IFERROR(BE37/X37,0) -> 0 | BI37: =IFERROR(BF37/Y37,0) -> 0 | BL37: ELC | BM37: =O127/1000 -> 0 | BN37: =BM37*$AN$23 -> 0 | BO37: =BM37*$BB$23 -> 0 | BP37: =BM37*$BC$23 -> 0 | BQ37: =IFERROR(M37*$Z37*$AA37/M$21,0) -> 0 | BR37: =IFERROR(N37*$Z37*$AA37/N$21,0) -> 0 | BS37: =IFERROR(O37*$Z37*$AA37/O$21,0) -> 0 | BT37: =IFERROR(BQ37/W37,0) -> 0 | BU37: =IFERROR(BR37/X37,0) -> 0 | BV37: =IFERROR(BS37/Y37,0) -> 0
C38: =+IF(OFFSET(Processes!B19,$D$11,0)="*","*",OFFSET(Processes!D19,$D$11,0)) -> AGRCOBNGAE1 | D38: =+OFFSET(Processes!E19,$D$11,0) -> Agriculture Heat High Temp. Boiler - Nat. Gas Existing 1 | E38: =+Processes!O19 -> AGRSNG1,AGRSNG2,AGRNGA | F38: =Commodities!$D$7 -> AGDCO | G38: =AN38/($Z38*$AA38)*G$21*W38 -> 0 | H38: =AO38/($Z38*$AA38)*H$21*X38 -> 0 | I38: =AP38/($Z38*$AA38)*I$21*Y38 -> 0 | J38: =BA38/($Z38*$AA38)*J$21*W38 -> 0 | K38: =BB38/($Z38*$AA38)*K$21*X38 -> 0 | L38: =BC38/($Z38*$AA38)*L$21*Y38 -> 0 | M38: =BN38/($Z38*$AA38)*M$21*W38 -> 0 | N38: =BO38/($Z38*$AA38)*N$21*X38 -> 0 | O38: =BP38/($Z38*$AA38)*O$21*Y38 -> 0 | P38: =M38 -> 0 | Q38: =N38 -> 0 | R38: =O38 -> 0 | S38: =IF($AB38=20,0,M38/5)*IF(M38=0,0,1) -> 0 | T38: =IF($AB38=20,0,N38/5)*IF(N38=0,0,1) -> 0 | U38: =IF($AB38=20,0,O38/5)*IF(O38=0,0,1) -> 0 | V38: 5 | W38: =I147 -> 0.979608 | X38: =W38 -> 0.979608 | Y38: =X38 -> 0.979608 | Z38: =3.6*8760/1000000 -> 0.031536 | AA38: =$AA$26 -> 0.5 | AB38: 20 | AG38: =((G38*Z38*AA38/W38)+(H38*Z38*AA38/X38))/$G$21 -> 0 | AH38: =((J38*Z38*AA38/W38)+(K38*Z38*AA38/X38))/$J$21 -> 0 | AI38: =((M38*AA38*Z38/W38)+(N38*Z38*AA38/X38))/$M$21 -> 0 | AJ38: District Heating | AK38: =F38 -> AGDCO | AL38: NGA | AM38: =(J78+I78)/1000 -> 0 | AN38: =AM38*$AN$23 -> 0 | AO38: =AM38*$AO$23 -> 0 | AP38: =AM38*$AP$23 -> 0 | AQ38: =IFERROR(G38*$Z38*$AA38/G$21,0) -> 0 | AR38: =IFERROR(H38*$Z38*$AA38/H$21,0) -> 0 | AS38: =IFERROR(I38*$Z38*$AA38/I$21,0) -> 0 | AT38: =IFERROR(AQ38/W38,0) -> 0 | AU38: =IFERROR(AR38/X38,0) -> 0 | AV38: =IFERROR(AS38/Y38,0) -> 0 | AX38: =AK38 -> AGDCO | AY38: NGA | AZ38: =(I103+J103)/1000 -> 0 | BA38: =DE38*$AN$23 -> 0 | BB38: =DE38*$BB$23 -> 0 | BC38: =DE38*$BC$23 -> 0 | BD38: =IFERROR(J38*$Z38*AA38/J$21,0) -> 0 | BE38: =IFERROR(K38*$Z38*AA38/K$21,0) -> 0 | BF38: =IFERROR(L38*$Z38*AB38/L$21,0) -> 0 | BG38: =IFERROR(BD38/W38,0) -> 0 | BH38: =IFERROR(BE38/X38,0) -> 0 | BI38: =IFERROR(BF38/Y38,0) -> 0 | BK38: =AK38 -> AGDCO | BL38: NGA | BM38: =(J128+I128)/1000 -> 0 | BN38: =BM38*$AN$23 -> 0 | BO38: =BM38*$BB$23 -> 0 | BP38: =BM38*$BC$23 -> 0 | BQ38: =IFERROR(M38*$Z38*$AA38/M$21,0) -> 0 | BR38: =IFERROR(N38*$Z38*$AA38/N$21,0) -> 0 | BS38: =IFERROR(O38*$Z38*$AA38/O$21,0) -> 0 | BT38: =IFERROR(BQ38/W38,0) -> 0 | BU38: =IFERROR(BR38/X38,0) -> 0 | BV38: =IFERROR(BS38/Y38,0) -> 0
C39: =+IF(OFFSET(Processes!B20,$D$11,0)="*","*",OFFSET(Processes!D20,$D$11,0)) -> AGRCOBCOAE1 | D39: =+OFFSET(Processes!E20,$D$11,0) -> Agriculture Heat High Temp. Boiler - Coal Existing 1 | E39: =+Processes!O20 -> AGRCOA | F39: =Commodities!$D$7 -> AGDCO | G39: =AN39/($Z39*$AA39)*G$21*W39 -> 0 | H39: =AO39/($Z39*$AA39)*H$21*X39 -> 0 | I39: =AP39/($Z39*$AA39)*I$21*Y39 -> 0 | J39: =BA39/($Z39*$AA39)*J$21*W39 -> 0 | K39: =BB39/($Z39*$AA39)*K$21*X39 -> 0 | L39: =BC39/($Z39*$AA39)*L$21*Y39 -> 0 | M39: =BN39/($Z39*$AA39)*M$21*W39 -> 0 | N39: =BO39/($Z39*$AA39)*N$21*X39 -> 0 | O39: =BP39/($Z39*$AA39)*O$21*Y39 -> 0 | P39: =M39 -> 0 | Q39: =N39 -> 0 | R39: =O39 -> 0 | S39: =IF($AB39=20,0,M39/5)*IF(M39=0,0,1) -> 0 | T39: =IF($AB39=20,0,N39/5)*IF(N39=0,0,1) -> 0 | U39: =IF($AB39=20,0,O39/5)*IF(O39=0,0,1) -> 0 | V39: 5 | W39: =D147 -> 0.91238 | X39: =W39 -> 0.91238 | Y39: =X39 -> 0.91238 | Z39: =3.6*8760/1000000 -> 0.031536 | AA39: =$AA$26 -> 0.5 | AB39: 20 | AG39: =((G39*Z39*AA39/W39)+(H39*Z39*AA39/X39))/$G$21 -> 0 | AH39: =((J39*Z39*AA39/W39)+(K39*Z39*AA39/X39))/$J$21 -> 0 | AI39: =((M39*AA39*Z39/W39)+(N39*Z39*AA39/X39))/$M$21 -> 0 | AL39: COA | AM39: =D78/1000 -> 0 | AN39: =AM39*$AN$23 -> 0 | AO39: =AM39*$AO$23 -> 0 | AP39: =AM39*$AP$23 -> 0 | AQ39: =IFERROR(G39*$Z39*$AA39/G$21,0) -> 0 | AR39: =IFERROR(H39*$Z39*$AA39/H$21,0) -> 0 | AS39: =IFERROR(I39*$Z39*$AA39/I$21,0) -> 0 | AT39: =IFERROR(AQ39/W39,0) -> 0 | AU39: =IFERROR(AR39/X39,0) -> 0 | AV39: =IFERROR(AS39/Y39,0) -> 0 | AY39: COA | AZ39: =D103/1000 -> 0 | BA39: =DE39*$AN$23 -> 0 | BB39: =DE39*$BB$23 -> 0 | BC39: =DE39*$BC$23 -> 0 | BD39: =IFERROR(J39*$Z39*AA39/J$21,0) -> 0 | BE39: =IFERROR(K39*$Z39*AA39/K$21,0) -> 0 | BF39: =IFERROR(L39*$Z39*AB39/L$21,0) -> 0 | BG39: =IFERROR(BD39/W39,0) -> 0 | BH39: =IFERROR(BE39/X39,0) -> 0 | BI39: =IFERROR(BF39/Y39,0) -> 0 | BL39: COA | BM39: =D128/1000 -> 0 | BN39: =BM39*$AN$23 -> 0 | BO39: =BM39*$BB$23 -> 0 | BP39: =BM39*$BC$23 -> 0 | BQ39: =IFERROR(M39*$Z39*$AA39/M$21,0) -> 0 | BR39: =IFERROR(N39*$Z39*$AA39/N$21,0) -> 0 | BS39: =IFERROR(O39*$Z39*$AA39/O$21,0) -> 0 | BT39: =IFERROR(BQ39/W39,0) -> 0 | BU39: =IFERROR(BR39/X39,0) -> 0 | BV39: =IFERROR(BS39/Y39,0) -> 0
C40: =+IF(OFFSET(Processes!B21,$D$11,0)="*","*",OFFSET(Processes!D21,$D$11,0)) -> AGRCOBDSLE1 | D40: =+OFFSET(Processes!E21,$D$11,0) -> Agriculture Heat High Temp. Boiler - Diesel Existing 1 | E40: =+Processes!O21 -> AGRDSB1,AGRDSB2,AGRDSL | F40: =Commodities!$D$7 -> AGDCO | G40: =AN40/($Z40*$AA40)*G$21*W40 -> 0 | H40: =AO40/($Z40*$AA40)*H$21*X40 -> 0 | I40: =AP40/($Z40*$AA40)*I$21*Y40 -> 0 | J40: =BA40/($Z40*$AA40)*J$21*W40 -> 0 | K40: =BB40/($Z40*$AA40)*K$21*X40 -> 0 | L40: =BC40/($Z40*$AA40)*L$21*Y40 -> 0 | M40: =BN40/($Z40*$AA40)*M$21*W40 -> 0 | N40: =BO40/($Z40*$AA40)*N$21*X40 -> 0 | O40: =BP40/($Z40*$AA40)*O$21*Y40 -> 0 | P40: =M40 -> 0 | Q40: =N40 -> 0 | R40: =O40 -> 0 | S40: =IF($AB40=20,0,M40/5)*IF(M40=0,0,1) -> 0 | T40: =IF($AB40=20,0,N40/5)*IF(N40=0,0,1) -> 0 | U40: =IF($AB40=20,0,O40/5)*IF(O40=0,0,1) -> 0 | V40: 5 | W40: =F147 -> 0.921984 | X40: =W40 -> 0.921984 | Y40: =X40 -> 0.921984 | Z40: =3.6*8760/1000000 -> 0.031536 | AA40: =$AA$26 -> 0.5 | AB40: 20 | AG40: =((G40*Z40*AA40/W40)+(H40*Z40*AA40/X40))/$G$21 -> 0 | AH40: =((J40*Z40*AA40/W40)+(K40*Z40*AA40/X40))/$J$21 -> 0 | AI40: =((M40*AA40*Z40/W40)+(N40*Z40*AA40/X40))/$M$21 -> 0 | AL40: DSL | AM40: =(F78+L78)/1000 -> 0 | AN40: =AM40*$AN$23 -> 0 | AO40: =AM40*$AO$23 -> 0 | AP40: =AM40*$AP$23 -> 0 | AQ40: =IFERROR(G40*$Z40*$AA40/G$21,0) -> 0 | AR40: =IFERROR(H40*$Z40*$AA40/H$21,0) -> 0 | AS40: =IFERROR(I40*$Z40*$AA40/I$21,0) -> 0 | AT40: =IFERROR(AQ40/W40,0) -> 0 | AU40: =IFERROR(AR40/X40,0) -> 0 | AV40: =IFERROR(AS40/Y40,0) -> 0 | AY40: DSL | AZ40: =(F103+L103)/1000 -> 0 | BA40: =AZ40*$AN$23 -> 0 | BB40: =AZ40*$BB$23 -> 0 | BC40: =AZ40*$BC$23 -> 0 | BD40: =IFERROR(J40*$Z40*AA40/J$21,0) -> 0 | BE40: =IFERROR(K40*$Z40*AA40/K$21,0) -> 0 | BF40: =IFERROR(L40*$Z40*AB40/L$21,0) -> 0 | BG40: =IFERROR(BD40/W40,0) -> 0 | BH40: =IFERROR(BE40/X40,0) -> 0 | BI40: =IFERROR(BF40/Y40,0) -> 0 | BL40: DSL | BM40: =(F128+L128)/1000 -> 0 | BN40: =BM40*$AN$23 -> 0 | BO40: =BM40*$BB$23 -> 0 | BP40: =BM40*$BC$23 -> 0 | BQ40: =IFERROR(M40*$Z40*$AA40/M$21,0) -> 0 | BR40: =IFERROR(N40*$Z40*$AA40/N$21,0) -> 0 | BS40: =IFERROR(O40*$Z40*$AA40/O$21,0) -> 0 | BT40: =IFERROR(BQ40/W40,0) -> 0 | BU40: =IFERROR(BR40/X40,0) -> 0 | BV40: =IFERROR(BS40/Y40,0) -> 0
C41: =+IF(OFFSET(Processes!B22,$D$11,0)="*","*",OFFSET(Processes!D22,$D$11,0)) -> AGRCOBWPEE1 | D41: =+OFFSET(Processes!E22,$D$11,0) -> Agriculture Heat High Temp. Boiler - Wood Pellets Existing 1 | E41: =+Processes!O22 -> AGRWPE | F41: =Commodities!$D$7 -> AGDCO | G41: =AN41/($Z41*$AA41)*G$21*W41 -> 0 | H41: =AO41/($Z41*$AA41)*H$21*X41 -> 0 | I41: =AP41/($Z41*$AA41)*I$21*Y41 -> 0 | J41: =BA41/($Z41*$AA41)*J$21*W41 -> 0 | K41: =BB41/($Z41*$AA41)*K$21*X41 -> 0 | L41: =BC41/($Z41*$AA41)*L$21*Y41 -> 0 | M41: =BN41/($Z41*$AA41)*M$21*W41 -> 0 | N41: =BO41/($Z41*$AA41)*N$21*X41 -> 0 | O41: =BP41/($Z41*$AA41)*O$21*Y41 -> 0 | P41: =M41 -> 0 | Q41: =N41 -> 0 | R41: =O41 -> 0 | S41: =IF($AB41=20,0,M41/5)*IF(M41=0,0,1) -> 0 | T41: =IF($AB41=20,0,N41/5)*IF(N41=0,0,1) -> 0 | U41: =IF($AB41=20,0,O41/5)*IF(O41=0,0,1) -> 0 | V41: 5 | W41: =K147 -> 0.81634 | X41: =W41 -> 0.81634 | Y41: =X41 -> 0.81634 | Z41: =3.6*8760/1000000 -> 0.031536 | AA41: =$AA$26 -> 0.5 | AB41: 20 | AC41: 0.5 | AD41: 0.5 | AE41: 5 | AG41: =((G41*Z41*AA41/W41)+(H41*Z41*AA41/X41))/$G$21 -> 0 | AH41: =((J41*Z41*AA41/W41)+(K41*Z41*AA41/X41))/$J$21 -> 0 | AI41: =((M41*AA41*Z41/W41)+(N41*Z41*AA41/X41))/$M$21 -> 0 | AL41: WPE | AM41: =M78/1000 -> 0 | AN41: =AM41*$AN$23 -> 0 | AO41: =AM41*$AO$23 -> 0 | AP41: =AM41*$AP$23 -> 0 | AQ41: =IFERROR(G41*$Z41*$AA41/G$21,0) -> 0 | AR41: =IFERROR(H41*$Z41*$AA41/H$21,0) -> 0 | AS41: =IFERROR(I41*$Z41*$AA41/I$21,0) -> 0 | AT41: =IFERROR(AQ41/W41,0) -> 0 | AU41: =IFERROR(AR41/X41,0) -> 0 | AV41: =IFERROR(AS41/Y41,0) -> 0 | AY41: WPE | AZ41: =M103/1000 -> 0 | BA41: =AZ41*$AN$23 -> 0 | BB41: =AZ41*$BB$23 -> 0 | BC41: =AZ41*$BC$23 -> 0 | BD41: =IFERROR(J41*$Z41*AA41/J$21,0) -> 0 | BE41: =IFERROR(K41*$Z41*AA41/K$21,0) -> 0 | BF41: =IFERROR(L41*$Z41*AB41/L$21,0) -> 0 | BG41: =IFERROR(BD41/W41,0) -> 0 | BH41: =IFERROR(BE41/X41,0) -> 0 | BI41: =IFERROR(BF41/Y41,0) -> 0 | BL41: WPE | BM41: =M128/1000 -> 0 | BN41: =BM41*$AN$23 -> 0 | BO41: =BM41*$BB$23 -> 0 | BP41: =BM41*$BC$23 -> 0 | BQ41: =IFERROR(M41*$Z41*$AA41/M$21,0) -> 0 | BR41: =IFERROR(N41*$Z41*$AA41/N$21,0) -> 0 | BS41: =IFERROR(O41*$Z41*$AA41/O$21,0) -> 0 | BT41: =IFERROR(BQ41/W41,0) -> 0 | BU41: =IFERROR(BR41/X41,0) -> 0 | BV41: =IFERROR(BS41/Y41,0) -> 0
E42: =+Processes!O23 -> AGRWCH | P42: =M42 -> 0 | Q42: =N42 -> 0 | R42: =O42 -> 0 | S42: =IF($AB42=20,0,M42/5)*IF(M42=0,0,1) -> 0 | T42: =IF($AB42=20,0,N42/5)*IF(N42=0,0,1) -> 0 | U42: =IF($AB42=20,0,O42/5)*IF(O42=0,0,1) -> 0 | V42: =IF(S42>0,0.001,"") | AC42: =1-AC41 -> 0.5 | AD42: =1-AD41 -> 0.5 | AE42: 5 | AL42: WCH | AN42: =AM42*$AN$23 -> 0 | AO42: =AM42*$AO$23 -> 0 | AP42: =AM42*$AP$23 -> 0 | AQ42: =IFERROR(G42*$Z42*$AA42/G$21,0) -> 0 | AR42: =IFERROR(H42*$Z42*$AA42/H$21,0) -> 0 | AS42: =IFERROR(I42*$Z42*$AA42/I$21,0) -> 0 | AY42: WCH | BB42: =AZ42*$BB$23 -> 0 | BC42: =AZ42*$BC$23 -> 0 | BD42: =IFERROR(J42*$Z42*AA42/J$21,0) -> 0 | BE42: =IFERROR(K42*$Z42*AA42/K$21,0) -> 0 | BF42: =IFERROR(L42*$Z42*AB42/L$21,0) -> 0 | BG42: =IFERROR(BD42/W42,0) -> 0 | BH42: =IFERROR(BE42/X42,0) -> 0 | BI42: =IFERROR(BF42/Y42,0) -> 0 | BL42: WCH | BO42: =BM42*$BB$23 -> 0 | BP42: =BM42*$BC$23 -> 0 | BQ42: =IFERROR(M42*$Z42*$AA42/M$21,0) -> 0 | BR42: =IFERROR(N42*$Z42*$AA42/N$21,0) -> 0 | BS42: =IFERROR(O42*$Z42*$AA42/O$21,0) -> 0 | BT42: =IFERROR(BQ42/W42,0) -> 0 | BU42: =IFERROR(BR42/X42,0) -> 0 | BV42: =IFERROR(BS42/Y42,0) -> 0
C43: =+IF(OFFSET(Processes!B24,$D$11,0)="*","*",OFFSET(Processes!D24,$D$11,0)) -> AGRCOBHFOE1 | D43: =+OFFSET(Processes!E24,$D$11,0) -> Agriculture Heat High Temp. Boiler - Heavy Fuel Oil Existing 1 | E43: =+Processes!O24 -> AGRHFO | F43: =Commodities!$D$7 -> AGDCO | G43: =AN43/($Z43*$AA43)*G$21*W43 -> 0 | H43: =AO43/($Z43*$AA43)*H$21*X43 -> 0 | I43: =AP43/($Z43*$AA43)*I$21*Y43 -> 0 | J43: =BA43/($Z43*$AA43)*J$21*W43 -> 0 | K43: =BB43/($Z43*$AA43)*K$21*X43 -> 0 | L43: =BC43/($Z43*$AA43)*L$21*Y43 -> 0 | M43: =BN43/($Z43*$AA43)*M$21*W43 -> 0 | N43: =BO43/($Z43*$AA43)*N$21*X43 -> 0 | O43: =BP43/($Z43*$AA43)*O$21*Y43 -> 0 | P43: =M43 -> 0 | Q43: =N43 -> 0 | R43: =O43 -> 0 | S43: =IF($AB43=20,0,M43/5)*IF(M43=0,0,1) -> 0 | T43: =IF($AB43=20,0,N43/5)*IF(N43=0,0,1) -> 0 | U43: =IF($AB43=20,0,O43/5)*IF(O43=0,0,1) -> 0 | V43: 5 | W43: =E147 -> 0.91238 | X43: =W43 -> 0.91238 | Y43: =X43 -> 0.91238 | Z43: =3.6*8760/1000000 -> 0.031536 | AA43: =$AA$26 -> 0.5 | AB43: 20 | AG43: =((G43*Z43*AA43/W43)+(H43*Z43*AA43/X43))/$G$21 -> 0 | AH43: =((J43*Z43*AA43/W43)+(K43*Z43*AA43/X43))/$J$21 -> 0 | AI43: =((M43*AA43*Z43/W43)+(N43*Z43*AA43/X43))/$M$21 -> 0 | AL43: HFO | AM43: =E78/1000 -> 0 | AN43: =AM43*$AN$23 -> 0 | AO43: =AM43*$AO$23 -> 0 | AP43: =AM43*$AP$23 -> 0 | AQ43: =IFERROR(G43*$Z43*$AA43/G$21,0) -> 0 | AR43: =IFERROR(H43*$Z43*$AA43/H$21,0) -> 0 | AS43: =IFERROR(I43*$Z43*$AA43/I$21,0) -> 0 | AT43: =IFERROR(AQ43/W43,0) -> 0 | AU43: =IFERROR(AR43/X43,0) -> 0 | AV43: =IFERROR(AS43/Y43,0) -> 0 | AY43: HFO | AZ43: =E103/1000 -> 0 | BA43: =AZ43*$AN$23 -> 0 | BB43: =AZ43*$BB$23 -> 0 | BC43: =AZ43*$BC$23 -> 0 | BD43: =IFERROR(J43*$Z43*AA43/J$21,0) -> 0 | BE43: =IFERROR(K43*$Z43*AA43/K$21,0) -> 0 | BF43: =IFERROR(L43*$Z43*AB43/L$21,0) -> 0 | BG43: =IFERROR(BD43/W43,0) -> 0 | BH43: =IFERROR(BE43/X43,0) -> 0 | BI43: =IFERROR(BF43/Y43,0) -> 0 | BL43: HFO | BM43: =E128/1000 -> 0 | BN43: =BM43*$AN$23 -> 0 | BO43: =BM43*$BB$23 -> 0 | BP43: =BM43*$BC$23 -> 0 | BQ43: =IFERROR(M43*$Z43*$AA43/M$21,0) -> 0 | BR43: =IFERROR(N43*$Z43*$AA43/N$21,0) -> 0 | BS43: =IFERROR(O43*$Z43*$AA43/O$21,0) -> 0 | BT43: =IFERROR(BQ43/W43,0) -> 0 | BU43: =IFERROR(BR43/X43,0) -> 0 | BV43: =IFERROR(BS43/Y43,0) -> 0
C44: =+IF(OFFSET(Processes!B25,$D$11,0)="*","*",OFFSET(Processes!D25,$D$11,0)) -> AGRCOBLPGE1 | D44: =+OFFSET(Processes!E25,$D$11,0) -> Agriculture Heat High Temp. Boiler - Liquified Petroleum Gas Existing 1 | E44: =+Processes!O25 -> AGRLPG | F44: =Commodities!$D$7 -> AGDCO | G44: =AN44/($Z44*$AA44)*G$21*W44 -> 0 | H44: =AO44/($Z44*$AA44)*H$21*X44 -> 0 | I44: =AP44/($Z44*$AA44)*I$21*Y44 -> 0 | J44: =BA44/($Z44*$AA44)*J$21*W44 -> 0 | K44: =BB44/($Z44*$AA44)*K$21*X44 -> 0 | L44: =BC44/($Z44*$AA44)*L$21*Y44 -> 0 | M44: =BN44/($Z44*$AA44)*M$21*W44 -> 0 | N44: =BO44/($Z44*$AA44)*N$21*X44 -> 0 | O44: =BP44/($Z44*$AA44)*O$21*Y44 -> 0 | P44: =M44 -> 0 | Q44: =N44 -> 0 | R44: =O44 -> 0 | S44: =IF($AB44=20,0,M44/5)*IF(M44=0,0,1) -> 0 | T44: =IF($AB44=20,0,N44/5)*IF(N44=0,0,1) -> 0 | U44: =IF($AB44=20,0,O44/5)*IF(O44=0,0,1) -> 0 | V44: 5 | W44: =H147 -> 0.979608 | X44: =W44 -> 0.979608 | Y44: =X44 -> 0.979608 | Z44: =3.6*8760/1000000 -> 0.031536 | AA44: =$AA$26 -> 0.5 | AB44: 20 | AG44: =((G44*Z44*AA44/W44)+(H44*Z44*AA44/X44))/$G$21 -> 0 | AH44: =((J44*Z44*AA44/W44)+(K44*Z44*AA44/X44))/$J$21 -> 0 | AI44: =((M44*AA44*Z44/W44)+(N44*Z44*AA44/X44))/$M$21 -> 0 | AL44: LPG | AM44: =H78/1000 -> 0 | AN44: =AM44*$AN$23 -> 0 | AO44: =AM44*$AO$23 -> 0 | AP44: =AM44*$AP$23 -> 0 | AQ44: =IFERROR(G44*$Z44*$AA44/G$21,0) -> 0 | AR44: =IFERROR(H44*$Z44*$AA44/H$21,0) -> 0 | AS44: =IFERROR(I44*$Z44*$AA44/I$21,0) -> 0 | AT44: =IFERROR(AQ44/W44,0) -> 0 | AU44: =IFERROR(AR44/X44,0) -> 0 | AV44: =IFERROR(AS44/Y44,0) -> 0 | AY44: LPG | AZ44: =H103/1000 -> 0 | BA44: =AZ44*$AN$23 -> 0 | BB44: =AZ44*$BB$23 -> 0 | BC44: =AZ44*$BC$23 -> 0 | BD44: =IFERROR(J44*$Z44*AA44/J$21,0) -> 0 | BE44: =IFERROR(K44*$Z44*AA44/K$21,0) -> 0 | BF44: =IFERROR(L44*$Z44*AB44/L$21,0) -> 0 | BG44: =IFERROR(BD44/W44,0) -> 0 | BH44: =IFERROR(BE44/X44,0) -> 0 | BI44: =IFERROR(BF44/Y44,0) -> 0 | BL44: LPG | BM44: =H128/1000 -> 0 | BN44: =BM44*$AN$23 -> 0 | BO44: =BM44*$BB$23 -> 0 | BP44: =BM44*$BC$23 -> 0 | BQ44: =IFERROR(M44*$Z44*$AA44/M$21,0) -> 0 | BR44: =IFERROR(N44*$Z44*$AA44/N$21,0) -> 0 | BS44: =IFERROR(O44*$Z44*$AA44/O$21,0) -> 0 | BT44: =IFERROR(BQ44/W44,0) -> 0 | BU44: =IFERROR(BR44/X44,0) -> 0 | BV44: =IFERROR(BS44/Y44,0) -> 0
C45: =+IF(OFFSET(Processes!B26,$D$11,0)="*","*",OFFSET(Processes!D26,$D$11,0)) -> AGRCOBWSTE1 | D45: =+OFFSET(Processes!E26,$D$11,0) -> Agriculture Heat High Temp. Boiler - Waste Existing 1 | E45: =+Processes!O26 -> AGRWST | F45: =Commodities!$D$7 -> AGDCO | G45: =AN45/($Z45*$AA45)*G$21*W45 -> 0 | H45: =AO45/($Z45*$AA45)*H$21*X45 -> 0 | I45: =AP45/($Z45*$AA45)*I$21*Y45 -> 0 | J45: =BA45/($Z45*$AA45)*J$21*W45 -> 0 | K45: =BB45/($Z45*$AA45)*K$21*X45 -> 0 | L45: =BC45/($Z45*$AA45)*L$21*Y45 -> 0 | M45: =BN45/($Z45*$AA45)*M$21*W45 -> 0 | N45: =BO45/($Z45*$AA45)*N$21*X45 -> 0 | O45: =BP45/($Z45*$AA45)*O$21*Y45 -> 0 | P45: =M45 -> 0 | Q45: =N45 -> 0 | R45: =O45 -> 0 | S45: =IF($AB45=20,0,M45/5)*IF(M45=0,0,1) -> 0 | T45: =IF($AB45=20,0,N45/5)*IF(N45=0,0,1) -> 0 | U45: =IF($AB45=20,0,O45/5)*IF(O45=0,0,1) -> 0 | V45: 5 | W45: =L147 -> 0.91238 | X45: =W45 -> 0.91238 | Y45: =X45 -> 0.91238 | Z45: =3.6*8760/1000000 -> 0.031536 | AA45: =$AA$26 -> 0.5 | AB45: 20 | AG45: =((G45*Z45*AA45/W45)+(H45*Z45*AA45/X45))/$G$21 -> 0 | AH45: =((J45*Z45*AA45/W45)+(K45*Z45*AA45/X45))/$J$21 -> 0 | AI45: =((M45*AA45*Z45/W45)+(N45*Z45*AA45/X45))/$M$21 -> 0 | AL45: WST | AM45: =$N78/1000 -> 0 | AN45: =AM45*$AN$23 -> 0 | AO45: =AM45*$AO$23 -> 0 | AP45: =AM45*$AP$23 -> 0 | AQ45: =IFERROR(G45*$Z45*$AA45/G$21,0) -> 0 | AR45: =IFERROR(H45*$Z45*$AA45/H$21,0) -> 0 | AS45: =IFERROR(I45*$Z45*$AA45/I$21,0) -> 0 | AT45: =IFERROR(AQ45/W45,0) -> 0 | AU45: =IFERROR(AR45/X45,0) -> 0 | AV45: =IFERROR(AS45/Y45,0) -> 0 | AY45: WST | AZ45: =$N103/1000 -> 0 | BA45: =AZ45*$AN$23 -> 0 | BB45: =AZ45*$BB$23 -> 0 | BC45: =AZ45*$BC$23 -> 0 | BD45: =IFERROR(J45*$Z45*AA45/J$21,0) -> 0 | BE45: =IFERROR(K45*$Z45*AA45/K$21,0) -> 0 | BF45: =IFERROR(L45*$Z45*AB45/L$21,0) -> 0 | BG45: =IFERROR(BD45/W45,0) -> 0 | BH45: =IFERROR(BE45/X45,0) -> 0 | BI45: =IFERROR(BF45/Y45,0) -> 0 | BL45: WST | BM45: =$N128/1000 -> 0 | BN45: =BM45*$AN$23 -> 0 | BO45: =BM45*$BB$23 -> 0 | BP45: =BM45*$BC$23 -> 0 | BQ45: =IFERROR(M45*$Z45*$AA45/M$21,0) -> 0 | BR45: =IFERROR(N45*$Z45*$AA45/N$21,0) -> 0 | BS45: =IFERROR(O45*$Z45*$AA45/O$21,0) -> 0 | BT45: =IFERROR(BQ45/W45,0) -> 0 | BU45: =IFERROR(BR45/X45,0) -> 0 | BV45: =IFERROR(BS45/Y45,0) -> 0
C46: =+IF(OFFSET(Processes!B27,$D$11,0)="*","*",OFFSET(Processes!D27,$D$11,0)) -> AGRCOBELCE1 | D46: =+OFFSET(Processes!E27,$D$11,0) -> Agriculture Heat High Temp. Boiler - Electricity Existing 1 | E46: =+Processes!O27 -> AGRELC | F46: =Commodities!$D$7 -> AGDCO | G46: =AN46/($Z46*$AA46)*G$21*W46 -> 122.52297 | H46: =AO46/($Z46*$AA46)*H$21*X46 -> 0 | I46: =AP46/($Z46*$AA46)*I$21*Y46 -> 0 | J46: =BA46/($Z46*$AA46)*J$21*W46 -> 116.53446 | K46: =BB46/($Z46*$AA46)*K$21*X46 -> 0 | L46: =BC46/($Z46*$AA46)*L$21*Y46 -> 0 | M46: =BN46/($Z46*$AA46)*M$21*W46 -> 106.43579 | N46: =BO46/($Z46*$AA46)*N$21*X46 -> 0 | O46: =BP46/($Z46*$AA46)*O$21*Y46 -> 0 | P46: =M46 -> 106.43579 | Q46: =N46 -> 0 | R46: =O46 -> 0 | S46: =IF($AB46=20,0,M46/5)*IF(M46=0,0,1) -> 0 | T46: =IF($AB46=20,0,N46/5)*IF(N46=0,0,1) -> 0 | U46: =IF($AB46=20,0,O46/5)*IF(O46=0,0,1) -> 0 | V46: 5 | W46: =M147 -> 0.91238 | X46: =W46 -> 0.91238 | Y46: =X46 -> 0.91238 | Z46: =3.6*8760/1000000 -> 0.031536 | AA46: =$AA$26 -> 0.5 | AB46: 20 | AG46: =((G46*Z46*AA46/W46)+(H46*Z46*AA46/X46))/$G$21 -> 2.11536 | AH46: =((J46*Z46*AA46/W46)+(K46*Z46*AA46/X46))/$J$21 -> 1.99404 | AI46: =((M46*AA46*Z46/W46)+(N46*Z46*AA46/X46))/$M$21 -> 1.82124 | AL46: ELC | AM46: =O78/1000 -> 2.11536 | AN46: =AM46*$AN$23 -> 2.11536 | AO46: =AM46*$AO$23 -> 0 | AP46: =AM46*$AP$23 -> 0 | AQ46: =IFERROR(G46*$Z46*$AA46/G$21,0) -> 1.9300122 | AR46: =IFERROR(H46*$Z46*$AA46/H$21,0) -> 0 | AS46: =IFERROR(I46*$Z46*$AA46/I$21,0) -> 0 | AT46: =IFERROR(AQ46/W46,0) -> 2.11536 | AU46: =IFERROR(AR46/X46,0) -> 0 | AV46: =IFERROR(AS46/Y46,0) -> 0 | AY46: ELC | AZ46: =O103/1000 -> 1.99404 | BA46: =AZ46*$AN$23 -> 1.99404 | BB46: =AZ46*$BB$23 -> 0 | BC46: =AZ46*$BC$23 -> 0 | BD46: =IFERROR(J46*$Z46*AA46/J$21,0) -> 1.8193222 | BE46: =IFERROR(K46*$Z46*AA46/K$21,0) -> 0 | BF46: =IFERROR(L46*$Z46*AA46/L$21,0) -> 0 | BG46: =IFERROR(BD46/W46,0) -> 1.99404 | BH46: =IFERROR(BE46/X46,0) -> 0 | BI46: =IFERROR(BF46/Y46,0) -> 0 | BL46: ELC | BM46: =O128/1000 -> 1.82124 | BN46: =BM46*$AN$23 -> 1.82124 | BO46: =BM46*$BB$23 -> 0 | BP46: =BM46*$BC$23 -> 0 | BQ46: =IFERROR(M46*$Z46*$AA46/M$21,0) -> 1.661663 | BR46: =IFERROR(N46*$Z46*$AA46/N$21,0) -> 0 | BS46: =IFERROR(O46*$Z46*$AA46/O$21,0) -> 0 | BT46: =IFERROR(BQ46/W46,0) -> 1.82124 | BU46: =IFERROR(BR46/X46,0) -> 0 | BV46: =IFERROR(BS46/Y46,0) -> 0
C47: =+IF(OFFSET(Processes!B28,$D$11,0)="*","*",OFFSET(Processes!D28,$D$11,0)) -> AGRSHBNGAE1 | D47: =+OFFSET(Processes!E28,$D$11,0) -> Agriculture Heat Room Boiler - Nat. Gas Existing 1 | E47: =+Processes!O28 -> AGRSNG1,AGRSNG2,AGRNGA | F47: =Commodities!$D$8 -> AGDSH | G47: =AN47/($Z47*$AA47)*G$21*W47 -> 0 | H47: =AO47/($Z47*$AA47)*H$21*X47 -> 0 | I47: =AP47/($Z47*$AA47)*I$21*Y47 -> 0 | J47: =BA47/($Z47*$AA47)*J$21*W47 -> 0 | K47: =BB47/($Z47*$AA47)*K$21*X47 -> 0 | L47: =BC47/($Z47*$AA47)*L$21*Y47 -> 0 | M47: =BN47/($Z47*$AA47)*M$21*W47 -> 0 | N47: =BO47/($Z47*$AA47)*N$21*X47 -> 0 | O47: =BP47/($Z47*$AA47)*O$21*Y47 -> 0 | P47: =M47 -> 0 | Q47: =N47 -> 0 | R47: =O47 -> 0 | S47: =IF($AB47=20,0,M47/5)*IF(M47=0,0,1) -> 0 | T47: =IF($AB47=20,0,N47/5)*IF(N47=0,0,1) -> 0 | U47: =IF($AB47=20,0,O47/5)*IF(O47=0,0,1) -> 0 | V47: 5 | W47: =I151 -> 1.02 | X47: =W47 -> 1.02 | Y47: =X47 -> 1.02 | Z47: =3.6*8760/1000000 -> 0.031536 | AA47: =$AA$26 -> 0.5 | AB47: 20 | AG47: =((G47*Z47*AA47/W47)+(H47*Z47*AA47/X47))/$G$21 -> 0 | AH47: =((J47*Z47*AA47/W47)+(K47*Z47*AA47/X47))/$J$21 -> 0 | AI47: =((M47*AA47*Z47/W47)+(N47*Z47*AA47/X47))/$M$21 -> 0 | AK47: =F47 -> AGDSH | AL47: NGA | AM47: =(J82+I82)/1000 -> 0 | AN47: =AM47*$AN$23 -> 0 | AO47: =AM47*$AO$23 -> 0 | AP47: =AM47*$AP$23 -> 0 | AQ47: =IFERROR(G47*$Z47*$AA47/G$21,0) -> 0 | AR47: =IFERROR(H47*$Z47*$AA47/H$21,0) -> 0 | AS47: =IFERROR(I47*$Z47*$AA47/I$21,0) -> 0 | AT47: =IFERROR(AQ47/W47,0) -> 0 | AU47: =IFERROR(AR47/X47,0) -> 0 | AV47: =IFERROR(AS47/Y47,0) -> 0 | AX47: =AK47 -> AGDSH | AY47: NGA | AZ47: =(J107+I107)/1000 -> 0 | BA47: =AZ47*$AN$23 -> 0 | BB47: =AZ47*$BB$23 -> 0 | BC47: =AZ47*$BC$23 -> 0 | BD47: =IFERROR(J47*$Z47*AA47/J$21,0) -> 0 | BE47: =IFERROR(K47*$Z47*AA47/K$21,0) -> 0 | BF47: =IFERROR(L47*$Z47*AB47/L$21,0) -> 0 | BG47: =IFERROR(BD47/W47,0) -> 0 | BH47: =IFERROR(BE47/X47,0) -> 0 | BI47: =IFERROR(BF47/Y47,0) -> 0 | BK47: =AK47 -> AGDSH | BL47: NGA | BM47: =(J132+I132)/1000 -> 0 | BN47: =BM47*$AN$23 -> 0 | BO47: =BM47*$BB$23 -> 0 | BP47: =BM47*$BC$23 -> 0 | BQ47: =IFERROR(M47*$Z47*$AA47/M$21,0) -> 0 | BR47: =IFERROR(N47*$Z47*$AA47/N$21,0) -> 0 | BS47: =IFERROR(O47*$Z47*$AA47/O$21,0) -> 0 | BT47: =IFERROR(BQ47/W47,0) -> 0 | BU47: =IFERROR(BR47/X47,0) -> 0 | BV47: =IFERROR(BS47/Y47,0) -> 0
C48: =+IF(OFFSET(Processes!B29,$D$11,0)="*","*",OFFSET(Processes!D29,$D$11,0)) -> AGRSHBCOAE1 | D48: =+OFFSET(Processes!E29,$D$11,0) -> Agriculture Heat Room Boiler - Coal Existing 1 | E48: =+Processes!O29 -> AGRCOA | F48: =Commodities!$D$8 -> AGDSH | G48: =AN48/($Z48*$AA48)*G$21*W48 -> 0 | H48: =AO48/($Z48*$AA48)*H$21*X48 -> 0 | I48: =AP48/($Z48*$AA48)*I$21*Y48 -> 0 | J48: =BA48/($Z48*$AA48)*J$21*W48 -> 0 | K48: =BB48/($Z48*$AA48)*K$21*X48 -> 0 | L48: =BC48/($Z48*$AA48)*L$21*Y48 -> 0 | M48: =BN48/($Z48*$AA48)*M$21*W48 -> 0 | N48: =BO48/($Z48*$AA48)*N$21*X48 -> 0 | O48: =BP48/($Z48*$AA48)*O$21*Y48 -> 0 | P48: =M48 -> 0 | Q48: =N48 -> 0 | R48: =O48 -> 0 | S48: =IF($AB48=20,0,M48/5)*IF(M48=0,0,1) -> 0 | T48: =IF($AB48=20,0,N48/5)*IF(N48=0,0,1) -> 0 | U48: =IF($AB48=20,0,O48/5)*IF(O48=0,0,1) -> 0 | V48: 5 | W48: =D151 -> 0.95 | X48: =W48 -> 0.95 | Y48: =X48 -> 0.95 | Z48: =3.6*8760/1000000 -> 0.031536 | AA48: =$AA$26 -> 0.5 | AB48: 20 | AG48: =((G48*Z48*AA48/W48)+(H48*Z48*AA48/X48))/$G$21 -> 0 | AH48: =((J48*Z48*AA48/W48)+(K48*Z48*AA48/X48))/$J$21 -> 0 | AI48: =((M48*AA48*Z48/W48)+(N48*Z48*AA48/X48))/$M$21 -> 0 | AL48: COA | AM48: =D82/1000 -> 0 | AN48: =AM48*$AN$23 -> 0 | AO48: =AM48*$AO$23 -> 0 | AP48: =AM48*$AP$23 -> 0 | AQ48: =IFERROR(G48*$Z48*$AA48/G$21,0) -> 0 | AR48: =IFERROR(H48*$Z48*$AA48/H$21,0) -> 0 | AS48: =IFERROR(I48*$Z48*$AA48/I$21,0) -> 0 | AT48: =IFERROR(AQ48/W48,0) -> 0 | AU48: =IFERROR(AR48/X48,0) -> 0 | AV48: =IFERROR(AS48/Y48,0) -> 0 | AY48: COA | AZ48: =D107/1000 -> 0 | BA48: =AZ48*$AN$23 -> 0 | BB48: =AZ48*$BB$23 -> 0 | BC48: =AZ48*$BC$23 -> 0 | BD48: =IFERROR(J48*$Z48*AA48/J$21,0) -> 0 | BE48: =IFERROR(K48*$Z48*AA48/K$21,0) -> 0 | BF48: =IFERROR(L48*$Z48*AB48/L$21,0) -> 0 | BG48: =IFERROR(BD48/W48,0) -> 0 | BH48: =IFERROR(BE48/X48,0) -> 0 | BI48: =IFERROR(BF48/Y48,0) -> 0 | BL48: COA | BM48: =D132/1000 -> 0 | BN48: =BM48*$AN$23 -> 0 | BO48: =BM48*$BB$23 -> 0 | BP48: =BM48*$BC$23 -> 0 | BQ48: =IFERROR(M48*$Z48*$AA48/M$21,0) -> 0 | BR48: =IFERROR(N48*$Z48*$AA48/N$21,0) -> 0 | BS48: =IFERROR(O48*$Z48*$AA48/O$21,0) -> 0 | BT48: =IFERROR(BQ48/W48,0) -> 0 | BU48: =IFERROR(BR48/X48,0) -> 0 | BV48: =IFERROR(BS48/Y48,0) -> 0
C49: =+IF(OFFSET(Processes!B30,$D$11,0)="*","*",OFFSET(Processes!D30,$D$11,0)) -> AGRSHBDSLE1 | D49: =+OFFSET(Processes!E30,$D$11,0) -> Agriculture Heat Room Boiler - Diesel Existing 1 | E49: =+Processes!O30 -> AGRDSB1,AGRDSB2,AGRDSL | F49: =Commodities!$D$8 -> AGDSH | G49: =AN49/($Z49*$AA49)*G$21*W49 -> 0 | H49: =AO49/($Z49*$AA49)*H$21*X49 -> 0 | I49: =AP49/($Z49*$AA49)*I$21*Y49 -> 0 | J49: =BA49/($Z49*$AA49)*J$21*W49 -> 0 | K49: =BB49/($Z49*$AA49)*K$21*X49 -> 0 | L49: =BC49/($Z49*$AA49)*L$21*Y49 -> 0 | M49: =BN49/($Z49*$AA49)*M$21*W49 -> 0 | N49: =BO49/($Z49*$AA49)*N$21*X49 -> 0 | O49: =BP49/($Z49*$AA49)*O$21*Y49 -> 0 | P49: =M49 -> 0 | Q49: =N49 -> 0 | R49: =O49 -> 0 | S49: =IF($AB49=20,0,M49/5)*IF(M49=0,0,1) -> 0 | T49: =IF($AB49=20,0,N49/5)*IF(N49=0,0,1) -> 0 | U49: =IF($AB49=20,0,O49/5)*IF(O49=0,0,1) -> 0 | V49: 5 | W49: =F151 -> 0.96 | X49: =W49 -> 0.96 | Y49: =X49 -> 0.96 | Z49: =3.6*8760/1000000 -> 0.031536 | AA49: =$AA$26 -> 0.5 | AB49: 20 | AG49: =((G49*Z49*AA49/W49)+(H49*Z49*AA49/X49))/$G$21 -> 0 | AH49: =((J49*Z49*AA49/W49)+(K49*Z49*AA49/X49))/$J$21 -> 0 | AI49: =((M49*AA49*Z49/W49)+(N49*Z49*AA49/X49))/$M$21 -> 0 | AL49: DSL | AM49: =(F82+L82)/1000 -> 0 | AN49: =AM49*$AN$23 -> 0 | AO49: =AM49*$AO$23 -> 0 | AP49: =AM49*$AP$23 -> 0 | AQ49: =IFERROR(G49*$Z49*$AA49/G$21,0) -> 0 | AR49: =IFERROR(H49*$Z49*$AA49/H$21,0) -> 0 | AS49: =IFERROR(I49*$Z49*$AA49/I$21,0) -> 0 | AT49: =IFERROR(AQ49/W49,0) -> 0 | AU49: =IFERROR(AR49/X49,0) -> 0 | AV49: =IFERROR(AS49/Y49,0) -> 0 | AY49: DSL | AZ49: =(F107+L107)/1000 -> 0 | BA49: =AZ49*$AN$23 -> 0 | BB49: =AZ49*$BB$23 -> 0 | BC49: =AZ49*$BC$23 -> 0 | BD49: =IFERROR(J49*$Z49*AA49/J$21,0) -> 0 | BE49: =IFERROR(K49*$Z49*AA49/K$21,0) -> 0 | BF49: =IFERROR(L49*$Z49*AB49/L$21,0) -> 0 | BG49: =IFERROR(BD49/W49,0) -> 0 | BH49: =IFERROR(BE49/X49,0) -> 0 | BI49: =IFERROR(BF49/Y49,0) -> 0 | BL49: DSL | BM49: =(F132+L132)/1000 -> 0 | BN49: =BM49*$AN$23 -> 0 | BO49: =BM49*$BB$23 -> 0 | BP49: =BM49*$BC$23 -> 0 | BQ49: =IFERROR(M49*$Z49*$AA49/M$21,0) -> 0 | BR49: =IFERROR(N49*$Z49*$AA49/N$21,0) -> 0 | BS49: =IFERROR(O49*$Z49*$AA49/O$21,0) -> 0 | BT49: =IFERROR(BQ49/W49,0) -> 0 | BU49: =IFERROR(BR49/X49,0) -> 0 | BV49: =IFERROR(BS49/Y49,0) -> 0
C50: =+IF(OFFSET(Processes!B31,$D$11,0)="*","*",OFFSET(Processes!D31,$D$11,0)) -> AGRSHBWPEE1 | D50: =+OFFSET(Processes!E31,$D$11,0) -> Agriculture Heat Room Boiler - Wood Pellets Existing 1 | E50: =+Processes!O31 -> AGRWPE | F50: =Commodities!$D$8 -> AGDSH | G50: =AN50/($Z50*$AA50)*G$21*W50 -> 0 | H50: =AO50/($Z50*$AA50)*H$21*X50 -> 0 | I50: =AP50/($Z50*$AA50)*I$21*Y50 -> 0 | J50: =BA50/($Z50*$AA50)*J$21*W50 -> 0 | K50: =BB50/($Z50*$AA50)*K$21*X50 -> 0 | L50: =BC50/($Z50*$AA50)*L$21*Y50 -> 0 | M50: =BN50/($Z50*$AA50)*M$21*W50 -> 0 | N50: =BO50/($Z50*$AA50)*N$21*X50 -> 0 | O50: =BP50/($Z50*$AA50)*O$21*Y50 -> 0 | P50: =M50 -> 0 | Q50: =N50 -> 0 | R50: =O50 -> 0 | S50: =IF($AB50=20,0,M50/5)*IF(M50=0,0,1) -> 0 | T50: =IF($AB50=20,0,N50/5)*IF(N50=0,0,1) -> 0 | U50: =IF($AB50=20,0,O50/5)*IF(O50=0,0,1) -> 0 | V50: 5 | W50: =K151 -> 0.85 | X50: =W50 -> 0.85 | Y50: =X50 -> 0.85 | Z50: =3.6*8760/1000000 -> 0.031536 | AA50: =$AA$26 -> 0.5 | AB50: 20 | AC50: 0.5 | AD50: 0.5 | AE50: 5 | AG50: =((G50*Z50*AA50/W50)+(H50*Z50*AA50/X50))/$G$21 -> 0 | AH50: =((J50*Z50*AA50/W50)+(K50*Z50*AA50/X50))/$J$21 -> 0 | AI50: =((M50*AA50*Z50/W50)+(N50*Z50*AA50/X50))/$M$21 -> 0 | AL50: WPE | AM50: =M82/1000 -> 0 | AN50: =AM50*$AN$23 -> 0 | AO50: =AM50*$AO$23 -> 0 | AP50: =AM50*$AP$23 -> 0 | AQ50: =IFERROR(G50*$Z50*$AA50/G$21,0) -> 0 | AR50: =IFERROR(H50*$Z50*$AA50/H$21,0) -> 0 | AS50: =IFERROR(I50*$Z50*$AA50/I$21,0) -> 0 | AT50: =IFERROR(AQ50/W50,0) -> 0 | AU50: =IFERROR(AR50/X50,0) -> 0 | AV50: =IFERROR(AS50/Y50,0) -> 0 | AY50: WPE | AZ50: =M107/1000 -> 0 | BA50: =AZ50*$AN$23 -> 0 | BB50: =AZ50*$BB$23 -> 0 | BC50: =AZ50*$BC$23 -> 0 | BD50: =IFERROR(J50*$Z50*AA50/J$21,0) -> 0 | BE50: =IFERROR(K50*$Z50*AA50/K$21,0) -> 0 | BF50: =IFERROR(L50*$Z50*AB50/L$21,0) -> 0 | BG50: =IFERROR(BD50/W50,0) -> 0 | BH50: =IFERROR(BE50/X50,0) -> 0 | BI50: =IFERROR(BF50/Y50,0) -> 0 | BL50: WPE | BM50: =M132/1000 -> 0 | BN50: =BM50*$AN$23 -> 0 | BO50: =BM50*$BB$23 -> 0 | BP50: =BM50*$BC$23 -> 0 | BQ50: =IFERROR(M50*$Z50*$AA50/M$21,0) -> 0 | BR50: =IFERROR(N50*$Z50*$AA50/N$21,0) -> 0 | BS50: =IFERROR(O50*$Z50*$AA50/O$21,0) -> 0 | BT50: =IFERROR(BQ50/W50,0) -> 0 | BU50: =IFERROR(BR50/X50,0) -> 0 | BV50: =IFERROR(BS50/Y50,0) -> 0
E51: =+Processes!O32 -> AGRWCH | P51: =M51 -> 0 | Q51: =N51 -> 0 | R51: =O51 -> 0 | S51: =IF($AB51=20,0,M51/5)*IF(M51=0,0,1) -> 0 | T51: =IF($AB51=20,0,N51/5)*IF(N51=0,0,1) -> 0 | U51: =IF($AB51=20,0,O51/5)*IF(O51=0,0,1) -> 0 | V51: =IF(S51>0,0.001,"") | AC51: =1-AC50 -> 0.5 | AD51: =1-AD50 -> 0.5 | AE51: 5 | AL51: WCH | AN51: =AM51*$AN$23 -> 0 | AO51: =AM51*$AO$23 -> 0 | AP51: =AM51*$AP$23 -> 0 | AQ51: =IFERROR(G51*$Z51*$AA51/G$21,0) -> 0 | AR51: =IFERROR(H51*$Z51*$AA51/H$21,0) -> 0 | AS51: =IFERROR(I51*$Z51*$AA51/I$21,0) -> 0 | AY51: WCH | BB51: =AZ51*$BB$23 -> 0 | BC51: =AZ51*$BC$23 -> 0 | BD51: =IFERROR(J51*$Z51*AA51/J$21,0) -> 0 | BE51: =IFERROR(K51*$Z51*AA51/K$21,0) -> 0 | BF51: =IFERROR(L51*$Z51*AB51/L$21,0) -> 0 | BG51: =IFERROR(BD51/W51,0) -> 0 | BH51: =IFERROR(BE51/X51,0) -> 0 | BI51: =IFERROR(BF51/Y51,0) -> 0 | BL51: WCH | BO51: =BM51*$BB$23 -> 0 | BP51: =BM51*$BC$23 -> 0 | BQ51: =IFERROR(M51*$Z51*$AA51/M$21,0) -> 0 | BR51: =IFERROR(N51*$Z51*$AA51/N$21,0) -> 0 | BS51: =IFERROR(O51*$Z51*$AA51/O$21,0) -> 0 | BT51: =IFERROR(BQ51/W51,0) -> 0 | BU51: =IFERROR(BR51/X51,0) -> 0 | BV51: =IFERROR(BS51/Y51,0) -> 0
C52: =+IF(OFFSET(Processes!B33,$D$11,0)="*","*",OFFSET(Processes!D33,$D$11,0)) -> AGRSHBBGAE1 | D52: =+OFFSET(Processes!E33,$D$11,0) -> Agriculture Heat Room Boiler - Biogas Existing 1 | E52: =+Processes!O33 -> AGRBGA | F52: =Commodities!$D$8 -> AGDSH | G52: =AN52/($Z52*$AA52)*G$21*W52 -> 0 | H52: =AO52/($Z52*$AA52)*H$21*X52 -> 0 | I52: =AP52/($Z52*$AA52)*I$21*Y52 -> 0 | J52: =BA52/($Z52*$AA52)*J$21*W52 -> 0 | K52: =BB52/($Z52*$AA52)*K$21*X52 -> 0 | L52: =BC52/($Z52*$AA52)*L$21*Y52 -> 0 | M52: =BN52/($Z52*$AA52)*M$21*W52 -> 0 | N52: =BO52/($Z52*$AA52)*N$21*X52 -> 0 | O52: =BP52/($Z52*$AA52)*O$21*Y52 -> 0 | P52: =M52 -> 0 | Q52: =N52 -> 0 | R52: =O52 -> 0 | S52: =IF($AB52=20,0,M52/5)*IF(M52=0,0,1) -> 0 | T52: =IF($AB52=20,0,N52/5)*IF(N52=0,0,1) -> 0 | U52: =IF($AB52=20,0,O52/5)*IF(O52=0,0,1) -> 0 | V52: 5 | W52: =J151 -> 1.02 | X52: =W52 -> 1.02 | Y52: =X52 -> 1.02 | Z52: =3.6*8760/1000000 -> 0.031536 | AA52: =$AA$26 -> 0.5 | AB52: 20 | AG52: =((G52*Z52*AA52/W52)+(H52*Z52*AA52/X52))/$G$21 -> 0 | AH52: =((J52*Z52*AA52/W52)+(K52*Z52*AA52/X52))/$J$21 -> 0 | AI52: =((M52*AA52*Z52/W52)+(N52*Z52*AA52/X52))/$M$21 -> 0 | AL52: BGA | AM52: =K82/1000 -> 0 | AN52: =AM52*$AN$23 -> 0 | AO52: =AM52*$AO$23 -> 0 | AP52: =AM52*$AP$23 -> 0 | AQ52: =IFERROR(G52*$Z52*$AA52/G$21,0) -> 0 | AR52: =IFERROR(H52*$Z52*$AA52/H$21,0) -> 0 | AS52: =IFERROR(I52*$Z52*$AA52/I$21,0) -> 0 | AT52: =IFERROR(AQ52/W52,0) -> 0 | AU52: =IFERROR(AR52/X52,0) -> 0 | AV52: =IFERROR(AS52/Y52,0) -> 0 | AY52: BGA | AZ52: =K107/1000 -> 0 | BA52: =AZ52*$AN$23 -> 0 | BB52: =AZ52*$BB$23 -> 0 | BC52: =AZ52*$BC$23 -> 0 | BD52: =IFERROR(J52*$Z52*AA52/J$21,0) -> 0 | BE52: =IFERROR(K52*$Z52*AA52/K$21,0) -> 0 | BF52: =IFERROR(L52*$Z52*AB52/L$21,0) -> 0 | BG52: =IFERROR(BD52/W52,0) -> 0 | BH52: =IFERROR(BE52/X52,0) -> 0 | BI52: =IFERROR(BF52/Y52,0) -> 0 | BL52: BGA | BM52: =K132/1000 -> 0 | BN52: =BM52*$AN$23 -> 0 | BO52: =BM52*$BB$23 -> 0 | BP52: =BM52*$BC$23 -> 0 | BQ52: =IFERROR(M52*$Z52*$AA52/M$21,0) -> 0 | BR52: =IFERROR(N52*$Z52*$AA52/N$21,0) -> 0 | BS52: =IFERROR(O52*$Z52*$AA52/O$21,0) -> 0 | BT52: =IFERROR(BQ52/W52,0) -> 0 | BU52: =IFERROR(BR52/X52,0) -> 0 | BV52: =IFERROR(BS52/Y52,0) -> 0
C53: =+IF(OFFSET(Processes!B34,$D$11,0)="*","*",OFFSET(Processes!D34,$D$11,0)) -> AGRSHBHFOE1 | D53: =+OFFSET(Processes!E34,$D$11,0) -> Agriculture Heat Room Boiler - Heavy Fuel Oil Existing 1 | E53: =+Processes!O34 -> AGRHFO | F53: =Commodities!$D$8 -> AGDSH | G53: =AN53/($Z53*$AA53)*G$21*W53 -> 0 | H53: =AO53/($Z53*$AA53)*H$21*X53 -> 0 | I53: =AP53/($Z53*$AA53)*I$21*Y53 -> 0 | J53: =BA53/($Z53*$AA53)*J$21*W53 -> 0 | K53: =BB53/($Z53*$AA53)*K$21*X53 -> 0 | L53: =BC53/($Z53*$AA53)*L$21*Y53 -> 0 | M53: =BN53/($Z53*$AA53)*M$21*W53 -> 0 | N53: =BO53/($Z53*$AA53)*N$21*X53 -> 0 | O53: =BP53/($Z53*$AA53)*O$21*Y53 -> 0 | P53: =M53 -> 0 | Q53: =N53 -> 0 | R53: =O53 -> 0 | S53: =IF($AB53=20,0,M53/5)*IF(M53=0,0,1) -> 0 | T53: =IF($AB53=20,0,N53/5)*IF(N53=0,0,1) -> 0 | U53: =IF($AB53=20,0,O53/5)*IF(O53=0,0,1) -> 0 | V53: 5 | W53: =E151 -> 0.95 | X53: =W53 -> 0.95 | Y53: =X53 -> 0.95 | Z53: =3.6*8760/1000000 -> 0.031536 | AA53: =$AA$26 -> 0.5 | AB53: 20 | AG53: =((G53*Z53*AA53/W53)+(H53*Z53*AA53/X53))/$G$21 -> 0 | AH53: =((J53*Z53*AA53/W53)+(K53*Z53*AA53/X53))/$J$21 -> 0 | AI53: =((M53*AA53*Z53/W53)+(N53*Z53*AA53/X53))/$M$21 -> 0 | AL53: HFO | AM53: =E82/1000 -> 0 | AN53: =AM53*$AN$23 -> 0 | AO53: =AM53*$AO$23 -> 0 | AP53: =AM53*$AP$23 -> 0 | AQ53: =IFERROR(G53*$Z53*$AA53/G$21,0) -> 0 | AR53: =IFERROR(H53*$Z53*$AA53/H$21,0) -> 0 | AS53: =IFERROR(I53*$Z53*$AA53/I$21,0) -> 0 | AT53: =IFERROR(AQ53/W53,0) -> 0 | AU53: =IFERROR(AR53/X53,0) -> 0 | AV53: =IFERROR(AS53/Y53,0) -> 0 | AY53: HFO | AZ53: =E107/1000 -> 0 | BA53: =AZ53*$AN$23 -> 0 | BB53: =AZ53*$BB$23 -> 0 | BC53: =AZ53*$BC$23 -> 0 | BD53: =IFERROR(J53*$Z53*AA53/J$21,0) -> 0 | BE53: =IFERROR(K53*$Z53*AA53/K$21,0) -> 0 | BF53: =IFERROR(L53*$Z53*AB53/L$21,0) -> 0 | BG53: =IFERROR(BD53/W53,0) -> 0 | BH53: =IFERROR(BE53/X53,0) -> 0 | BI53: =IFERROR(BF53/Y53,0) -> 0 | BL53: HFO | BM53: =E132/1000 -> 0 | BN53: =BM53*$AN$23 -> 0 | BO53: =BM53*$BB$23 -> 0 | BP53: =BM53*$BC$23 -> 0 | BQ53: =IFERROR(M53*$Z53*$AA53/M$21,0) -> 0 | BR53: =IFERROR(N53*$Z53*$AA53/N$21,0) -> 0 | BS53: =IFERROR(O53*$Z53*$AA53/O$21,0) -> 0 | BT53: =IFERROR(BQ53/W53,0) -> 0 | BU53: =IFERROR(BR53/X53,0) -> 0 | BV53: =IFERROR(BS53/Y53,0) -> 0
C54: =+IF(OFFSET(Processes!B35,$D$11,0)="*","*",OFFSET(Processes!D35,$D$11,0)) -> AGRSHBLPGE1 | D54: =+OFFSET(Processes!E35,$D$11,0) -> Agriculture Heat Room Boiler - Liquified Petroleum Gas Existing 1 | E54: =+Processes!O35 -> AGRLPG | F54: =Commodities!$D$8 -> AGDSH | G54: =AN54/($Z54*$AA54)*G$21*W54 -> 0 | H54: =AO54/($Z54*$AA54)*H$21*X54 -> 0 | I54: =AP54/($Z54*$AA54)*I$21*Y54 -> 0 | J54: =BA54/($Z54*$AA54)*J$21*W54 -> 0 | K54: =BB54/($Z54*$AA54)*K$21*X54 -> 0 | L54: =BC54/($Z54*$AA54)*L$21*Y54 -> 0 | M54: =BN54/($Z54*$AA54)*M$21*W54 -> 0 | N54: =BO54/($Z54*$AA54)*N$21*X54 -> 0 | O54: =BP54/($Z54*$AA54)*O$21*Y54 -> 0 | P54: =M54 -> 0 | Q54: =N54 -> 0 | R54: =O54 -> 0 | S54: =IF($AB54=20,0,M54/5)*IF(M54=0,0,1) -> 0 | T54: =IF($AB54=20,0,N54/5)*IF(N54=0,0,1) -> 0 | U54: =IF($AB54=20,0,O54/5)*IF(O54=0,0,1) -> 0 | V54: 5 | W54: =H151 -> 1.02 | X54: =W54 -> 1.02 | Y54: =X54 -> 1.02 | Z54: =3.6*8760/1000000 -> 0.031536 | AA54: =$AA$26 -> 0.5 | AB54: 20 | AG54: =((G54*Z54*AA54/W54)+(H54*Z54*AA54/X54))/$G$21 -> 0 | AH54: =((J54*Z54*AA54/W54)+(K54*Z54*AA54/X54))/$J$21 -> 0 | AI54: =((M54*AA54*Z54/W54)+(N54*Z54*AA54/X54))/$M$21 -> 0 | AL54: LPG | AM54: =H82/1000 -> 0 | AN54: =AM54*$AN$23 -> 0 | AO54: =AM54*$AO$23 -> 0 | AP54: =AM54*$AP$23 -> 0 | AQ54: =IFERROR(G54*$Z54*$AA54/G$21,0) -> 0 | AR54: =IFERROR(H54*$Z54*$AA54/H$21,0) -> 0 | AS54: =IFERROR(I54*$Z54*$AA54/I$21,0) -> 0 | AT54: =IFERROR(AQ54/W54,0) -> 0 | AU54: =IFERROR(AR54/X54,0) -> 0 | AV54: =IFERROR(AS54/Y54,0) -> 0 | AY54: LPG | AZ54: =H107/1000 -> 0 | BA54: =AZ54*$AN$23 -> 0 | BB54: =AZ54*$BB$23 -> 0 | BC54: =AZ54*$BC$23 -> 0 | BD54: =IFERROR(J54*$Z54*AA54/J$21,0) -> 0 | BE54: =IFERROR(K54*$Z54*AA54/K$21,0) -> 0 | BF54: =IFERROR(L54*$Z54*AB54/L$21,0) -> 0 | BG54: =IFERROR(BD54/W54,0) -> 0 | BH54: =IFERROR(BE54/X54,0) -> 0 | BI54: =IFERROR(BF54/Y54,0) -> 0 | BL54: LPG | BM54: =H132/1000 -> 0 | BN54: =BM54*$AN$23 -> 0 | BO54: =BM54*$BB$23 -> 0 | BP54: =BM54*$BC$23 -> 0 | BQ54: =IFERROR(M54*$Z54*$AA54/M$21,0) -> 0 | BR54: =IFERROR(N54*$Z54*$AA54/N$21,0) -> 0 | BS54: =IFERROR(O54*$Z54*$AA54/O$21,0) -> 0 | BT54: =IFERROR(BQ54/W54,0) -> 0 | BU54: =IFERROR(BR54/X54,0) -> 0 | BV54: =IFERROR(BS54/Y54,0) -> 0
C55: =+IF(OFFSET(Processes!B36,$D$11,0)="*","*",OFFSET(Processes!D36,$D$11,0)) -> AGRSHBWSTE1 | D55: =+OFFSET(Processes!E36,$D$11,0) -> Agriculture Heat Room Boiler - Waste Existing 1 | E55: =+Processes!O36 -> AGRWST | F55: =Commodities!$D$8 -> AGDSH | G55: =AN55/($Z55*$AA55)*G$21*W55 -> 0 | H55: =AO55/($Z55*$AA55)*H$21*X55 -> 0 | I55: =AP55/($Z55*$AA55)*I$21*Y55 -> 0 | J55: =BA55/($Z55*$AA55)*J$21*W55 -> 0 | K55: =BB55/($Z55*$AA55)*K$21*X55 -> 0 | L55: =BC55/($Z55*$AA55)*L$21*Y55 -> 0 | M55: =BN55/($Z55*$AA55)*M$21*W55 -> 0 | N55: =BO55/($Z55*$AA55)*N$21*X55 -> 0 | O55: =BP55/($Z55*$AA55)*O$21*Y55 -> 0 | P55: =M55 -> 0 | Q55: =N55 -> 0 | R55: =O55 -> 0 | S55: =IF($AB55=20,0,M55/5)*IF(M55=0,0,1) -> 0 | T55: =IF($AB55=20,0,N55/5)*IF(N55=0,0,1) -> 0 | U55: =IF($AB55=20,0,O55/5)*IF(O55=0,0,1) -> 0 | V55: 5 | W55: =L151 -> 0.95 | X55: =W55 -> 0.95 | Y55: =X55 -> 0.95 | Z55: =3.6*8760/1000000 -> 0.031536 | AA55: =$AA$26 -> 0.5 | AB55: 20 | AG55: =((G55*Z55*AA55/W55)+(H55*Z55*AA55/X55))/$G$21 -> 0 | AH55: =((J55*Z55*AA55/W55)+(K55*Z55*AA55/X55))/$J$21 -> 0 | AI55: =((M55*AA55*Z55/W55)+(N55*Z55*AA55/X55))/$M$21 -> 0 | AL55: WST | AM55: =$N82/1000 -> 0 | AN55: =AM55*$AN$23 -> 0 | AO55: =AM55*$AO$23 -> 0 | AP55: =AM55*$AP$23 -> 0 | AQ55: =IFERROR(G55*$Z55*$AA55/G$21,0) -> 0 | AR55: =IFERROR(H55*$Z55*$AA55/H$21,0) -> 0 | AS55: =IFERROR(I55*$Z55*$AA55/I$21,0) -> 0 | AT55: =IFERROR(AQ55/W55,0) -> 0 | AU55: =IFERROR(AR55/X55,0) -> 0 | AV55: =IFERROR(AS55/Y55,0) -> 0 | AY55: WST | AZ55: =$N107/1000 -> 0 | BA55: =AZ55*$AN$23 -> 0 | BB55: =AZ55*$BB$23 -> 0 | BC55: =AZ55*$BC$23 -> 0 | BD55: =IFERROR(J55*$Z55*AA55/J$21,0) -> 0 | BE55: =IFERROR(K55*$Z55*AA55/K$21,0) -> 0 | BF55: =IFERROR(L55*$Z55*AB55/L$21,0) -> 0 | BG55: =IFERROR(BD55/W55,0) -> 0 | BH55: =IFERROR(BE55/X55,0) -> 0 | BI55: =IFERROR(BF55/Y55,0) -> 0 | BL55: WST | BM55: =$N132/1000 -> 0 | BN55: =BM55*$AN$23 -> 0 | BO55: =BM55*$BB$23 -> 0 | BP55: =BM55*$BC$23 -> 0 | BQ55: =IFERROR(M55*$Z55*$AA55/M$21,0) -> 0 | BR55: =IFERROR(N55*$Z55*$AA55/N$21,0) -> 0 | BS55: =IFERROR(O55*$Z55*$AA55/O$21,0) -> 0 | BT55: =IFERROR(BQ55/W55,0) -> 0 | BU55: =IFERROR(BR55/X55,0) -> 0 | BV55: =IFERROR(BS55/Y55,0) -> 0
C56: =+IF(OFFSET(Processes!B37,$D$11,0)="*","*",OFFSET(Processes!D37,$D$11,0)) -> AGRSHBHETE1 | D56: =+OFFSET(Processes!E37,$D$11,0) -> Agriculture Heat Room Boiler - Dist. Heat Existing 1 | E56: =+Processes!O37 -> AGRHCE | F56: =Commodities!$D$8 -> AGDSH | G56: =AN56/($Z56*$AA56)*G$21*W56 -> 0 | H56: =AO56/($Z56*$AA56)*H$21*X56 -> 0 | I56: =AP56/($Z56*$AA56)*I$21*Y56 -> 0 | J56: =BA56/($Z56*$AA56)*J$21*W56 -> 0 | K56: =BB56/($Z56*$AA56)*K$21*X56 -> 0 | L56: =BC56/($Z56*$AA56)*L$21*Y56 -> 0 | M56: =BN56/($Z56*$AA56)*M$21*W56 -> 0 | N56: =BO56/($Z56*$AA56)*N$21*X56 -> 0 | O56: =BP56/($Z56*$AA56)*O$21*Y56 -> 0 | P56: =M56 -> 0 | Q56: =N56 -> 0 | R56: =O56 -> 0 | S56: =IF($AB56=20,0,M56/5)*IF(M56=0,0,1) -> 0 | T56: =IF($AB56=20,0,N56/5)*IF(N56=0,0,1) -> 0 | U56: =IF($AB56=20,0,O56/5)*IF(O56=0,0,1) -> 0 | V56: 5 | W56: =$N$151 -> 0.96 | X56: =$W$56 -> 0.96 | Y56: =$W$56 -> 0.96 | Z56: =3.6*8760/1000000 -> 0.031536 | AA56: =$AA$26 -> 0.5 | AB56: 20 | AC56: 0.4 | AD56: 0.4 | AE56: 5 | AG56: =((G56*Z56*AA56/W56)+(H56*Z56*AA56/X56))/$G$21 -> 0 | AH56: =((J56*Z56*AA56/W56)+(K56*Z56*AA56/X56))/$J$21 -> 0 | AI56: =((M56*AA56*Z56/W56)+(N56*Z56*AA56/X56))/$M$21 -> 0 | AL56: HCE | AM56: =P82/1000 -> 0 | AN56: =AM56*$AN$23 -> 0 | AO56: =AM56*$AO$23 -> 0 | AP56: =AM56*$AP$23 -> 0 | AQ56: =IFERROR(G56*$Z56*$AA56/G$21,0) -> 0 | AR56: =IFERROR(H56*$Z56*$AA56/H$21,0) -> 0 | AS56: =IFERROR(I56*$Z56*$AA56/I$21,0) -> 0 | AT56: =IFERROR(AQ56/W56,0) -> 0 | AU56: =IFERROR(AR56/X56,0) -> 0 | AV56: =IFERROR(AS56/Y56,0) -> 0 | AY56: HCE | AZ56: =P107/1000 -> 0 | BA56: =AZ56*$AN$23 -> 0 | BB56: =AZ56*$BB$23 -> 0 | BC56: =AZ56*$BC$23 -> 0 | BD56: =IFERROR(J56*$Z56*AA56/J$21,0) -> 0 | BE56: =IFERROR(K56*$Z56*AA56/K$21,0) -> 0 | BF56: =IFERROR(L56*$Z56*AB56/L$21,0) -> 0 | BG56: =IFERROR(BD56/W56,0) -> 0 | BH56: =IFERROR(BE56/X56,0) -> 0 | BI56: =IFERROR(BF56/Y56,0) -> 0 | BL56: HCE | BM56: =P132/1000 -> 0 | BN56: =BM56*$AN$23 -> 0 | BO56: =BM56*$BB$23 -> 0 | BP56: =BM56*$BC$23 -> 0 | BQ56: =IFERROR(M56*$Z56*$AA56/M$21,0) -> 0 | BR56: =IFERROR(N56*$Z56*$AA56/N$21,0) -> 0 | BS56: =IFERROR(O56*$Z56*$AA56/O$21,0) -> 0 | BT56: =IFERROR(BQ56/W56,0) -> 0 | BU56: =IFERROR(BR56/X56,0) -> 0 | BV56: =IFERROR(BS56/Y56,0) -> 0
E57: =+Processes!O38 -> AGRHDE | P57: =M57 -> 0 | Q57: =N57 -> 0 | R57: =O57 -> 0 | S57: =IF($AB57=20,0,M57/5)*IF(M57=0,0,1) -> 0 | T57: =IF($AB57=20,0,N57/5)*IF(N57=0,0,1) -> 0 | U57: =IF($AB57=20,0,O57/5)*IF(O57=0,0,1) -> 0 | V57: =IF(S57>0,0.001,"") | W57: =$N$151 -> 0.96 | X57: =$W$56 -> 0.96 | Y57: =$W$56 -> 0.96 | Z57: =3.6*8760/1000000 -> 0.031536 | AC57: 0.6 | AD57: 0.6 | AE57: 5 | AG57: =((G57*Z57*AA57/W57)+(H57*Z57*AA57/X57))/$G$21 -> 0 | AH57: =((J57*Z57*AA57/W57)+(K57*Z57*AA57/X57))/$J$21 -> 0 | AI57: =((M57*AA57*Z57/W57)+(N57*Z57*AA57/X57))/$M$21 -> 0 | AL57: HDE | AN57: =AM57*$AN$23 -> 0 | AO57: =AM57*$AO$23 -> 0 | AP57: =AM57*$AP$23 -> 0 | AQ57: =IFERROR(G57*$Z57*$AA57/G$21,0) -> 0 | AR57: =IFERROR(H57*$Z57*$AA57/H$21,0) -> 0 | AS57: =IFERROR(I57*$Z57*$AA57/I$21,0) -> 0 | AY57: HDE | BB57: =AZ57*$BB$23 -> 0 | BC57: =AZ57*$BC$23 -> 0 | BD57: =IFERROR(J57*$Z57*AA57/J$21,0) -> 0 | BE57: =IFERROR(K57*$Z57*AA57/K$21,0) -> 0 | BF57: =IFERROR(L57*$Z57*AB57/L$21,0) -> 0 | BL57: HDE | BO57: =BM57*$BB$23 -> 0 | BP57: =BM57*$BC$23 -> 0 | BQ57: =IFERROR(M57*$Z57*$AA57/M$21,0) -> 0 | BR57: =IFERROR(N57*$Z57*$AA57/N$21,0) -> 0 | BS57: =IFERROR(O57*$Z57*$AA57/O$21,0) -> 0
C58: =+IF(OFFSET(Processes!B39,$D$11,0)="*","*",OFFSET(Processes!D39,$D$11,0)) -> AGRSHBELCE1 | D58: =+OFFSET(Processes!E39,$D$11,0) -> Agriculture Heat Room Boiler - Electricity Existing 1 | E58: =+Processes!O39 -> AGRELC | F58: =Commodities!$D$8 -> AGDSH | G58: =AN58/($Z58*$AA58)*G$21*W58 -> 39.823405 | H58: =AO58/($Z58*$AA58)*H$21*X58 -> 0 | I58: =AP58/($Z58*$AA58)*I$21*Y58 -> 0 | J58: =BA58/($Z58*$AA58)*J$21*W58 -> 37.876973 | K58: =BB58/($Z58*$AA58)*K$21*X58 -> 0 | L58: =BC58/($Z58*$AA58)*L$21*Y58 -> 0 | M58: =BN58/($Z58*$AA58)*M$21*W58 -> 34.594621 | N58: =BO58/($Z58*$AA58)*N$21*X58 -> 0 | O58: =BP58/($Z58*$AA58)*O$21*Y58 -> 0 | P58: =M58 -> 34.594621 | Q58: =N58 -> 0 | R58: =O58 -> 0 | S58: =IF($AB58=20,0,M58/5)*IF(M58=0,0,1) -> 0 | T58: =IF($AB58=20,0,N58/5)*IF(N58=0,0,1) -> 0 | U58: =IF($AB58=20,0,O58/5)*IF(O58=0,0,1) -> 0 | V58: 5 | W58: =M151 -> 0.95 | X58: =W58 -> 0.95 | Y58: =X58 -> 0.95 | Z58: =3.6*8760/1000000 -> 0.031536 | AA58: =$AA$26 -> 0.5 | AB58: 20 | AG58: =((G58*Z58*AA58/W58)+(H58*Z58*AA58/X58))/$G$21 -> 0.66032436 | AH58: =((J58*Z58*AA58/W58)+(K58*Z58*AA58/X58))/$J$21 -> 0.62245348 | AI58: =((M58*AA58*Z58/W58)+(N58*Z58*AA58/X58))/$M$21 -> 0.56851275 | AL58: ELC | AM58: =O82/1000 -> 0.66032436 | AN58: =AM58*$AN$23 -> 0.66032436 | AO58: =AM58*$AO$23 -> 0 | AP58: =AM58*$AP$23 -> 0 | AQ58: =IFERROR(G58*$Z58*$AA58/G$21,0) -> 0.62730814 | AR58: =IFERROR(H58*$Z58*$AA58/H$21,0) -> 0 | AS58: =IFERROR(I58*$Z58*$AA58/I$21,0) -> 0 | AT58: =IFERROR(AQ58/W58,0) -> 0.66032436 | AU58: =IFERROR(AR58/X58,0) -> 0 | AV58: =IFERROR(AS58/Y58,0) -> 0 | AY58: ELC | AZ58: =O107/1000 -> 0.62245348 | BA58: =AZ58*$AN$23 -> 0.62245348 | BB58: =AZ58*$BB$23 -> 0 | BC58: =AZ58*$BC$23 -> 0 | BD58: =IFERROR(J58*$Z58*$AA$58/J$21,0) -> 0.5913308 | BE58: =IFERROR(K58*$Z58*$AA$58/K$21,0) -> 0 | BF58: =IFERROR(L58*$Z58*$AA$58/L$21,0) -> 0 | BG58: =IFERROR(BD58/W58,0) -> 0.62245348 | BH58: =IFERROR(BE58/X58,0) -> 0 | BI58: =IFERROR(BF58/Y58,0) -> 0 | BL58: ELC | BM58: =O132/1000 -> 0.56851275 | BN58: =BM58*$AN$23 -> 0.56851275 | BO58: =BM58*$BB$23 -> 0 | BP58: =BM58*$BC$23 -> 0 | BQ58: =IFERROR(M58*$Z58*$AA58/M$21,0) -> 0.54008712 | BR58: =IFERROR(N58*$Z58*$AA58/N$21,0) -> 0 | BS58: =IFERROR(O58*$Z58*$AA58/O$21,0) -> 0 | BT58: =IFERROR(BQ58/W58,0) -> 0.56851275 | BU58: =IFERROR(BR58/X58,0) -> 0 | BV58: =IFERROR(BS58/Y58,0) -> 0
C59: =+IF(OFFSET(Processes!B40,$D$11,0)="*","*",OFFSET(Processes!D40,$D$11,0)) -> AGRLAAELCE1 | D59: =+OFFSET(Processes!E40,$D$11,0) -> Agriculture Electricity Light Appliance - Electricity Existing 1 | E59: =+Processes!O40 -> AGRELC | F59: =Commodities!$D$9 -> AGDLA | G59: =AN59/($Z59*$AA59)*G$21*W59 -> 293.36527 | H59: =AO59/($Z59*$AA59)*H$21*X59 -> 0 | I59: =AP59/($Z59*$AA59)*I$21*Y59 -> 0 | J59: =BA59/($Z59*$AA59)*J$21*W59 -> 279.02658 | K59: =BB59/($Z59*$AA59)*K$21*X59 -> 0 | L59: =BC59/($Z59*$AA59)*L$21*Y59 -> 0 | M59: =BN59/($Z59*$AA59)*M$21*W59 -> 254.84663 | N59: =BO59/($Z59*$AA59)*N$21*X59 -> 0 | O59: =BP59/($Z59*$AA59)*O$21*Y59 -> 0 | P59: =M59 -> 254.84663 | Q59: =N59 -> 0 | R59: =O59 -> 0 | S59: =IF($AB59=20,0,M59/5)*IF(M59=0,0,1) -> 0 | T59: =IF($AB59=20,0,N59/5)*IF(N59=0,0,1) -> 0 | U59: =IF($AB59=20,0,O59/5)*IF(O59=0,0,1) -> 0 | V59: 5 | W59: 1 | X59: 1 | Y59: 1 | Z59: =3.6*8760/1000000 -> 0.031536 | AA59: =$AA$26 -> 0.5 | AB59: 20 | AG59: =((G59*Z59*AA59/W59)+(H59*Z59*AA59/X59))/$G$21 -> 4.6211625 | AH59: =((J59*Z59*AA59/W59)+(K59*Z59*AA59/X59))/$J$21 -> 4.3561298 | AI59: =((M59*AA59*Z59/W59)+(N59*Z59*AA59/X59))/$M$21 -> 3.9786353 | AK59: =F59 -> AGDLA | AL59: ELC | AM59: =O80/1000 -> 4.6211625 | AN59: =AM59*$AN$23 -> 4.6211625 | AO59: =AM59*$AO$23 -> 0 | AP59: =AM59*$AP$23 -> 0 | AQ59: =IFERROR(G59*$Z59*$AA59/G$21,0) -> 4.6211625 | AR59: =IFERROR(H59*$Z59*$AA59/H$21,0) -> 0 | AS59: =IFERROR(I59*$Z59*$AA59/I$21,0) -> 0 | AT59: =IFERROR(AQ59/W59,0) -> 4.6211625 | AU59: =IFERROR(AR59/X59,0) -> 0 | AV59: =IFERROR(AS59/Y59,0) -> 0 | AX59: =AK59 -> AGDLA | AY59: ELC | AZ59: =O105/1000 -> 4.3561298 | BA59: =AZ59*$AN$23 -> 4.3561298 | BB59: =AZ59*$BB$23 -> 0 | BC59: =AZ59*$BC$23 -> 0 | BD59: =IFERROR(J59*$Z59*$AA$59/J$21,0) -> 4.3561298 | BE59: =IFERROR(K59*$Z59*$AA$59/K$21,0) -> 0 | BF59: =IFERROR(L59*$Z59*$AA$59/L$21,0) -> 0 | BG59: =IFERROR(BD59/W59,0) -> 4.3561298 | BH59: =IFERROR(BE59/X59,0) -> 0 | BI59: =IFERROR(BF59/Y59,0) -> 0 | BK59: =AK59 -> AGDLA | BL59: ELC | BM59: =O130/1000 -> 3.9786353 | BN59: =BM59*$AN$23 -> 3.9786353 | BO59: =BM59*$BB$23 -> 0 | BP59: =BM59*$BC$23 -> 0 | BQ59: =IFERROR(M59*$Z59*$AA59/M$21,0) -> 3.9786353 | BR59: =IFERROR(N59*$Z59*$AA59/N$21,0) -> 0 | BS59: =IFERROR(O59*$Z59*$AA59/O$21,0) -> 0 | BT59: =IFERROR(BQ59/W59,0) -> 3.9786353 | BU59: =IFERROR(BR59/X59,0) -> 0 | BV59: =IFERROR(BS59/Y59,0) -> 0
C60: =+IF(OFFSET(Processes!B41,$D$11,0)="*","*",OFFSET(Processes!D41,$D$11,0)) -> AGREMMELCE1 | D60: =+OFFSET(Processes!E41,$D$11,0) -> Agriculture Electricity Motors - Electricity Existing 1 | E60: =+Processes!O41 -> AGRELC | F60: =Commodities!$D$10 -> AGDEM | G60: =AN60/($Z60*$AA60)*G$21*W60 -> 878.09495 | H60: =AO60/($Z60*$AA60)*H$21*X60 -> 0 | I60: =AP60/($Z60*$AA60)*I$21*Y60 -> 0 | J60: =BA60/($Z60*$AA60)*J$21*W60 -> 835.17667 | K60: =BB60/($Z60*$AA60)*K$21*X60 -> 0 | L60: =BC60/($Z60*$AA60)*L$21*Y60 -> 0 | M60: =BN60/($Z60*$AA60)*M$21*W60 -> 762.80173 | N60: =BO60/($Z60*$AA60)*N$21*X60 -> 0 | O60: =BP60/($Z60*$AA60)*O$21*Y60 -> 0 | P60: =M60 -> 762.80173 | Q60: =N60 -> 0 | R60: =O60 -> 0 | S60: =IF($AB60=20,0,M60/5)*IF(M60=0,0,1) -> 0 | T60: =IF($AB60=20,0,N60/5)*IF(N60=0,0,1) -> 0 | U60: =IF($AB60=20,0,O60/5)*IF(O60=0,0,1) -> 0 | V60: 5 | W60: 1 | X60: 1 | Y60: 1 | Z60: =3.6*8760/1000000 -> 0.031536 | AA60: =$AA$26 -> 0.5 | AB60: 20 | AG60: =((G60*Z60*AA60/W60)+(H60*Z60*AA60/X60))/$G$21 -> 13.831969 | AH60: =((J60*Z60*AA60/W60)+(K60*Z60*AA60/X60))/$J$21 -> 13.038679 | AI60: =((M60*AA60*Z60/W60)+(N60*Z60*AA60/X60))/$M$21 -> 11.90877 | AK60: =F60 -> AGDEM | AL60: ELC | AM60: =O81/1000 -> 13.831969 | AN60: =AM60*$AN$23 -> 13.831969 | AO60: =AM60*$AO$23 -> 0 | AP60: =AM60*$AP$23 -> 0 | AQ60: =IFERROR(G60*$Z60*$AA60/G$21,0) -> 13.831969 | AR60: =IFERROR(H60*$Z60*$AA60/H$21,0) -> 0 | AS60: =IFERROR(I60*$Z60*$AA60/I$21,0) -> 0 | AT60: =IFERROR(AQ60/W60,0) -> 13.831969 | AU60: =IFERROR(AR60/X60,0) -> 0 | AV60: =IFERROR(AS60/Y60,0) -> 0 | AX60: =AK60 -> AGDEM | AY60: ELC | AZ60: =O106/1000 -> 13.038679 | BA60: =AZ60*$AN$23 -> 13.038679 | BB60: =AZ60*$BB$23 -> 0 | BC60: =AZ60*$BC$23 -> 0 | BD60: =IFERROR(J60*$Z60*$AA$60/J$21,0) -> 13.038679 | BE60: =IFERROR(K60*$Z60*$AA$60/K$21,0) -> 0 | BF60: =IFERROR(L60*$Z60*$AA$60/L$21,0) -> 0 | BG60: =IFERROR(BD60/W60,0) -> 13.038679 | BH60: =IFERROR(BE60/X60,0) -> 0 | BI60: =IFERROR(BF60/Y60,0) -> 0 | BK60: =AK60 -> AGDEM | BL60: ELC | BM60: =O131/1000 -> 11.90877 | BN60: =BM60*$AN$23 -> 11.90877 | BO60: =BM60*$BB$23 -> 0 | BP60: =BM60*$BC$23 -> 0 | BQ60: =IFERROR(M60*$Z60*$AA60/M$21,0) -> 11.90877 | BR60: =IFERROR(N60*$Z60*$AA60/N$21,0) -> 0 | BS60: =IFERROR(O60*$Z60*$AA60/O$21,0) -> 0 | BT60: =IFERROR(BQ60/W60,0) -> 11.90877 | BU60: =IFERROR(BR60/X60,0) -> 0 | BV60: =IFERROR(BS60/Y60,0) -> 0
C61: =+IF(OFFSET(Processes!B42,$D$11,0)="*","*",OFFSET(Processes!D42,$D$11,0)) -> AGRTFTDSLE1 | D61: =+OFFSET(Processes!E42,$D$11,0) -> Agriculture Tractors, Trucks, Fishing boats, Forest machines - Diesel Existing 1 | E61: =+Processes!O42 -> AGRDSB1,AGRDSB2,AGRDSL | F61: =Commodities!$D$11 -> AGDTF | G61: =AN61/($Z61*$AA61)*G$21*W61 -> 99.755414 | H61: =AO61/($Z61*$AA61)*H$21*X61 -> 0 | I61: =AP61/($Z61*$AA61)*I$21*Y61 -> 0 | J61: =BA61/($Z61*$AA61)*J$21*W61 -> 22.726345 | K61: =BB61/($Z61*$AA61)*K$21*X61 -> 0 | L61: =BC61/($Z61*$AA61)*L$21*Y61 -> 0 | M61: =BN61/($Z61*$AA61)*M$21*W61 -> 5381.5774 | N61: =BO61/($Z61*$AA61)*N$21*X61 -> 0 | O61: =BP61/($Z61*$AA61)*O$21*Y61 -> 0 | P61: =M61 -> 5381.5774 | Q61: =N61 -> 0 | R61: =O61 -> 0 | S61: =IF($AB61=20,0,M61/5)*IF(M61=0,0,1) -> 0 | T61: =IF($AB61=20,0,N61/5)*IF(N61=0,0,1) -> 0 | U61: =IF($AB61=20,0,O61/5)*IF(O61=0,0,1) -> 0 | V61: 5 | W61: 1 | X61: =W61 -> 1 | Y61: =X61 -> 1 | Z61: =3.6*8760/1000000 -> 0.031536 | AA61: 0.5 | AB61: 20 | AG61: =((G61*Z61*AA61/W61)+(H61*Z61*AA61/X61))/$G$21 -> 1.571372 | AH61: =((J61*Z61*AA61/W61)+(K61*Z61*AA61/X61))/$J$21 -> 0.354801 | AI61: =((M61*AA61*Z61/W61)+(N61*Z61*AA61/X61))/$M$21 -> 84.016547 | AK61: =F61 -> AGDTF | AL61: DSL | AM61: =(F79+G79+E79+L79)/1000 -> 1.571372 | AN61: =AM61*$AN$23 -> 1.571372 | AO61: =AM61*$AO$23 -> 0 | AP61: =AM61*$AP$23 -> 0 | AQ61: =IFERROR(G61*$Z61*$AA61/G$21,0) -> 1.571372 | AR61: =IFERROR(H61*$Z61*$AA61/H$21,0) -> 0 | AS61: =IFERROR(I61*$Z61*$AA61/I$21,0) -> 0 | AT61: =IFERROR(AQ61/W61,0) -> 1.571372 | AU61: =IFERROR(AR61/X61,0) -> 0 | AV61: =IFERROR(AS61/Y61,0) -> 0 | AX61: =AK61 -> AGDTF | AY61: DSL | AZ61: =(F104+G104+E104+L104)/1000 -> 0.354801 | BA61: =AZ61*$AN$23 -> 0.354801 | BB61: =AZ61*$BB$23 -> 0 | BC61: =AZ61*$BC$23 -> 0 | BD61: =IFERROR(J61*$Z61*$AA$61/J$21,0) -> 0.354801 | BE61: =IFERROR(K61*$Z61*$AA$61/K$21,0) -> 0 | BF61: =IFERROR(L61*$Z61*$AA$61/L$21,0) -> 0 | BG61: =IFERROR(BD61/W61,0) -> 0.354801 | BH61: =IFERROR(BE61/X61,0) -> 0 | BI61: =IFERROR(BF61/Y61,0) -> 0 | BK61: =AK61 -> AGDTF | BL61: DSL | BM61: =(F129+G129+E129+L129)/1000 -> 84.016547 | BN61: =BM61*$AN$23 -> 84.016547 | BO61: =BM61*$BB$23 -> 0 | BP61: =BM61*$BC$23 -> 0 | BQ61: =IFERROR(M61*$Z61*$AA61/M$21,0) -> 84.016547 | BR61: =IFERROR(N61*$Z61*$AA61/N$21,0) -> 0 | BS61: =IFERROR(O61*$Z61*$AA61/O$21,0) -> 0 | BT61: =IFERROR(BQ61/W61,0) -> 84.016547 | BU61: =IFERROR(BR61/X61,0) -> 0 | BV61: =IFERROR(BS61/Y61,0) -> 0
C62: =+IF(OFFSET(Processes!B43,$D$11,0)="*","*",OFFSET(Processes!D43,$D$11,0)) -> AGRFLTLPGE1 | D62: =+OFFSET(Processes!E43,$D$11,0) -> Agriculture Forklifts - LPG Existing 1 | E62: =+Processes!O43 -> AGRLPG,AGRSNG1,AGRSNG2 | F62: =Commodities!$D$12 -> AGDFL | G62: =AN62/($Z62*$AA62)*G$21*W62 -> 0 | H62: =AO62/($Z62*$AA62)*H$21*X62 -> 0 | I62: =AP62/($Z62*$AA62)*I$21*Y62 -> 0 | J62: =BA62/($Z62*$AA62)*J$21*W62 -> 0 | K62: =BB62/($Z62*$AA62)*K$21*X62 -> 0 | L62: =BC62/($Z62*$AA62)*L$21*Y62 -> 0 | M62: =BN62/($Z62*$AA62)*M$21*W62 -> 424.20432 | N62: =BO62/($Z62*$AA62)*N$21*X62 -> 0 | O62: =BP62/($Z62*$AA62)*O$21*Y62 -> 0 | P62: =M62 -> 424.20432 | Q62: =N62 -> 0 | R62: =O62 -> 0 | S62: =IF($AB62=20,0,M62/5)*IF(M62=0,0,1) -> 0 | T62: =IF($AB62=20,0,N62/5)*IF(N62=0,0,1) -> 0 | U62: =IF($AB62=20,0,O62/5)*IF(O62=0,0,1) -> 0 | V62: 5 | W62: 1 | X62: =W62 -> 1 | Y62: =X62 -> 1 | Z62: =3.6*8760/1000000 -> 0.031536 | AA62: =$AA$61 -> 0.5 | AB62: 20 | AG62: =((G62*Z62*AA62/W62)+(H62*Z62*AA62/X62))/$G$21 -> 0 | AH62: =((J62*Z62*AA62/W62)+(K62*Z62*AA62/X62))/$J$21 -> 0 | AI62: =((M62*AA62*Z62/W62)+(N62*Z62*AA62/X62))/$M$21 -> 6.6226275 | AK62: =F62 -> AGDFL | AL62: LPG | AM62: =H79/1000 -> 0 | AN62: =AM62*$AN$23 -> 0 | AO62: =AM62*$AO$23 -> 0 | AP62: =AM62*$AP$23 -> 0 | AQ62: =IFERROR(G62*$Z62*$AA62/G$21,0) -> 0 | AR62: =IFERROR(H62*$Z62*$AA62/H$21,0) -> 0 | AS62: =IFERROR(I62*$Z62*$AA62/I$21,0) -> 0 | AT62: =IFERROR(AQ62/W62,0) -> 0 | AU62: =IFERROR(AR62/X62,0) -> 0 | AV62: =IFERROR(AS62/Y62,0) -> 0 | AX62: =AK62 -> AGDFL | AY62: LPG | AZ62: =H104/1000 -> 0 | BA62: =AZ62*$AN$23 -> 0 | BB62: =AZ62*$BB$23 -> 0 | BC62: =AZ62*$BC$23 -> 0 | BD62: =IFERROR(J62*$Z62*$AA$62/J$21,0) -> 0 | BE62: =IFERROR(K62*$Z62*$AA$62/K$21,0) -> 0 | BF62: =IFERROR(L62*$Z62*$AA$62/L$21,0) -> 0 | BG62: =IFERROR(BD62/W62,0) -> 0 | BH62: =IFERROR(BE62/X62,0) -> 0 | BI62: =IFERROR(BF62/Y62,0) -> 0 | BK62: =AK62 -> AGDFL | BL62: LPG | BM62: =H129/1000 -> 6.6226275 | BN62: =BM62*$AN$23 -> 6.6226275 | BO62: =BM62*$BB$23 -> 0 | BP62: =BM62*$BC$23 -> 0 | BQ62: =IFERROR(M62*$Z62*$AA62/M$21,0) -> 6.6226275 | BR62: =IFERROR(N62*$Z62*$AA62/N$21,0) -> 0 | BS62: =IFERROR(O62*$Z62*$AA62/O$21,0) -> 0 | BT62: =IFERROR(BQ62/W62,0) -> 6.6226275 | BU62: =IFERROR(BR62/X62,0) -> 0 | BV62: =IFERROR(BS62/Y62,0) -> 0
C70: Energy matrix for 2010
C72: EnergyMatrix fuel:
D73: The two fuel lists should match: | E73: {=+IF(AND(UPPER(TRANSPOSE(T78:T88))=UPPER(MID(D76:N76,4,99))),"Ok","ERROR")} -> Ok
C74: GJ | T74: Energy demand 2010
D75: 1 | E75: =+D75+1 -> 2 | F75: =+E75+1 -> 3 | G75: =+F75+1 -> 4 | H75: =+G75+1 -> 5 | I75: =+H75+1 -> 6 | J75: =+I75+1 -> 7 | K75: =+J75+1 -> 8 | L75: =+K75+1 -> 9 | ... P75: =+O75+1 -> 13
C76: =+D164 -> Agg End-use | D76: =+E164 -> 01 Coal | E76: =+F164 -> 02 Fuel oil | F76: =+G164 -> 03 Diesel | G76: =+H164 -> 04 Gasoline | H76: =+I164 -> 05 LPG | I76: =+J164 -> 06 Manufactured gases | J76: =+K164 -> 07 Natural gas | ... P76: =+Q164 -> 13 District Heating | T76: EnergyMatrix: | V76: =+'Energy matrix'!B3 -> 2010
C77: =$D$165 -> Process heat temperature | D77: =+INDEX($E165:$Q165,1,D$75) * INDEX($V$78:$V$93,D$75,1) -> 0 | E77: =+INDEX($E165:$Q165,1,E$75) * INDEX($V$78:$V$93,E$75,1) -> 0 | F77: =+INDEX($E165:$Q165,1,F$75) * INDEX($V$78:$V$93,F$75,1) -> 0 | G77: =+INDEX($E165:$Q165,1,G$75) * INDEX($V$78:$V$93,G$75,1) -> 0 | H77: =+INDEX($E165:$Q165,1,H$75) * INDEX($V$78:$V$93,H$75,1) -> 0 | I77: =+INDEX($E165:$Q165,1,I$75) * INDEX($V$78:$V$93,I$75,1) -> 0 | J77: =+INDEX($E165:$Q165,1,J$75) * INDEX($V$78:$V$93,J$75,1) -> 13816.061 | K77: =+INDEX($E165:$Q165,1,K$75) * INDEX($V$78:$V$93,K$75,1) -> 11864 | ... P77: =+INDEX($E165:$Q165,1,P$75) * INDEX($V$78:$V$93,P$75,1) -> 0 | T77: TJ | V77: =+INDEX('Energy matrix'!C4:N4,1,$D$2) -> Agriculture, forestry and fishing | X77: PJ
C78: =$D$166 -> Cooling demand | D78: =+INDEX($E166:$Q166,1,D$75) * INDEX($V$78:$V$93,D$75,1) -> 0 | E78: =+INDEX($E166:$Q166,1,E$75) * INDEX($V$78:$V$93,E$75,1) -> 0 | F78: =+INDEX($E166:$Q166,1,F$75) * INDEX($V$78:$V$93,F$75,1) -> 0 | G78: =+INDEX($E166:$Q166,1,G$75) * INDEX($V$78:$V$93,G$75,1) -> 0 | H78: =+INDEX($E166:$Q166,1,H$75) * INDEX($V$78:$V$93,H$75,1) -> 0 | I78: =+INDEX($E166:$Q166,1,I$75) * INDEX($V$78:$V$93,I$75,1) -> 0 | J78: =+INDEX($E166:$Q166,1,J$75) * INDEX($V$78:$V$93,J$75,1) -> 0 | K78: =+INDEX($E166:$Q166,1,K$75) * INDEX($V$78:$V$93,K$75,1) -> 0 | ... P78: =+INDEX($E166:$Q166,1,P$75) * INDEX($V$78:$V$93,P$75,1) -> 0 | T78: =+'Energy matrix'!B5 -> Coal | V78: =+INDEX('Energy matrix'!C5:N5,1,$D$2) -> 0 | X78: =V78/1000 -> 0
C79: =$D$167 -> Haullage | D79: =+INDEX($E167:$Q167,1,D$75) * INDEX($V$78:$V$93,D$75,1) -> 0 | E79: =+INDEX($E167:$Q167,1,E$75) * INDEX($V$78:$V$93,E$75,1) -> 0 | F79: =+INDEX($E167:$Q167,1,F$75) * INDEX($V$78:$V$93,F$75,1) -> 0 | G79: =+INDEX($E167:$Q167,1,G$75) * INDEX($V$78:$V$93,G$75,1) -> 0 | H79: =+INDEX($E167:$Q167,1,H$75) * INDEX($V$78:$V$93,H$75,1) -> 0 | I79: =+INDEX($E167:$Q167,1,I$75) * INDEX($V$78:$V$93,I$75,1) -> 0 | J79: =+INDEX($E167:$Q167,1,J$75) * INDEX($V$78:$V$93,J$75,1) -> 0 | K79: =+INDEX($E167:$Q167,1,K$75) * INDEX($V$78:$V$93,K$75,1) -> 0 | ... P79: =+INDEX($E167:$Q167,1,P$75) * INDEX($V$78:$V$93,P$75,1) -> 0 | T79: =+'Energy matrix'!B6 -> Fuel Oil | V79: =+INDEX('Energy matrix'!C6:N6,1,$D$2) -> 0 | X79: =V79/1000 -> 0
C80: =$D$168 -> Light and electronics | D80: =+INDEX($E168:$Q168,1,D$75) * INDEX($V$78:$V$93,D$75,1) -> 0 | E80: =+INDEX($E168:$Q168,1,E$75) * INDEX($V$78:$V$93,E$75,1) -> 0 | F80: =+INDEX($E168:$Q168,1,F$75) * INDEX($V$78:$V$93,F$75,1) -> 0 | G80: =+INDEX($E168:$Q168,1,G$75) * INDEX($V$78:$V$93,G$75,1) -> 0 | H80: =+INDEX($E168:$Q168,1,H$75) * INDEX($V$78:$V$93,H$75,1) -> 0 | I80: =+INDEX($E168:$Q168,1,I$75) * INDEX($V$78:$V$93,I$75,1) -> 0 | J80: =+INDEX($E168:$Q168,1,J$75) * INDEX($V$78:$V$93,J$75,1) -> 0 | K80: =+INDEX($E168:$Q168,1,K$75) * INDEX($V$78:$V$93,K$75,1) -> 0 | ... P80: =+INDEX($E168:$Q168,1,P$75) * INDEX($V$78:$V$93,P$75,1) -> 0 | T80: =+'Energy matrix'!B7 -> Diesel | V80: =+INDEX('Energy matrix'!C7:N7,1,$D$2) -> 0 | X80: =V80/1000 -> 0
C81: =$D$169 -> Electric motors | D81: =+INDEX($E169:$Q169,1,D$75) * INDEX($V$78:$V$93,D$75,1) -> 0 | E81: =+INDEX($E169:$Q169,1,E$75) * INDEX($V$78:$V$93,E$75,1) -> 0 | F81: =+INDEX($E169:$Q169,1,F$75) * INDEX($V$78:$V$93,F$75,1) -> 0 | G81: =+INDEX($E169:$Q169,1,G$75) * INDEX($V$78:$V$93,G$75,1) -> 0 | H81: =+INDEX($E169:$Q169,1,H$75) * INDEX($V$78:$V$93,H$75,1) -> 0 | I81: =+INDEX($E169:$Q169,1,I$75) * INDEX($V$78:$V$93,I$75,1) -> 0 | J81: =+INDEX($E169:$Q169,1,J$75) * INDEX($V$78:$V$93,J$75,1) -> 0 | K81: =+INDEX($E169:$Q169,1,K$75) * INDEX($V$78:$V$93,K$75,1) -> 0 | ... P81: =+INDEX($E169:$Q169,1,P$75) * INDEX($V$78:$V$93,P$75,1) -> 0 | T81: =+'Energy matrix'!B8 -> Gasoline | V81: =+INDEX('Energy matrix'!C8:N8,1,$D$2) -> 0 | X81: =V81/1000 -> 0
C82: =$D$170 -> Spatial heating | D82: =+INDEX($E170:$Q170,1,D$75) * INDEX($V$78:$V$93,D$75,1) -> 0 | E82: =+INDEX($E170:$Q170,1,E$75) * INDEX($V$78:$V$93,E$75,1) -> 0 | F82: =+INDEX($E170:$Q170,1,F$75) * INDEX($V$78:$V$93,F$75,1) -> 0 | G82: =+INDEX($E170:$Q170,1,G$75) * INDEX($V$78:$V$93,G$75,1) -> 0 | H82: =+INDEX($E170:$Q170,1,H$75) * INDEX($V$78:$V$93,H$75,1) -> 0 | I82: =+INDEX($E170:$Q170,1,I$75) * INDEX($V$78:$V$93,I$75,1) -> 0 | J82: =+INDEX($E170:$Q170,1,J$75) * INDEX($V$78:$V$93,J$75,1) -> 0 | K82: =+INDEX($E170:$Q170,1,K$75) * INDEX($V$78:$V$93,K$75,1) -> 0 | ... P82: =+INDEX($E170:$Q170,1,P$75) * INDEX($V$78:$V$93,P$75,1) -> 0 | T82: =+'Energy matrix'!B9 -> LPG | V82: =+INDEX('Energy matrix'!C9:N9,1,$D$2) -> 0 | X82: =V82/1000 -> 0
C83: Total | D83: =SUM(D77:D82) -> 0 | E83: =SUM(E77:E82) -> 0 | F83: =SUM(F77:F82) -> 0 | G83: =SUM(G77:G82) -> 0 | H83: =SUM(H77:H82) -> 0 | I83: =SUM(I77:I82) -> 0 | J83: =SUM(J77:J82) -> 13816.061 | K83: =SUM(K77:K82) -> 11864 | ... P83: =SUM(P77:P82) -> 0 | T83: =+'Energy matrix'!B10 -> Manufactured gases | V83: =+INDEX('Energy matrix'!C10:N10,1,$D$2) -> 0 | X83: =V83/1000 -> 0
T84: =+'Energy matrix'!B11 -> Natural gas | V84: =+INDEX('Energy matrix'!C11:N11,1,$D$2) -> 13816.061 | X84: =V84/1000 -> 13.816061
T85: =+'Energy matrix'!B12 -> Biogas | V85: =+INDEX('Energy matrix'!C12:N12,1,$D$2) -> 11864 | X85: =V85/1000 -> 11.864
T86: =+'Energy matrix'!B13 -> Biodiesel | V86: =+INDEX('Energy matrix'!C13:N13,1,$D$2) -> 1571.372 | X86: =V86/1000 -> 1.571372
T87: =+'Energy matrix'!B14 -> Biomass | V87: =+INDEX('Energy matrix'!C14:N14,1,$D$2) -> 5457 | X87: =V87/1000 -> 5.457
T88: =+'Energy matrix'!B15 -> Waste | V88: =+INDEX('Energy matrix'!C15:N15,1,$D$2) -> 0 | X88: =V88/1000 -> 0
T89: =+'Energy matrix'!B16 -> Electricity | V89: =+INDEX('Energy matrix'!C16:N16,1,$D$2) -> 21153.6 | X89: =V89/1000 -> 21.1536
T90: =+'Energy matrix'!B17 -> District Heating | V90: =+INDEX('Energy matrix'!C17:N17,1,$D$2) -> 0 | X90: =V90/1000 -> 0
T91: Total | V91: =SUM(V78:V90) -> 53862.033 | X91: =V91/1000 -> 53.862033
C96: Energy matrix for 2015
C97: EnergyMatrix fuel:
D98: The two fuel lists should match: | E98: {=+IF(AND(UPPER(TRANSPOSE(T103:T113))=UPPER(MID(D101:N101,4,99))),"Ok","ERROR")} -> Ok
C99: GJ | T99: Energy demand 2015
D100: 1 | E100: =+D100+1 -> 2 | F100: =+E100+1 -> 3 | G100: =+F100+1 -> 4 | H100: =+G100+1 -> 5 | I100: =+H100+1 -> 6 | J100: =+I100+1 -> 7 | K100: =+J100+1 -> 8 | L100: =+K100+1 -> 9 | ... P100: =+O100+1 -> 13
C101: =+D164 -> Agg End-use | D101: =D76 -> 01 Coal | E101: =E76 -> 02 Fuel oil | F101: =F76 -> 03 Diesel | G101: =G76 -> 04 Gasoline | H101: =H76 -> 05 LPG | I101: =I76 -> 06 Manufactured gases | J101: =J76 -> 07 Natural gas | K101: =K76 -> 08 Biogas | ... P101: =P76 -> 13 District Heating | T101: EnergyMatrix: | V101: 2015
C102: =$D$165 -> Process heat temperature | D102: =+INDEX($E165:$Q165,1,D$100) * INDEX($V$103:$V$119,D$100,1) -> 0 | E102: =+INDEX($E165:$Q165,1,E$100) * INDEX($V$103:$V$119,E$100,1) -> 0 | F102: =+INDEX($E165:$Q165,1,F$100) * INDEX($V$103:$V$119,F$100,1) -> 0 | G102: =+INDEX($E165:$Q165,1,G$100) * INDEX($V$103:$V$119,G$100,1) -> 0 | H102: =+INDEX($E165:$Q165,1,H$100) * INDEX($V$103:$V$119,H$100,1) -> 0 | I102: =+INDEX($E165:$Q165,1,I$100) * INDEX($V$103:$V$119,I$100,1) -> 0 | J102: =+INDEX($E165:$Q165,1,J$100) * INDEX($V$103:$V$119,J$100,1) -> 13296.6 | K102: =+INDEX($E165:$Q165,1,K$100) * INDEX($V$103:$V$119,K$100,1) -> 22744 | ... P102: =+INDEX($E165:$Q165,1,P$100) * INDEX($V$103:$V$119,P$100,1) -> 0 | T102: TJ | V102: =+INDEX('Energy matrix'!C25:N25,1,$D$2) -> Agriculture, forestry and fishing | X102: PJ
C103: =$D$166 -> Cooling demand | D103: =+INDEX($E166:$Q166,1,D$100) * INDEX($V$103:$V$119,D$100,1) -> 0 | E103: =+INDEX($E166:$Q166,1,E$100) * INDEX($V$103:$V$119,E$100,1) -> 0 | F103: =+INDEX($E166:$Q166,1,F$100) * INDEX($V$103:$V$119,F$100,1) -> 0 | G103: =+INDEX($E166:$Q166,1,G$100) * INDEX($V$103:$V$119,G$100,1) -> 0 | H103: =+INDEX($E166:$Q166,1,H$100) * INDEX($V$103:$V$119,H$100,1) -> 0 | I103: =+INDEX($E166:$Q166,1,I$100) * INDEX($V$103:$V$119,I$100,1) -> 0 | J103: =+INDEX($E166:$Q166,1,J$100) * INDEX($V$103:$V$119,J$100,1) -> 0 | K103: =+INDEX($E166:$Q166,1,K$100) * INDEX($V$103:$V$119,K$100,1) -> 0 | ... P103: =+INDEX($E166:$Q166,1,P$100) * INDEX($V$103:$V$119,P$100,1) -> 0 | T103: ='Energy matrix'!B26 -> Coal | V103: =+INDEX('Energy matrix'!C26:N26,1,$D$2) -> 0 | X103: =V103/1000 -> 0
C104: =$D$167 -> Haullage | D104: =+INDEX($E167:$Q167,1,D$100) * INDEX($V$103:$V$119,D$100,1) -> 0 | E104: =+INDEX($E167:$Q167,1,E$100) * INDEX($V$103:$V$119,E$100,1) -> 0 | F104: =+INDEX($E167:$Q167,1,F$100) * INDEX($V$103:$V$119,F$100,1) -> 0 | G104: =+INDEX($E167:$Q167,1,G$100) * INDEX($V$103:$V$119,G$100,1) -> 0 | H104: =+INDEX($E167:$Q167,1,H$100) * INDEX($V$103:$V$119,H$100,1) -> 0 | I104: =+INDEX($E167:$Q167,1,I$100) * INDEX($V$103:$V$119,I$100,1) -> 0 | J104: =+INDEX($E167:$Q167,1,J$100) * INDEX($V$103:$V$119,J$100,1) -> 0 | K104: =+INDEX($E167:$Q167,1,K$100) * INDEX($V$103:$V$119,K$100,1) -> 0 | ... P104: =+INDEX($E167:$Q167,1,P$100) * INDEX($V$103:$V$119,P$100,1) -> 0 | T104: ='Energy matrix'!B27 -> Fuel Oil | V104: =+INDEX('Energy matrix'!C27:N27,1,$D$2) -> 0 | X104: =V104/1000 -> 0
C105: =$D$168 -> Light and electronics | D105: =+INDEX($E168:$Q168,1,D$100) * INDEX($V$103:$V$119,D$100,1) -> 0 | E105: =+INDEX($E168:$Q168,1,E$100) * INDEX($V$103:$V$119,E$100,1) -> 0 | F105: =+INDEX($E168:$Q168,1,F$100) * INDEX($V$103:$V$119,F$100,1) -> 0 | G105: =+INDEX($E168:$Q168,1,G$100) * INDEX($V$103:$V$119,G$100,1) -> 0 | H105: =+INDEX($E168:$Q168,1,H$100) * INDEX($V$103:$V$119,H$100,1) -> 0 | I105: =+INDEX($E168:$Q168,1,I$100) * INDEX($V$103:$V$119,I$100,1) -> 0 | J105: =+INDEX($E168:$Q168,1,J$100) * INDEX($V$103:$V$119,J$100,1) -> 0 | K105: =+INDEX($E168:$Q168,1,K$100) * INDEX($V$103:$V$119,K$100,1) -> 0 | ... P105: =+INDEX($E168:$Q168,1,P$100) * INDEX($V$103:$V$119,P$100,1) -> 0 | T105: ='Energy matrix'!B28 -> Diesel | V105: =+INDEX('Energy matrix'!C28:N28,1,$D$2) -> 0 | X105: =V105/1000 -> 0
C106: =$D$169 -> Electric motors | D106: =+INDEX($E169:$Q169,1,D$100) * INDEX($V$103:$V$119,D$100,1) -> 0 | E106: =+INDEX($E169:$Q169,1,E$100) * INDEX($V$103:$V$119,E$100,1) -> 0 | F106: =+INDEX($E169:$Q169,1,F$100) * INDEX($V$103:$V$119,F$100,1) -> 0 | G106: =+INDEX($E169:$Q169,1,G$100) * INDEX($V$103:$V$119,G$100,1) -> 0 | H106: =+INDEX($E169:$Q169,1,H$100) * INDEX($V$103:$V$119,H$100,1) -> 0 | I106: =+INDEX($E169:$Q169,1,I$100) * INDEX($V$103:$V$119,I$100,1) -> 0 | J106: =+INDEX($E169:$Q169,1,J$100) * INDEX($V$103:$V$119,J$100,1) -> 0 | K106: =+INDEX($E169:$Q169,1,K$100) * INDEX($V$103:$V$119,K$100,1) -> 0 | ... P106: =+INDEX($E169:$Q169,1,P$100) * INDEX($V$103:$V$119,P$100,1) -> 0 | T106: ='Energy matrix'!B29 -> Gasoline | V106: =+INDEX('Energy matrix'!C29:N29,1,$D$2) -> 0 | X106: =V106/1000 -> 0
C107: =$D$170 -> Spatial heating | D107: =+INDEX($E170:$Q170,1,D$100) * INDEX($V$103:$V$119,D$100,1) -> 0 | E107: =+INDEX($E170:$Q170,1,E$100) * INDEX($V$103:$V$119,E$100,1) -> 0 | F107: =+INDEX($E170:$Q170,1,F$100) * INDEX($V$103:$V$119,F$100,1) -> 0 | G107: =+INDEX($E170:$Q170,1,G$100) * INDEX($V$103:$V$119,G$100,1) -> 0 | H107: =+INDEX($E170:$Q170,1,H$100) * INDEX($V$103:$V$119,H$100,1) -> 0 | I107: =+INDEX($E170:$Q170,1,I$100) * INDEX($V$103:$V$119,I$100,1) -> 0 | J107: =+INDEX($E170:$Q170,1,J$100) * INDEX($V$103:$V$119,J$100,1) -> 0 | K107: =+INDEX($E170:$Q170,1,K$100) * INDEX($V$103:$V$119,K$100,1) -> 0 | ... P107: =+INDEX($E170:$Q170,1,P$100) * INDEX($V$103:$V$119,P$100,1) -> 0 | T107: ='Energy matrix'!B30 -> LPG | V107: =+INDEX('Energy matrix'!C30:N30,1,$D$2) -> 0 | X107: =V107/1000 -> 0
C108: Total | D108: =SUM(D102:D107) -> 0 | E108: =SUM(E102:E107) -> 0 | F108: =SUM(F102:F107) -> 0 | G108: =SUM(G102:G107) -> 0 | H108: =SUM(H102:H107) -> 0 | I108: =SUM(I102:I107) -> 0 | J108: =SUM(J102:J107) -> 13296.6 | K108: =SUM(K102:K107) -> 22744 | ... P108: =SUM(P102:P107) -> 0 | T108: ='Energy matrix'!B31 -> Manufactured gases | V108: =+INDEX('Energy matrix'!C31:N31,1,$D$2) -> 0 | X108: =V108/1000 -> 0
T109: ='Energy matrix'!B32 -> Natural gas | V109: =+INDEX('Energy matrix'!C32:N32,1,$D$2) -> 13296.6 | X109: =V109/1000 -> 13.2966
T110: ='Energy matrix'!B33 -> Biogas | V110: =+INDEX('Energy matrix'!C33:N33,1,$D$2) -> 22744 | X110: =V110/1000 -> 22.744
T111: ='Energy matrix'!B34 -> Biodiesel | V111: =+INDEX('Energy matrix'!C34:N34,1,$D$2) -> 354.801 | X111: =V111/1000 -> 0.354801
T112: ='Energy matrix'!B35 -> Biomass | V112: =+INDEX('Energy matrix'!C35:N35,1,$D$2) -> 4379 | X112: =V112/1000 -> 4.379
T113: ='Energy matrix'!B36 -> Waste | V113: =+INDEX('Energy matrix'!C36:N36,1,$D$2) -> 0 | X113: =V113/1000 -> 0
T114: ='Energy matrix'!B37 -> Electricity | V114: =+INDEX('Energy matrix'!C37:N37,1,$D$2) -> 19940.4 | X114: =V114/1000 -> 19.9404
T115: ='Energy matrix'!B38 -> District Heating | V115: =+INDEX('Energy matrix'!C38:N38,1,$D$2) -> 0 | X115: =V115/1000 -> 0
T116: Total | V116: =SUM(V103:V115) -> 60714.801 | X116: =V116/1000 -> 60.714801
C121: Energy matrix for 2019
C122: EnergyMatrix fuel:
D123: The two fuel lists should match: | E123: {=+IF(AND(UPPER(TRANSPOSE(T128:T138))=UPPER(MID(D126:N126,4,99))),"Ok","ERROR")} -> Ok
...

Sheet AGR_Fuel
N2: The two fuel lists should match: | O2: =+IF(AND(K6:K18=MID(B6:B18,7,99)),"Ok","ERROR") -> #VALUE!
E3: ~FI_T
B4: TechName | C4: *TechDesc | D4: Comm-IN | E4: Comm-OUT | F4: EFF | G4: LIFE | L4: DE1 | M4: DE2
B5: *Fuel Tech | L5: Agriculture | M5: Agriculture
B6: =Processes!D44 -> FT-AGRNGA | C6: =Processes!E44 -> FT technology Agriculture NGA | D6: NGAD | E6: =Commodities!D13 -> AGRNGA | F6: 1 | G6: 50 | K6: =Agriculture!AL26 -> NGA | L6: =+SUMIFS(INDIRECT(L$5&"!AF$31:AF$65"),INDIRECT(L$5&"!$AD$31:$AD$65"), $K6) -> 0 | M6: =+SUMIFS(INDIRECT(M$5&"!AG$31:AG$65"),INDIRECT(M$5&"!$AD$31:$AD$65"), $K6) -> 0
B7: =Processes!D45 -> FT-AGRCOA | C7: =Processes!E45 -> FT technology Agriculture COA | D7: =VLOOKUP(MID(B7,7,99),$K$26:$L$45,2,FALSE) -> COA | E7: =Commodities!D14 -> AGRCOA | F7: 1 | G7: 50 | K7: =Agriculture!AL27 -> COA | L7: =+SUMIFS(INDIRECT(L$5&"!AF$31:AF$65"),INDIRECT(L$5&"!$AD$31:$AD$65"), $K7) -> 0 | M7: =+SUMIFS(INDIRECT(M$5&"!AG$31:AG$65"),INDIRECT(M$5&"!$AD$31:$AD$65"), $K7) -> 0
B8: =Processes!D46 -> FT-AGRDSL | C8: =Processes!E46 -> FT technology Agriculture DSL | D8: =VLOOKUP(MID(B8,7,99),$K$26:$L$45,2,FALSE) -> DSL | E8: =Commodities!D15 -> AGRDSL | F8: 1 | G8: 50 | H8: =SUM(L8:L8) -> 0 | I8: =SUM(M8:M8) -> 0 | K8: =Agriculture!AL28 -> DSL | L8: =+SUMIFS(INDIRECT(L$5&"!AF$31:AF$65"),INDIRECT(L$5&"!$AD$31:$AD$65"), $K8) -> 0 | M8: =+SUMIFS(INDIRECT(M$5&"!AG$31:AG$65"),INDIRECT(M$5&"!$AD$31:$AD$65"), $K8) -> 0
B9: =Processes!D47 -> FT-AGRWPE | C9: =Processes!E47 -> FT technology Agriculture WPE | D9: =VLOOKUP(MID(B9,7,99),$K$26:$L$45,2,FALSE) -> WPE | E9: =Commodities!D16 -> AGRWPE | F9: 1 | G9: 50 | H9: =SUM(L9:L9)*0.5 -> 0 | I9: =SUM(M9:M9)*0.5 -> 0 | K9: =Agriculture!AL29 -> WPE | L9: =+SUMIFS(INDIRECT(L$5&"!AF$31:AF$65"),INDIRECT(L$5&"!$AD$31:$AD$65"), $K9) -> 0 | M9: =+SUMIFS(INDIRECT(M$5&"!AG$31:AG$65"),INDIRECT(M$5&"!$AD$31:$AD$65"), $K9) -> 0
B10: =Processes!D48 -> FT-AGRWCH | C10: =Processes!E48 -> FT technology Agriculture WCH | D10: =VLOOKUP(MID(B10,7,99),$K$26:$L$45,2,FALSE) -> WCH | E10: =Commodities!D17 -> AGRWCH | F10: 1 | G10: 50 | H10: =SUM(L9:L9)*0.5 -> 0 | I10: =SUM(M9:M9)*0.5 -> 0 | K10: =Agriculture!AL30 -> WCH | L10: =+SUMIFS(INDIRECT(L$5&"!AF$31:AF$65"),INDIRECT(L$5&"!$AD$31:$AD$65"), $K10) -> 0 | M10: =+SUMIFS(INDIRECT(M$5&"!AG$31:AG$65"),INDIRECT(M$5&"!$AD$31:$AD$65"), $K10) -> 0
B11: =Processes!D49 -> FT-AGRBGA | C11: =Processes!E49 -> FT technology Agriculture BGA | D11: =VLOOKUP(MID(B11,7,99),$K$26:$L$45,2,FALSE) -> BGA | E11: =Commodities!D18 -> AGRBGA | F11: 1 | G11: 50 | H11: =SUM(L11:L11) -> 0 | I11: =SUM(M11:M11) -> 0 | K11: =Agriculture!AL31 -> BGA | L11: =+SUMIFS(INDIRECT(L$5&"!AF$31:AF$65"),INDIRECT(L$5&"!$AD$31:$AD$65"), $K11) -> 0 | M11: =+SUMIFS(INDIRECT(M$5&"!AG$31:AG$65"),INDIRECT(M$5&"!$AD$31:$AD$65"), $K11) -> 0
B12: =Processes!D50 -> FT-AGRHFO | C12: =Processes!E50 -> FT technology Agriculture HFO | D12: =VLOOKUP(MID(B12,7,99),$K$26:$L$45,2,FALSE) -> HFO | E12: =Commodities!D19 -> AGRHFO | F12: 1 | G12: 50 | H12: =SUM(L12:L12) -> 0 | I12: =SUM(M12:M12) -> 0 | K12: =Agriculture!AL32 -> HFO | L12: =+SUMIFS(INDIRECT(L$5&"!AF$31:AF$65"),INDIRECT(L$5&"!$AD$31:$AD$65"), $K12) -> 0 | M12: =+SUMIFS(INDIRECT(M$5&"!AG$31:AG$65"),INDIRECT(M$5&"!$AD$31:$AD$65"), $K12) -> 0
B13: =Processes!D51 -> FT-AGRLPG | C13: =Processes!E51 -> FT technology Agriculture LPG | D13: =VLOOKUP(MID(B13,7,99),$K$26:$L$45,2,FALSE) -> LPG | E13: =Commodities!D20 -> AGRLPG | F13: 1 | G13: 50 | H13: =SUM(L13:L13) -> 0 | I13: =SUM(M13:M13) -> 0 | K13: =Agriculture!AL33 -> LPG | L13: =+SUMIFS(INDIRECT(L$5&"!AF$31:AF$65"),INDIRECT(L$5&"!$AD$31:$AD$65"), $K13) -> 0 | M13: =+SUMIFS(INDIRECT(M$5&"!AG$31:AG$65"),INDIRECT(M$5&"!$AD$31:$AD$65"), $K13) -> 0
B14: =Processes!D52 -> FT-AGRWST | C14: =Processes!E52 -> FT technology Agriculture WST | D14: =VLOOKUP(MID(B14,7,99),$K$26:$L$45,2,FALSE) -> WST | E14: =Commodities!D21 -> AGRWST | F14: 1 | G14: 50 | H14: =SUM(L14:L14) -> 0 | I14: =SUM(M14:M14) -> 0 | K14: =Agriculture!AL34 -> WST | L14: =+SUMIFS(INDIRECT(L$5&"!AF$31:AF$65"),INDIRECT(L$5&"!$AD$31:$AD$65"), $K14) -> 0 | M14: =+SUMIFS(INDIRECT(M$5&"!AG$31:AG$65"),INDIRECT(M$5&"!$AD$31:$AD$65"), $K14) -> 0
B15: =Processes!D53 -> FT-AGRHCE | C15: =Processes!E53 -> FT technology Agriculture HCE | D15: HETCP | E15: =Commodities!D22 -> AGRHCE | F15: 1 | G15: 50 | H15: =SUM(L15:L15)*0.4 -> 0 | I15: =SUM(M15:M15)*0.4 -> 0 | K15: =Agriculture!AL35 -> HCE | L15: =+SUMIFS(INDIRECT(L$5&"!AF$31:AF$65"),INDIRECT(L$5&"!$AD$31:$AD$65"), $K15) -> 0 | M15: =+SUMIFS(INDIRECT(M$5&"!AG$31:AG$65"),INDIRECT(M$5&"!$AD$31:$AD$65"), $K15) -> 0
B16: =Processes!D54 -> FT-AGRHSE | C16: =Processes!E54 -> FT technology Agriculture HSE | D16: HETSP | E16: =Commodities!D23 -> AGRHSE | F16: 1 | G16: 50
B17: =Processes!D55 -> FT-AGRHDE | C17: =Processes!E55 -> FT technology Agriculture HDE | D17: HETDP | E17: =Commodities!D24 -> AGRHDE | F17: 1 | G17: 50 | H17: =SUM(L15:L15)*0.6 -> 0 | I17: =SUM(M15:M15)*0.6 -> 0 | K17: =Agriculture!AL36 -> HDE | L17: =+SUMIFS(INDIRECT(L$5&"!AF$31:AF$65"),INDIRECT(L$5&"!$AD$31:$AD$65"), $K17) -> 0 | M17: =+SUMIFS(INDIRECT(M$5&"!AG$31:AG$65"),INDIRECT(M$5&"!$AD$31:$AD$65"), $K17) -> 0
B18: =Processes!D56 -> FT-AGRELC | C18: =Processes!E56 -> FT technology Agriculture ELC | D18: ELCLOW | E18: =Commodities!D25 -> AGRELC | F18: 1 | G18: 50 | H18: =SUM(L18:L18) -> 0 | I18: =SUM(M18:M18) -> 0 | K18: =Agriculture!AL37 -> ELC | L18: =+SUMIFS(INDIRECT(L$5&"!AF$31:AF$65"),INDIRECT(L$5&"!$AD$31:$AD$65"), $K18) -> 0 | M18: =+SUMIFS(INDIRECT(M$5&"!AG$31:AG$65"),INDIRECT(M$5&"!$AD$31:$AD$65"), $K18) -> 0
B19: =Processes!D57 -> FT-AGRSOL | C19: =Processes!E57 -> FT technology Agriculture SOL | D19: =VLOOKUP(MID(B19,7,99),$K$26:$L$45,2,FALSE) -> SOL | E19: =Commodities!D26 -> AGRSOL | F19: 1 | G19: 50
B20: =Processes!D58 -> FT-AGRDSB1 | C20: =Processes!E58 -> FT technology Agriculture DSB1 | D20: =VLOOKUP(MID(B20,7,99),$K$26:$L$45,2,FALSE) -> DSB1 | E20: =Commodities!D27 -> AGRDSB1 | F20: 1 | G20: 50
B21: =Processes!D59 -> FT-AGRDSB2 | C21: =Processes!E59 -> FT technology Agriculture DSB2 | D21: =VLOOKUP(MID(B21,7,99),$K$26:$L$45,2,FALSE) -> DSB2 | E21: =Commodities!D28 -> AGRDSB2 | F21: 1 | G21: 50
B22: =Processes!D60 -> FT-AGRSNG1 | C22: =Processes!E60 -> FT technology Agriculture SNG1 | D22: =VLOOKUP(MID(B22,7,99),$K$26:$L$45,2,FALSE) -> SNG1 | E22: =Commodities!D29 -> AGRSNG1 | F22: 1 | G22: 50 | L22: =+SUMIFS(INDIRECT(L$5&"!AF$31:AF$65"),INDIRECT(L$5&"!$AD$31:$AD$65"), $K9) -> 0
B23: =Processes!D61 -> FT-AGRSNG2 | C23: =Processes!E61 -> FT technology Agriculture SNG2 | D23: =VLOOKUP(MID(B23,7,99),$K$26:$L$45,2,FALSE) -> SNG2 | E23: =Commodities!D30 -> AGRSNG2 | F23: 1 | G23: 50
B24: =Processes!D62 -> FT-AGRGSL | C24: =Processes!E62 -> FT technology Agriculture GSL | D24: =VLOOKUP(MID(B24,7,99),$K$26:$L$45,2,FALSE) -> GSL | E24: =Commodities!D31 -> AGRGSL | F24: 1 | G24: 50
B25: =Processes!D63 -> FT-AGRGSB1 | C25: =Processes!E63 -> FT technology Agriculture GSB1 | D25: =VLOOKUP(MID(B25,7,99),$K$26:$L$45,2,FALSE) -> GSB1 | E25: =Commodities!D32 -> AGRGSB1 | F25: 1 | G25: 50 | K25: TechName | L25: Comm-IN
B26: =Processes!D64 -> FT-AGRGSB2 | C26: =Processes!E64 -> FT technology Agriculture GSB2 | D26: =VLOOKUP(MID(B26,7,99),$K$26:$L$45,2,FALSE) -> GSB2 | E26: =Commodities!D33 -> AGRGSB2 | F26: 1 | G26: 50 | K26: NGA | L26: =+K26 -> NGA
B27: =Processes!D65 -> FT-AGRH2 | C27: =Processes!E65 -> FT technology Agriculture H2 | D27: H2 | E27: =Commodities!D34 -> AGRH2 | F27: =F26 -> 1 | G27: =G26 -> 50 | K27: COA | L27: =+K27 -> COA
B28: FT-INDCOAtoMFG | C28: Coal to manufactured gas | D28: AGRCOA | E28: AGRSNG1 | F28: 1 | G28: 50 | K28: DSL | L28: =+K28 -> DSL
K29: WPE | L29: =+K29 -> WPE
K30: WCH | L30: =+K30 -> WCH
K31: BGA | L31: =+K31 -> BGA
K32: HFO | L32: =+K32 -> HFO
K33: LPG | L33: =+K33 -> LPG
K34: WST | L34: =+K34 -> WST
K35: HCE | L35: HETC | N35: HETCP | O35: HETC | P35: HETCP
K36: HDE | L36: HETD | O36: HETD | P36: HETDP
K37: ELC | L37: ELCC
K38: SOL | L38: =+K38 -> SOL
K39: DSB1 | L39: =+K39 -> DSB1
K40: DSB2 | L40: =+K40 -> DSB2
K41: SNG1 | L41: =+K41 -> SNG1
K42: SNG2 | L42: =+K42 -> SNG2
K43: GSL | L43: =+K43 -> GSL
K44: GSB1 | L44: =+K44 -> GSB1
K45: GSB2 | L45: =+K45 -> GSB2
Q65: =M157 -> 0 | R65: =Q65 -> 0 | S65: =3.6*8760/1000000 -> 0.031536 | T65: =$T$32 -> 0 | U65: =T65*(1+$V$29) -> 0 | V65: 20
Q66: =M158 -> 0 | R66: =Q66 -> 0 | S66: =3.6*8760/1000000 -> 0.031536 | T66: =$T$32 -> 0 | U66: =T66*(1+$V$29) -> 0 | V66: 20
Q67: 1 | R67: =Q67 -> 1 | S67: =3.6*8760/1000000 -> 0.031536 | T67: 0.5 | U67: =T67*(1+$V$29) -> 0.5 | V67: 20
Q68: 1 | R68: =Q68 -> 1 | S68: =3.6*8760/1000000 -> 0.031536 | T68: =$T$67 -> 0.5 | U68: =T68*(1+$V$29) -> 0.5 | V68: 20

Sheet Emis
B2: * Values associate with commodities
B4: Commodity Emissions
B5: kg/GJ = kt/PJ
B7: ~COMEMI
B8: CommName | C8: =Commodities!D13 -> AGRNGA | D8: =Commodities!D14 -> AGRCOA | E8: =Commodities!D15 -> AGRDSL | F8: =Commodities!D19 -> AGRHFO | G8: =Commodities!D20 -> AGRLPG | H8: =Commodities!D21 -> AGRWST
B9: *Units | C9: kg/GJ | D9: kg/GJ | E9: kg/GJ | F9: kg/GJ | G9: kg/GJ | H9: kg/GJ
B10: =Commodities!D36 -> AGRCO2 | C10: 56.97 | D10: 94.6 | E10: 74 | F10: 79.2 | G10: 63.1 | H10: 37

Sheet Energy matrix
B1: Energy statistic from the state statistical committee of the republic of Azerbaijan | H1: https://www.stat.gov.az/source/balance_fuel/?lang=en
B3: 2010 | P3: Not used
B4: TJ | C4: Agriculture, forestry and fishing | D4: Chemical and petrochemical | E4: Non-ferrous metal | F4: Non-metallic minerals | G4: Transport equipment | H4: Machinery | I4: Mining and quarrying | J4: Food and tobacco | K4: Paper, pulp and printing | L4: Wood and wood products | M4: Textile and leather | N4: Construction | O4: Non-specified | P4: Total
B5: Coal | C5: =_xlfn.IFNA(INDEX('2010'!$C$6:$R$55,MATCH(C$4,'2010'!$B$6:$B$55,0),MATCH($B5,'2010'!$C$1:$R$1,0)),0) -> 0 | D5: =_xlfn.IFNA(INDEX('2010'!$C$6:$R$55,MATCH(D$4,'2010'!$B$6:$B$55,0),MATCH($B5,'2010'!$C$1:$R$1,0)),0) -> 21580.32 | E5: =_xlfn.IFNA(INDEX('2010'!$C$6:$R$55,MATCH(E$4,'2010'!$B$6:$B$55,0),MATCH($B5,'2010'!$C$1:$R$1,0)),0) -> 1043.671 | F5: =_xlfn.IFNA(INDEX('2010'!$C$6:$R$55,MATCH(F$4,'2010'!$B$6:$B$55,0),MATCH($B5,'2010'!$C$1:$R$1,0)),0) -> 56552.896 | G5: =_xlfn.IFNA(INDEX('2010'!$C$6:$R$55,MATCH(G$4,'2010'!$B$6:$B$55,0),MATCH($B5,'2010'!$C$1:$R$1,0)),0) -> 687.6 | H5: =_xlfn.IFNA(INDEX('2010'!$C$6:$R$55,MATCH(H$4,'2010'!$B$6:$B$55,0),MATCH($B5,'2010'!$C$1:$R$1,0)),0) -> 720.021 | I5: =_xlfn.IFNA(INDEX('2010'!$C$6:$R$55,MATCH(I$4,'2010'!$B$6:$B$55,0),MATCH($B5,'2010'!$C$1:$R$1,0)),0) -> 2252.96 | J5: =_xlfn.IFNA(INDEX('2010'!$C$6:$R$55,MATCH(J$4,'2010'!$B$6:$B$55,0),MATCH($B5,'2010'!$C$1:$R$1,0)),0) -> 8542.475 | ... O5: =_xlfn.IFNA(INDEX('2010'!$C$6:$R$55,MATCH(O$4,'2010'!$B$6:$B$55,0),MATCH($B5,'2010'!$C$1:$R$1,0)),0) -> 357.051 | P5: =SUM(C5:O5) -> 108136.95
B6: Fuel Oil | C6: =_xlfn.IFNA(INDEX('2010'!$C$6:$R$55,MATCH(C$4,'2010'!$B$6:$B$55,0),MATCH($B6,'2010'!$C$1:$R$1,0)),0) -> 0 | D6: =_xlfn.IFNA(INDEX('2010'!$C$6:$R$55,MATCH(D$4,'2010'!$B$6:$B$55,0),MATCH($B6,'2010'!$C$1:$R$1,0)),0) -> 45956.372 | E6: =_xlfn.IFNA(INDEX('2010'!$C$6:$R$55,MATCH(E$4,'2010'!$B$6:$B$55,0),MATCH($B6,'2010'!$C$1:$R$1,0)),0) -> 968.352 | F6: =_xlfn.IFNA(INDEX('2010'!$C$6:$R$55,MATCH(F$4,'2010'!$B$6:$B$55,0),MATCH($B6,'2010'!$C$1:$R$1,0)),0) -> 7746.816 | G6: =_xlfn.IFNA(INDEX('2010'!$C$6:$R$55,MATCH(G$4,'2010'!$B$6:$B$55,0),MATCH($B6,'2010'!$C$1:$R$1,0)),0) -> 0 | H6: =_xlfn.IFNA(INDEX('2010'!$C$6:$R$55,MATCH(H$4,'2010'!$B$6:$B$55,0),MATCH($B6,'2010'!$C$1:$R$1,0)),0) -> 121.044 | I6: =_xlfn.IFNA(INDEX('2010'!$C$6:$R$55,MATCH(I$4,'2010'!$B$6:$B$55,0),MATCH($B6,'2010'!$C$1:$R$1,0)),0) -> 80.696 | J6: =_xlfn.IFNA(INDEX('2010'!$C$6:$R$55,MATCH(J$4,'2010'!$B$6:$B$55,0),MATCH($B6,'2010'!$C$1:$R$1,0)),0) -> 1896.356 | ... O6: =_xlfn.IFNA(INDEX('2010'!$C$6:$R$55,MATCH(O$4,'2010'!$B$6:$B$55,0),MATCH($B6,'2010'!$C$1:$R$1,0)),0) -> 363.132 | P6: =SUM(C6:O6) -> 59230.864
B7: Diesel | C7: =_xlfn.IFNA(INDEX('2010'!$C$6:$R$55,MATCH(C$4,'2010'!$B$6:$B$55,0),MATCH($B7,'2010'!$C$1:$R$1,0)),0) -> 0 | D7: =_xlfn.IFNA(INDEX('2010'!$C$6:$R$55,MATCH(D$4,'2010'!$B$6:$B$55,0),MATCH($B7,'2010'!$C$1:$R$1,0)),0) -> 2916.86 | E7: =_xlfn.IFNA(INDEX('2010'!$C$6:$R$55,MATCH(E$4,'2010'!$B$6:$B$55,0),MATCH($B7,'2010'!$C$1:$R$1,0)),0) -> 1372.64 | F7: =_xlfn.IFNA(INDEX('2010'!$C$6:$R$55,MATCH(F$4,'2010'!$B$6:$B$55,0),MATCH($B7,'2010'!$C$1:$R$1,0)),0) -> 12396.655 | G7: =_xlfn.IFNA(INDEX('2010'!$C$6:$R$55,MATCH(G$4,'2010'!$B$6:$B$55,0),MATCH($B7,'2010'!$C$1:$R$1,0)),0) -> 3774.76 | H7: =_xlfn.IFNA(INDEX('2010'!$C$6:$R$55,MATCH(H$4,'2010'!$B$6:$B$55,0),MATCH($B7,'2010'!$C$1:$R$1,0)),0) -> 20718.285 | I7: =_xlfn.IFNA(INDEX('2010'!$C$6:$R$55,MATCH(I$4,'2010'!$B$6:$B$55,0),MATCH($B7,'2010'!$C$1:$R$1,0)),0) -> 1072.375 | J7: =_xlfn.IFNA(INDEX('2010'!$C$6:$R$55,MATCH(J$4,'2010'!$B$6:$B$55,0),MATCH($B7,'2010'!$C$1:$R$1,0)),0) -> 12997.185 | ... O7: =_xlfn.IFNA(INDEX('2010'!$C$6:$R$55,MATCH(O$4,'2010'!$B$6:$B$55,0),MATCH($B7,'2010'!$C$1:$R$1,0)),0) -> 10294.8 | P7: =SUM(C7:O7) -> 71591.755
B8: Gasoline | C8: =_xlfn.IFNA(INDEX('2010'!$C$6:$R$55,MATCH(C$4,'2010'!$B$6:$B$55,0),MATCH($B8,'2010'!$C$1:$R$1,0)),0) -> 0 | D8: =_xlfn.IFNA(INDEX('2010'!$C$6:$R$55,MATCH(D$4,'2010'!$B$6:$B$55,0),MATCH($B8,'2010'!$C$1:$R$1,0)),0) -> 0 | E8: =_xlfn.IFNA(INDEX('2010'!$C$6:$R$55,MATCH(E$4,'2010'!$B$6:$B$55,0),MATCH($B8,'2010'!$C$1:$R$1,0)),0) -> 0 | F8: =_xlfn.IFNA(INDEX('2010'!$C$6:$R$55,MATCH(F$4,'2010'!$B$6:$B$55,0),MATCH($B8,'2010'!$C$1:$R$1,0)),0) -> 0 | G8: =_xlfn.IFNA(INDEX('2010'!$C$6:$R$55,MATCH(G$4,'2010'!$B$6:$B$55,0),MATCH($B8,'2010'!$C$1:$R$1,0)),0) -> 0 | H8: =_xlfn.IFNA(INDEX('2010'!$C$6:$R$55,MATCH(H$4,'2010'!$B$6:$B$55,0),MATCH($B8,'2010'!$C$1:$R$1,0)),0) -> 0 | I8: =_xlfn.IFNA(INDEX('2010'!$C$6:$R$55,MATCH(I$4,'2010'!$B$6:$B$55,0),MATCH($B8,'2010'!$C$1:$R$1,0)),0) -> 0 | J8: =_xlfn.IFNA(INDEX('2010'!$C$6:$R$55,MATCH(J$4,'2010'!$B$6:$B$55,0),MATCH($B8,'2010'!$C$1:$R$1,0)),0) -> 0 | ... O8: =_xlfn.IFNA(INDEX('2010'!$C$6:$R$55,MATCH(O$4,'2010'!$B$6:$B$55,0),MATCH($B8,'2010'!$C$1:$R$1,0)),0) -> 0 | P8: =SUM(C8:O8) -> 0
B9: LPG | C9: =_xlfn.IFNA(INDEX('2010'!$C$6:$R$55,MATCH(C$4,'2010'!$B$6:$B$55,0),MATCH($B9,'2010'!$C$1:$R$1,0)),0) -> 0 | D9: =_xlfn.IFNA(INDEX('2010'!$C$6:$R$55,MATCH(D$4,'2010'!$B$6:$B$55,0),MATCH($B9,'2010'!$C$1:$R$1,0)),0) -> 0 | E9: =_xlfn.IFNA(INDEX('2010'!$C$6:$R$55,MATCH(E$4,'2010'!$B$6:$B$55,0),MATCH($B9,'2010'!$C$1:$R$1,0)),0) -> 184.124 | F9: =_xlfn.IFNA(INDEX('2010'!$C$6:$R$55,MATCH(F$4,'2010'!$B$6:$B$55,0),MATCH($B9,'2010'!$C$1:$R$1,0)),0) -> 1242.837 | G9: =_xlfn.IFNA(INDEX('2010'!$C$6:$R$55,MATCH(G$4,'2010'!$B$6:$B$55,0),MATCH($B9,'2010'!$C$1:$R$1,0)),0) -> 230.155 | H9: =_xlfn.IFNA(INDEX('2010'!$C$6:$R$55,MATCH(H$4,'2010'!$B$6:$B$55,0),MATCH($B9,'2010'!$C$1:$R$1,0)),0) -> 2439.643 | I9: =_xlfn.IFNA(INDEX('2010'!$C$6:$R$55,MATCH(I$4,'2010'!$B$6:$B$55,0),MATCH($B9,'2010'!$C$1:$R$1,0)),0) -> 414.279 | J9: =_xlfn.IFNA(INDEX('2010'!$C$6:$R$55,MATCH(J$4,'2010'!$B$6:$B$55,0),MATCH($B9,'2010'!$C$1:$R$1,0)),0) -> 1795.209 | ... O9: =_xlfn.IFNA(INDEX('2010'!$C$6:$R$55,MATCH(O$4,'2010'!$B$6:$B$55,0),MATCH($B9,'2010'!$C$1:$R$1,0)),0) -> 1565.054 | P9: =SUM(C9:O9) -> 8331.611
B10: Manufactured gases | C10: =_xlfn.IFNA(INDEX('2010'!$C$6:$R$55,MATCH(C$4,'2010'!$B$6:$B$55,0),MATCH($B10,'2010'!$C$1:$R$1,0)),0) -> 0 | D10: =_xlfn.IFNA(INDEX('2010'!$C$6:$R$55,MATCH(D$4,'2010'!$B$6:$B$55,0),MATCH($B10,'2010'!$C$1:$R$1,0)),0) -> 3539.7 | E10: =_xlfn.IFNA(INDEX('2010'!$C$6:$R$55,MATCH(E$4,'2010'!$B$6:$B$55,0),MATCH($B10,'2010'!$C$1:$R$1,0)),0) -> 0 | F10: =_xlfn.IFNA(INDEX('2010'!$C$6:$R$55,MATCH(F$4,'2010'!$B$6:$B$55,0),MATCH($B10,'2010'!$C$1:$R$1,0)),0) -> 107.1 | G10: =_xlfn.IFNA(INDEX('2010'!$C$6:$R$55,MATCH(G$4,'2010'!$B$6:$B$55,0),MATCH($B10,'2010'!$C$1:$R$1,0)),0) -> 350.1 | H10: =_xlfn.IFNA(INDEX('2010'!$C$6:$R$55,MATCH(H$4,'2010'!$B$6:$B$55,0),MATCH($B10,'2010'!$C$1:$R$1,0)),0) -> 0 | I10: =_xlfn.IFNA(INDEX('2010'!$C$6:$R$55,MATCH(I$4,'2010'!$B$6:$B$55,0),MATCH($B10,'2010'!$C$1:$R$1,0)),0) -> 0 | J10: =_xlfn.IFNA(INDEX('2010'!$C$6:$R$55,MATCH(J$4,'2010'!$B$6:$B$55,0),MATCH($B10,'2010'!$C$1:$R$1,0)),0) -> 0 | ... O10: =_xlfn.IFNA(INDEX('2010'!$C$6:$R$55,MATCH(O$4,'2010'!$B$6:$B$55,0),MATCH($B10,'2010'!$C$1:$R$1,0)),0) -> 5.4 | P10: =SUM(C10:O10) -> 4002.3
B11: Natural gas | C11: =_xlfn.IFNA(INDEX('2010'!$C$6:$R$55,MATCH(C$4,'2010'!$B$6:$B$55,0),MATCH($B11,'2010'!$C$1:$R$1,0)),0) -> 13816.061 | D11: =_xlfn.IFNA(INDEX('2010'!$C$6:$R$55,MATCH(D$4,'2010'!$B$6:$B$55,0),MATCH($B11,'2010'!$C$1:$R$1,0)),0) -> 237284.89 | E11: =_xlfn.IFNA(INDEX('2010'!$C$6:$R$55,MATCH(E$4,'2010'!$B$6:$B$55,0),MATCH($B11,'2010'!$C$1:$R$1,0)),0) -> 32190.674 | F11: =_xlfn.IFNA(INDEX('2010'!$C$6:$R$55,MATCH(F$4,'2010'!$B$6:$B$55,0),MATCH($B11,'2010'!$C$1:$R$1,0)),0) -> 102503.99 | G11: =_xlfn.IFNA(INDEX('2010'!$C$6:$R$55,MATCH(G$4,'2010'!$B$6:$B$55,0),MATCH($B11,'2010'!$C$1:$R$1,0)),0) -> 38022.742 | H11: =_xlfn.IFNA(INDEX('2010'!$C$6:$R$55,MATCH(H$4,'2010'!$B$6:$B$55,0),MATCH($B11,'2010'!$C$1:$R$1,0)),0) -> 74901.571 | I11: =_xlfn.IFNA(INDEX('2010'!$C$6:$R$55,MATCH(I$4,'2010'!$B$6:$B$55,0),MATCH($B11,'2010'!$C$1:$R$1,0)),0) -> 6125.471 | J11: =_xlfn.IFNA(INDEX('2010'!$C$6:$R$55,MATCH(J$4,'2010'!$B$6:$B$55,0),MATCH($B11,'2010'!$C$1:$R$1,0)),0) -> 105401.13 | ... O11: =_xlfn.IFNA(INDEX('2010'!$C$6:$R$55,MATCH(O$4,'2010'!$B$6:$B$55,0),MATCH($B11,'2010'!$C$1:$R$1,0)),0) -> 29970.804 | P11: =SUM(C11:O11) -> 773714.98
B12: Biogas | C12: =_xlfn.IFNA(INDEX('2010'!$C$6:$R$55,MATCH(C$4,'2010'!$B$6:$B$55,0),MATCH($B12,'2010'!$C$1:$R$1,0)),0) -> 11864 | D12: =_xlfn.IFNA(INDEX('2010'!$C$6:$R$55,MATCH(D$4,'2010'!$B$6:$B$55,0),MATCH($B12,'2010'!$C$1:$R$1,0)),0) -> 4839 | E12: =_xlfn.IFNA(INDEX('2010'!$C$6:$R$55,MATCH(E$4,'2010'!$B$6:$B$55,0),MATCH($B12,'2010'!$C$1:$R$1,0)),0) -> 17 | F12: =_xlfn.IFNA(INDEX('2010'!$C$6:$R$55,MATCH(F$4,'2010'!$B$6:$B$55,0),MATCH($B12,'2010'!$C$1:$R$1,0)),0) -> 17 | G12: =_xlfn.IFNA(INDEX('2010'!$C$6:$R$55,MATCH(G$4,'2010'!$B$6:$B$55,0),MATCH($B12,'2010'!$C$1:$R$1,0)),0) -> 0 | H12: =_xlfn.IFNA(INDEX('2010'!$C$6:$R$55,MATCH(H$4,'2010'!$B$6:$B$55,0),MATCH($B12,'2010'!$C$1:$R$1,0)),0) -> 33 | I12: =_xlfn.IFNA(INDEX('2010'!$C$6:$R$55,MATCH(I$4,'2010'!$B$6:$B$55,0),MATCH($B12,'2010'!$C$1:$R$1,0)),0) -> 0 | J12: =_xlfn.IFNA(INDEX('2010'!$C$6:$R$55,MATCH(J$4,'2010'!$B$6:$B$55,0),MATCH($B12,'2010'!$C$1:$R$1,0)),0) -> 583 | ... O12: =_xlfn.IFNA(INDEX('2010'!$C$6:$R$55,MATCH(O$4,'2010'!$B$6:$B$55,0),MATCH($B12,'2010'!$C$1:$R$1,0)),0) -> 66
B13: Biodiesel | C13: =_xlfn.IFNA(INDEX('2010'!$C$6:$R$55,MATCH(C$4,'2010'!$B$6:$B$55,0),MATCH($B13,'2010'!$C$1:$R$1,0)),0) -> 1571.372 | D13: =_xlfn.IFNA(INDEX('2010'!$C$6:$R$55,MATCH(D$4,'2010'!$B$6:$B$55,0),MATCH($B13,'2010'!$C$1:$R$1,0)),0) -> 168.46 | E13: =_xlfn.IFNA(INDEX('2010'!$C$6:$R$55,MATCH(E$4,'2010'!$B$6:$B$55,0),MATCH($B13,'2010'!$C$1:$R$1,0)),0) -> 0 | F13: =_xlfn.IFNA(INDEX('2010'!$C$6:$R$55,MATCH(F$4,'2010'!$B$6:$B$55,0),MATCH($B13,'2010'!$C$1:$R$1,0)),0) -> 1111.836 | G13: =_xlfn.IFNA(INDEX('2010'!$C$6:$R$55,MATCH(G$4,'2010'!$B$6:$B$55,0),MATCH($B13,'2010'!$C$1:$R$1,0)),0) -> 101.076 | H13: =_xlfn.IFNA(INDEX('2010'!$C$6:$R$55,MATCH(H$4,'2010'!$B$6:$B$55,0),MATCH($B13,'2010'!$C$1:$R$1,0)),0) -> 168.46 | I13: =_xlfn.IFNA(INDEX('2010'!$C$6:$R$55,MATCH(I$4,'2010'!$B$6:$B$55,0),MATCH($B13,'2010'!$C$1:$R$1,0)),0) -> 67.384 | J13: =_xlfn.IFNA(INDEX('2010'!$C$6:$R$55,MATCH(J$4,'2010'!$B$6:$B$55,0),MATCH($B13,'2010'!$C$1:$R$1,0)),0) -> 235.844 | ... O13: =_xlfn.IFNA(INDEX('2010'!$C$6:$R$55,MATCH(O$4,'2010'!$B$6:$B$55,0),MATCH($B13,'2010'!$C$1:$R$1,0)),0) -> 33.692
B14: Biomass | C14: =_xlfn.IFNA(INDEX('2010'!$C$6:$R$55,MATCH(C$4,'2010'!$B$6:$B$55,0),MATCH($B14,'2010'!$C$1:$R$1,0)),0) -> 5457 | D14: =_xlfn.IFNA(INDEX('2010'!$C$6:$R$55,MATCH(D$4,'2010'!$B$6:$B$55,0),MATCH($B14,'2010'!$C$1:$R$1,0)),0) -> 1701 | E14: =_xlfn.IFNA(INDEX('2010'!$C$6:$R$55,MATCH(E$4,'2010'!$B$6:$B$55,0),MATCH($B14,'2010'!$C$1:$R$1,0)),0) -> 0 | F14: =_xlfn.IFNA(INDEX('2010'!$C$6:$R$55,MATCH(F$4,'2010'!$B$6:$B$55,0),MATCH($B14,'2010'!$C$1:$R$1,0)),0) -> 6041 | G14: =_xlfn.IFNA(INDEX('2010'!$C$6:$R$55,MATCH(G$4,'2010'!$B$6:$B$55,0),MATCH($B14,'2010'!$C$1:$R$1,0)),0) -> 239 | H14: =_xlfn.IFNA(INDEX('2010'!$C$6:$R$55,MATCH(H$4,'2010'!$B$6:$B$55,0),MATCH($B14,'2010'!$C$1:$R$1,0)),0) -> 1648 | I14: =_xlfn.IFNA(INDEX('2010'!$C$6:$R$55,MATCH(I$4,'2010'!$B$6:$B$55,0),MATCH($B14,'2010'!$C$1:$R$1,0)),0) -> 571 | J14: =_xlfn.IFNA(INDEX('2010'!$C$6:$R$55,MATCH(J$4,'2010'!$B$6:$B$55,0),MATCH($B14,'2010'!$C$1:$R$1,0)),0) -> 1184 | ... O14: =_xlfn.IFNA(INDEX('2010'!$C$6:$R$55,MATCH(O$4,'2010'!$B$6:$B$55,0),MATCH($B14,'2010'!$C$1:$R$1,0)),0) -> 3985 | P14: =SUM(C14:O14) -> 106575 | R14: 0.2 | S14: Biomass and waste is assumed a 50/50 split
B15: Waste | C15: =_xlfn.IFNA(INDEX('2010'!$C$6:$R$55,MATCH(C$4,'2010'!$B$6:$B$55,0),MATCH($B15,'2010'!$C$1:$R$1,0)),0) -> 0 | D15: =_xlfn.IFNA(INDEX('2010'!$C$6:$R$55,MATCH(D$4,'2010'!$B$6:$B$55,0),MATCH($B15,'2010'!$C$1:$R$1,0)),0) -> 6545 | E15: =_xlfn.IFNA(INDEX('2010'!$C$6:$R$55,MATCH(E$4,'2010'!$B$6:$B$55,0),MATCH($B15,'2010'!$C$1:$R$1,0)),0) -> 312 | F15: =_xlfn.IFNA(INDEX('2010'!$C$6:$R$55,MATCH(F$4,'2010'!$B$6:$B$55,0),MATCH($B15,'2010'!$C$1:$R$1,0)),0) -> 33264 | G15: =_xlfn.IFNA(INDEX('2010'!$C$6:$R$55,MATCH(G$4,'2010'!$B$6:$B$55,0),MATCH($B15,'2010'!$C$1:$R$1,0)),0) -> 0 | H15: =_xlfn.IFNA(INDEX('2010'!$C$6:$R$55,MATCH(H$4,'2010'!$B$6:$B$55,0),MATCH($B15,'2010'!$C$1:$R$1,0)),0) -> 8 | I15: =_xlfn.IFNA(INDEX('2010'!$C$6:$R$55,MATCH(I$4,'2010'!$B$6:$B$55,0),MATCH($B15,'2010'!$C$1:$R$1,0)),0) -> 0 | J15: =_xlfn.IFNA(INDEX('2010'!$C$6:$R$55,MATCH(J$4,'2010'!$B$6:$B$55,0),MATCH($B15,'2010'!$C$1:$R$1,0)),0) -> 384 | ... O15: =_xlfn.IFNA(INDEX('2010'!$C$6:$R$55,MATCH(O$4,'2010'!$B$6:$B$55,0),MATCH($B15,'2010'!$C$1:$R$1,0)),0) -> 5 | P15: =SUM(C15:O15) -> 42652 | R15: =1-R14 -> 0.8 | S15: Biomass and waste is assumed a 50/50 split
B16: Electricity | C16: =_xlfn.IFNA(INDEX('2010'!$C$6:$R$55,MATCH(C$4,'2010'!$B$6:$B$55,0),MATCH($B16,'2010'!$C$1:$R$1,0)),0) -> 21153.6 | D16: =_xlfn.IFNA(INDEX('2010'!$C$6:$R$55,MATCH(D$4,'2010'!$B$6:$B$55,0),MATCH($B16,'2010'!$C$1:$R$1,0)),0) -> 188413.2 | E16: =_xlfn.IFNA(INDEX('2010'!$C$6:$R$55,MATCH(E$4,'2010'!$B$6:$B$55,0),MATCH($B16,'2010'!$C$1:$R$1,0)),0) -> 49122 | F16: =_xlfn.IFNA(INDEX('2010'!$C$6:$R$55,MATCH(F$4,'2010'!$B$6:$B$55,0),MATCH($B16,'2010'!$C$1:$R$1,0)),0) -> 44042.4 | G16: =_xlfn.IFNA(INDEX('2010'!$C$6:$R$55,MATCH(G$4,'2010'!$B$6:$B$55,0),MATCH($B16,'2010'!$C$1:$R$1,0)),0) -> 64216.8 | H16: =_xlfn.IFNA(INDEX('2010'!$C$6:$R$55,MATCH(H$4,'2010'!$B$6:$B$55,0),MATCH($B16,'2010'!$C$1:$R$1,0)),0) -> 118476 | I16: =_xlfn.IFNA(INDEX('2010'!$C$6:$R$55,MATCH(I$4,'2010'!$B$6:$B$55,0),MATCH($B16,'2010'!$C$1:$R$1,0)),0) -> 7768.8 | J16: =_xlfn.IFNA(INDEX('2010'!$C$6:$R$55,MATCH(J$4,'2010'!$B$6:$B$55,0),MATCH($B16,'2010'!$C$1:$R$1,0)),0) -> 63090 | ... O16: =_xlfn.IFNA(INDEX('2010'!$C$6:$R$55,MATCH(O$4,'2010'!$B$6:$B$55,0),MATCH($B16,'2010'!$C$1:$R$1,0)),0) -> 63003.6 | P16: =SUM(C16:O16) -> 746236.8
B17: District Heating | C17: =_xlfn.IFNA(INDEX('2010'!$C$6:$R$55,MATCH(C$4,'2010'!$B$6:$B$55,0),MATCH($B17,'2010'!$C$1:$R$1,0)),0) -> 0 | D17: =_xlfn.IFNA(INDEX('2010'!$C$6:$R$55,MATCH(D$4,'2010'!$B$6:$B$55,0),MATCH($B17,'2010'!$C$1:$R$1,0)),0) -> 75475 | E17: =_xlfn.IFNA(INDEX('2010'!$C$6:$R$55,MATCH(E$4,'2010'!$B$6:$B$55,0),MATCH($B17,'2010'!$C$1:$R$1,0)),0) -> 2571 | F17: =_xlfn.IFNA(INDEX('2010'!$C$6:$R$55,MATCH(F$4,'2010'!$B$6:$B$55,0),MATCH($B17,'2010'!$C$1:$R$1,0)),0) -> 608 | G17: =_xlfn.IFNA(INDEX('2010'!$C$6:$R$55,MATCH(G$4,'2010'!$B$6:$B$55,0),MATCH($B17,'2010'!$C$1:$R$1,0)),0) -> 15937 | H17: =_xlfn.IFNA(INDEX('2010'!$C$6:$R$55,MATCH(H$4,'2010'!$B$6:$B$55,0),MATCH($B17,'2010'!$C$1:$R$1,0)),0) -> 13136 | I17: =_xlfn.IFNA(INDEX('2010'!$C$6:$R$55,MATCH(I$4,'2010'!$B$6:$B$55,0),MATCH($B17,'2010'!$C$1:$R$1,0)),0) -> 56 | J17: =_xlfn.IFNA(INDEX('2010'!$C$6:$R$55,MATCH(J$4,'2010'!$B$6:$B$55,0),MATCH($B17,'2010'!$C$1:$R$1,0)),0) -> 5601 | ... O17: =_xlfn.IFNA(INDEX('2010'!$C$6:$R$55,MATCH(O$4,'2010'!$B$6:$B$55,0),MATCH($B17,'2010'!$C$1:$R$1,0)),0) -> 6434 | P17: =SUM(C17:O17) -> 144248
B18: Renewables and wastes | C18: =SUM(C14:C15) -> 5457 | D18: =SUM(D14:D15) -> 8246 | E18: =SUM(E14:E15) -> 312 | F18: =SUM(F14:F15) -> 39305 | G18: =SUM(G14:G15) -> 239 | H18: =SUM(H14:H15) -> 1656 | I18: =SUM(I14:I15) -> 571 | J18: =SUM(J14:J15) -> 1568 | ... O18: =SUM(O14:O15) -> 3990 | P18: =SUM(C18:O18) -> 149227
B19: Total calculated | C19: =SUM(C5:C17) -> 53862.033 | D19: =SUM(D5:D17) -> 588419.8 | E19: =SUM(E5:E17) -> 87781.461 | F19: =SUM(F5:F17) -> 265634.53 | G19: =SUM(G5:G17) -> 123559.23 | H19: =SUM(H5:H17) -> 232370.02 | I19: =SUM(I5:I17) -> 18408.965 | J19: =SUM(J5:J17) -> 201710.2 | ... O19: =SUM(O5:O17) -> 116083.53 | P19: =SUM(C19:O19) -> 2086555.4
B20: Total | C20: =_xlfn.IFNA(INDEX('2010'!$C$6:$S$55,MATCH(C$4,'2010'!$B$6:$B$55,0),MATCH($B20,'2010'!$C$1:$S$1,0)),0) -> 53862.033 | D20: =_xlfn.IFNA(INDEX('2010'!$C$6:$S$55,MATCH(D$4,'2010'!$B$6:$B$55,0),MATCH($B20,'2010'!$C$1:$S$1,0)),0) -> 588419.78 | E20: =_xlfn.IFNA(INDEX('2010'!$C$6:$S$55,MATCH(E$4,'2010'!$B$6:$B$55,0),MATCH($B20,'2010'!$C$1:$S$1,0)),0) -> 89446.138 | F20: =_xlfn.IFNA(INDEX('2010'!$C$6:$S$55,MATCH(F$4,'2010'!$B$6:$B$55,0),MATCH($B20,'2010'!$C$1:$S$1,0)),0) -> 272879.16 | G20: =_xlfn.IFNA(INDEX('2010'!$C$6:$S$55,MATCH(G$4,'2010'!$B$6:$B$55,0),MATCH($B20,'2010'!$C$1:$S$1,0)),0) -> 123559.23 | H20: =_xlfn.IFNA(INDEX('2010'!$C$6:$S$55,MATCH(H$4,'2010'!$B$6:$B$55,0),MATCH($B20,'2010'!$C$1:$S$1,0)),0) -> 232432.84 | I20: =_xlfn.IFNA(INDEX('2010'!$C$6:$S$55,MATCH(I$4,'2010'!$B$6:$B$55,0),MATCH($B20,'2010'!$C$1:$S$1,0)),0) -> 18503.192 | J20: =_xlfn.IFNA(INDEX('2010'!$C$6:$S$55,MATCH(J$4,'2010'!$B$6:$B$55,0),MATCH($B20,'2010'!$C$1:$S$1,0)),0) -> 201710.2 | ... O20: =_xlfn.IFNA(INDEX('2010'!$C$6:$S$55,MATCH(O$4,'2010'!$B$6:$B$55,0),MATCH($B20,'2010'!$C$1:$S$1,0)),0) -> 116123.68 | P20: =SUM(C20:O20) -> 2095702
B24: 2015 | P24: Not used
B25: TJ | C25: Agriculture, forestry and fishing | D25: Chemical and petrochemical | E25: Non-ferrous metal | F25: Non-metallic minerals | G25: Transport equipment | H25: Machinery | I25: Mining and quarrying | J25: Food and tobacco | K25: Paper, pulp and printing | L25: Wood and wood products | M25: Textile and leather | N25: Construction | O25: Non-specified | P25: Total
B26: Coal | C26: =_xlfn.IFNA(INDEX('2015'!$C$6:$R$55,MATCH(C$4,'2015'!$B$6:$B$55,0),MATCH($B26,'2015'!$C$1:$R$1,0)),0) -> 0 | D26: =_xlfn.IFNA(INDEX('2015'!$C$6:$R$55,MATCH(D$4,'2015'!$B$6:$B$55,0),MATCH($B26,'2015'!$C$1:$R$1,0)),0) -> 41000.931 | E26: =_xlfn.IFNA(INDEX('2015'!$C$6:$R$55,MATCH(E$4,'2015'!$B$6:$B$55,0),MATCH($B26,'2015'!$C$1:$R$1,0)),0) -> 1343.058 | F26: =_xlfn.IFNA(INDEX('2015'!$C$6:$R$55,MATCH(F$4,'2015'!$B$6:$B$55,0),MATCH($B26,'2015'!$C$1:$R$1,0)),0) -> 57791.9 | G26: =_xlfn.IFNA(INDEX('2015'!$C$6:$R$55,MATCH(G$4,'2015'!$B$6:$B$55,0),MATCH($B26,'2015'!$C$1:$R$1,0)),0) -> 126.816 | H26: =_xlfn.IFNA(INDEX('2015'!$C$6:$R$55,MATCH(H$4,'2015'!$B$6:$B$55,0),MATCH($B26,'2015'!$C$1:$R$1,0)),0) -> 336.677 | I26: =_xlfn.IFNA(INDEX('2015'!$C$6:$R$55,MATCH(I$4,'2015'!$B$6:$B$55,0),MATCH($B26,'2015'!$C$1:$R$1,0)),0) -> 2557.486 | J26: =_xlfn.IFNA(INDEX('2015'!$C$6:$R$55,MATCH(J$4,'2015'!$B$6:$B$55,0),MATCH($B26,'2015'!$C$1:$R$1,0)),0) -> 8783.314 | ... O26: =_xlfn.IFNA(INDEX('2015'!$C$6:$R$55,MATCH(O$4,'2015'!$B$6:$B$55,0),MATCH($B26,'2015'!$C$1:$R$1,0)),0) -> 107.635 | P26: =SUM(C26:O26) -> 127693.42
B27: Fuel Oil | C27: =_xlfn.IFNA(INDEX('2015'!$C$6:$R$55,MATCH(C$4,'2015'!$B$6:$B$55,0),MATCH($B27,'2015'!$C$1:$R$1,0)),0) -> 0 | D27: =_xlfn.IFNA(INDEX('2015'!$C$6:$R$55,MATCH(D$4,'2015'!$B$6:$B$55,0),MATCH($B27,'2015'!$C$1:$R$1,0)),0) -> 53525.79 | E27: =_xlfn.IFNA(INDEX('2015'!$C$6:$R$55,MATCH(E$4,'2015'!$B$6:$B$55,0),MATCH($B27,'2015'!$C$1:$R$1,0)),0) -> 1222.05 | F27: =_xlfn.IFNA(INDEX('2015'!$C$6:$R$55,MATCH(F$4,'2015'!$B$6:$B$55,0),MATCH($B27,'2015'!$C$1:$R$1,0)),0) -> 3462.475 | G27: =_xlfn.IFNA(INDEX('2015'!$C$6:$R$55,MATCH(G$4,'2015'!$B$6:$B$55,0),MATCH($B27,'2015'!$C$1:$R$1,0)),0) -> 0 | H27: =_xlfn.IFNA(INDEX('2015'!$C$6:$R$55,MATCH(H$4,'2015'!$B$6:$B$55,0),MATCH($B27,'2015'!$C$1:$R$1,0)),0) -> 40.735 | I27: =_xlfn.IFNA(INDEX('2015'!$C$6:$R$55,MATCH(I$4,'2015'!$B$6:$B$55,0),MATCH($B27,'2015'!$C$1:$R$1,0)),0) -> 40.735 | J27: =_xlfn.IFNA(INDEX('2015'!$C$6:$R$55,MATCH(J$4,'2015'!$B$6:$B$55,0),MATCH($B27,'2015'!$C$1:$R$1,0)),0) -> 1059.11 | ... O27: =_xlfn.IFNA(INDEX('2015'!$C$6:$R$55,MATCH(O$4,'2015'!$B$6:$B$55,0),MATCH($B27,'2015'!$C$1:$R$1,0)),0) -> 81.47 | P27: =SUM(C27:O27) -> 59921.185
B28: Diesel | C28: =_xlfn.IFNA(INDEX('2015'!$C$6:$R$55,MATCH(C$4,'2015'!$B$6:$B$55,0),MATCH($B28,'2015'!$C$1:$R$1,0)),0) -> 0 | D28: =_xlfn.IFNA(INDEX('2015'!$C$6:$R$55,MATCH(D$4,'2015'!$B$6:$B$55,0),MATCH($B28,'2015'!$C$1:$R$1,0)),0) -> 813.466 | E28: =_xlfn.IFNA(INDEX('2015'!$C$6:$R$55,MATCH(E$4,'2015'!$B$6:$B$55,0),MATCH($B28,'2015'!$C$1:$R$1,0)),0) -> 642.21 | F28: =_xlfn.IFNA(INDEX('2015'!$C$6:$R$55,MATCH(F$4,'2015'!$B$6:$B$55,0),MATCH($B28,'2015'!$C$1:$R$1,0)),0) -> 3339.492 | G28: =_xlfn.IFNA(INDEX('2015'!$C$6:$R$55,MATCH(G$4,'2015'!$B$6:$B$55,0),MATCH($B28,'2015'!$C$1:$R$1,0)),0) -> 1626.932 | H28: =_xlfn.IFNA(INDEX('2015'!$C$6:$R$55,MATCH(H$4,'2015'!$B$6:$B$55,0),MATCH($B28,'2015'!$C$1:$R$1,0)),0) -> 8263.102 | I28: =_xlfn.IFNA(INDEX('2015'!$C$6:$R$55,MATCH(I$4,'2015'!$B$6:$B$55,0),MATCH($B28,'2015'!$C$1:$R$1,0)),0) -> 642.21 | J28: =_xlfn.IFNA(INDEX('2015'!$C$6:$R$55,MATCH(J$4,'2015'!$B$6:$B$55,0),MATCH($B28,'2015'!$C$1:$R$1,0)),0) -> 6464.914 | ... O28: =_xlfn.IFNA(INDEX('2015'!$C$6:$R$55,MATCH(O$4,'2015'!$B$6:$B$55,0),MATCH($B28,'2015'!$C$1:$R$1,0)),0) -> 3896.074 | P28: =SUM(C28:O28) -> 28043.17
B29: Gasoline | C29: =_xlfn.IFNA(INDEX('2015'!$C$6:$R$55,MATCH(C$4,'2015'!$B$6:$B$55,0),MATCH($B29,'2015'!$C$1:$R$1,0)),0) -> 0 | D29: =_xlfn.IFNA(INDEX('2015'!$C$6:$R$55,MATCH(D$4,'2015'!$B$6:$B$55,0),MATCH($B29,'2015'!$C$1:$R$1,0)),0) -> 0 | E29: =_xlfn.IFNA(INDEX('2015'!$C$6:$R$55,MATCH(E$4,'2015'!$B$6:$B$55,0),MATCH($B29,'2015'!$C$1:$R$1,0)),0) -> 0 | F29: =_xlfn.IFNA(INDEX('2015'!$C$6:$R$55,MATCH(F$4,'2015'!$B$6:$B$55,0),MATCH($B29,'2015'!$C$1:$R$1,0)),0) -> 0 | G29: =_xlfn.IFNA(INDEX('2015'!$C$6:$R$55,MATCH(G$4,'2015'!$B$6:$B$55,0),MATCH($B29,'2015'!$C$1:$R$1,0)),0) -> 0 | H29: =_xlfn.IFNA(INDEX('2015'!$C$6:$R$55,MATCH(H$4,'2015'!$B$6:$B$55,0),MATCH($B29,'2015'!$C$1:$R$1,0)),0) -> 0 | I29: =_xlfn.IFNA(INDEX('2015'!$C$6:$R$55,MATCH(I$4,'2015'!$B$6:$B$55,0),MATCH($B29,'2015'!$C$1:$R$1,0)),0) -> 0 | J29: =_xlfn.IFNA(INDEX('2015'!$C$6:$R$55,MATCH(J$4,'2015'!$B$6:$B$55,0),MATCH($B29,'2015'!$C$1:$R$1,0)),0) -> 0 | ... O29: =_xlfn.IFNA(INDEX('2015'!$C$6:$R$55,MATCH(O$4,'2015'!$B$6:$B$55,0),MATCH($B29,'2015'!$C$1:$R$1,0)),0) -> 0 | P29: =SUM(C29:O29) -> 0
B30: LPG | C30: =_xlfn.IFNA(INDEX('2015'!$C$6:$R$55,MATCH(C$4,'2015'!$B$6:$B$55,0),MATCH($B30,'2015'!$C$1:$R$1,0)),0) -> 0 | D30: =_xlfn.IFNA(INDEX('2015'!$C$6:$R$55,MATCH(D$4,'2015'!$B$6:$B$55,0),MATCH($B30,'2015'!$C$1:$R$1,0)),0) -> 0 | E30: =_xlfn.IFNA(INDEX('2015'!$C$6:$R$55,MATCH(E$4,'2015'!$B$6:$B$55,0),MATCH($B30,'2015'!$C$1:$R$1,0)),0) -> 90.732 | F30: =_xlfn.IFNA(INDEX('2015'!$C$6:$R$55,MATCH(F$4,'2015'!$B$6:$B$55,0),MATCH($B30,'2015'!$C$1:$R$1,0)),0) -> 453.66 | G30: =_xlfn.IFNA(INDEX('2015'!$C$6:$R$55,MATCH(G$4,'2015'!$B$6:$B$55,0),MATCH($B30,'2015'!$C$1:$R$1,0)),0) -> 136.098 | H30: =_xlfn.IFNA(INDEX('2015'!$C$6:$R$55,MATCH(H$4,'2015'!$B$6:$B$55,0),MATCH($B30,'2015'!$C$1:$R$1,0)),0) -> 1497.078 | I30: =_xlfn.IFNA(INDEX('2015'!$C$6:$R$55,MATCH(I$4,'2015'!$B$6:$B$55,0),MATCH($B30,'2015'!$C$1:$R$1,0)),0) -> 317.562 | J30: =_xlfn.IFNA(INDEX('2015'!$C$6:$R$55,MATCH(J$4,'2015'!$B$6:$B$55,0),MATCH($B30,'2015'!$C$1:$R$1,0)),0) -> 226.83 | ... O30: =_xlfn.IFNA(INDEX('2015'!$C$6:$R$55,MATCH(O$4,'2015'!$B$6:$B$55,0),MATCH($B30,'2015'!$C$1:$R$1,0)),0) -> 272.196 | P30: =SUM(C30:O30) -> 3765.378
B31: Manufactured gases | C31: =_xlfn.IFNA(INDEX('2015'!$C$6:$R$55,MATCH(C$4,'2015'!$B$6:$B$55,0),MATCH($B31,'2015'!$C$1:$R$1,0)),0) -> 0 | D31: =_xlfn.IFNA(INDEX('2015'!$C$6:$R$55,MATCH(D$4,'2015'!$B$6:$B$55,0),MATCH($B31,'2015'!$C$1:$R$1,0)),0) -> 2525.4 | E31: =_xlfn.IFNA(INDEX('2015'!$C$6:$R$55,MATCH(E$4,'2015'!$B$6:$B$55,0),MATCH($B31,'2015'!$C$1:$R$1,0)),0) -> 0 | F31: =_xlfn.IFNA(INDEX('2015'!$C$6:$R$55,MATCH(F$4,'2015'!$B$6:$B$55,0),MATCH($B31,'2015'!$C$1:$R$1,0)),0) -> 0 | G31: =_xlfn.IFNA(INDEX('2015'!$C$6:$R$55,MATCH(G$4,'2015'!$B$6:$B$55,0),MATCH($B31,'2015'!$C$1:$R$1,0)),0) -> 1664.1 | H31: =_xlfn.IFNA(INDEX('2015'!$C$6:$R$55,MATCH(H$4,'2015'!$B$6:$B$55,0),MATCH($B31,'2015'!$C$1:$R$1,0)),0) -> 613.8 | I31: =_xlfn.IFNA(INDEX('2015'!$C$6:$R$55,MATCH(I$4,'2015'!$B$6:$B$55,0),MATCH($B31,'2015'!$C$1:$R$1,0)),0) -> 0 | J31: =_xlfn.IFNA(INDEX('2015'!$C$6:$R$55,MATCH(J$4,'2015'!$B$6:$B$55,0),MATCH($B31,'2015'!$C$1:$R$1,0)),0) -> 0 | ... O31: =_xlfn.IFNA(INDEX('2015'!$C$6:$R$55,MATCH(O$4,'2015'!$B$6:$B$55,0),MATCH($B31,'2015'!$C$1:$R$1,0)),0) -> 21.6 | P31: =SUM(C31:O31) -> 4824.9
B32: Natural gas | C32: =_xlfn.IFNA(INDEX('2015'!$C$6:$R$55,MATCH(C$4,'2015'!$B$6:$B$55,0),MATCH($B32,'2015'!$C$1:$R$1,0)),0) -> 13296.6 | D32: =_xlfn.IFNA(INDEX('2015'!$C$6:$R$55,MATCH(D$4,'2015'!$B$6:$B$55,0),MATCH($B32,'2015'!$C$1:$R$1,0)),0) -> 218454.02 | E32: =_xlfn.IFNA(INDEX('2015'!$C$6:$R$55,MATCH(E$4,'2015'!$B$6:$B$55,0),MATCH($B32,'2015'!$C$1:$R$1,0)),0) -> 33843.6 | F32: =_xlfn.IFNA(INDEX('2015'!$C$6:$R$55,MATCH(F$4,'2015'!$B$6:$B$55,0),MATCH($B32,'2015'!$C$1:$R$1,0)),0) -> 104013 | G32: =_xlfn.IFNA(INDEX('2015'!$C$6:$R$55,MATCH(G$4,'2015'!$B$6:$B$55,0),MATCH($B32,'2015'!$C$1:$R$1,0)),0) -> 36487.8 | H32: =_xlfn.IFNA(INDEX('2015'!$C$6:$R$55,MATCH(H$4,'2015'!$B$6:$B$55,0),MATCH($B32,'2015'!$C$1:$R$1,0)),0) -> 71144.1 | I32: =_xlfn.IFNA(INDEX('2015'!$C$6:$R$55,MATCH(I$4,'2015'!$B$6:$B$55,0),MATCH($B32,'2015'!$C$1:$R$1,0)),0) -> 4308.3 | J32: =_xlfn.IFNA(INDEX('2015'!$C$6:$R$55,MATCH(J$4,'2015'!$B$6:$B$55,0),MATCH($B32,'2015'!$C$1:$R$1,0)),0) -> 110628.9 | ... O32: =_xlfn.IFNA(INDEX('2015'!$C$6:$R$55,MATCH(O$4,'2015'!$B$6:$B$55,0),MATCH($B32,'2015'!$C$1:$R$1,0)),0) -> 31370.049 | P32: =SUM(C32:O32) -> 746230.77
B33: Biogas | C33: =_xlfn.IFNA(INDEX('2015'!$C$6:$R$55,MATCH(C$4,'2015'!$B$6:$B$55,0),MATCH($B33,'2015'!$C$1:$R$1,0)),0) -> 22744 | D33: =_xlfn.IFNA(INDEX('2015'!$C$6:$R$55,MATCH(D$4,'2015'!$B$6:$B$55,0),MATCH($B33,'2015'!$C$1:$R$1,0)),0) -> 381 | E33: =_xlfn.IFNA(INDEX('2015'!$C$6:$R$55,MATCH(E$4,'2015'!$B$6:$B$55,0),MATCH($B33,'2015'!$C$1:$R$1,0)),0) -> 13 | F33: =_xlfn.IFNA(INDEX('2015'!$C$6:$R$55,MATCH(F$4,'2015'!$B$6:$B$55,0),MATCH($B33,'2015'!$C$1:$R$1,0)),0) -> 22 | G33: =_xlfn.IFNA(INDEX('2015'!$C$6:$R$55,MATCH(G$4,'2015'!$B$6:$B$55,0),MATCH($B33,'2015'!$C$1:$R$1,0)),0) -> 0 | H33: =_xlfn.IFNA(INDEX('2015'!$C$6:$R$55,MATCH(H$4,'2015'!$B$6:$B$55,0),MATCH($B33,'2015'!$C$1:$R$1,0)),0) -> 371 | I33: =_xlfn.IFNA(INDEX('2015'!$C$6:$R$55,MATCH(I$4,'2015'!$B$6:$B$55,0),MATCH($B33,'2015'!$C$1:$R$1,0)),0) -> 50 | J33: =_xlfn.IFNA(INDEX('2015'!$C$6:$R$55,MATCH(J$4,'2015'!$B$6:$B$55,0),MATCH($B33,'2015'!$C$1:$R$1,0)),0) -> 695 | ... O33: =_xlfn.IFNA(INDEX('2015'!$C$6:$R$55,MATCH(O$4,'2015'!$B$6:$B$55,0),MATCH($B33,'2015'!$C$1:$R$1,0)),0) -> 58 | R33: 0.4 | S33: Biomass and waste is assumed a 50/50 split
B34: Biodiesel | C34: =_xlfn.IFNA(INDEX('2015'!$C$6:$R$55,MATCH(C$4,'2015'!$B$6:$B$55,0),MATCH($B34,'2015'!$C$1:$R$1,0)),0) -> 354.801 | D34: =_xlfn.IFNA(INDEX('2015'!$C$6:$R$55,MATCH(D$4,'2015'!$B$6:$B$55,0),MATCH($B34,'2015'!$C$1:$R$1,0)),0) -> 356.034 | E34: =_xlfn.IFNA(INDEX('2015'!$C$6:$R$55,MATCH(E$4,'2015'!$B$6:$B$55,0),MATCH($B34,'2015'!$C$1:$R$1,0)),0) -> 0 | F34: =_xlfn.IFNA(INDEX('2015'!$C$6:$R$55,MATCH(F$4,'2015'!$B$6:$B$55,0),MATCH($B34,'2015'!$C$1:$R$1,0)),0) -> 152.586 | G34: =_xlfn.IFNA(INDEX('2015'!$C$6:$R$55,MATCH(G$4,'2015'!$B$6:$B$55,0),MATCH($B34,'2015'!$C$1:$R$1,0)),0) -> 50.862 | H34: =_xlfn.IFNA(INDEX('2015'!$C$6:$R$55,MATCH(H$4,'2015'!$B$6:$B$55,0),MATCH($B34,'2015'!$C$1:$R$1,0)),0) -> 76.293 | I34: =_xlfn.IFNA(INDEX('2015'!$C$6:$R$55,MATCH(I$4,'2015'!$B$6:$B$55,0),MATCH($B34,'2015'!$C$1:$R$1,0)),0) -> 0 | J34: =_xlfn.IFNA(INDEX('2015'!$C$6:$R$55,MATCH(J$4,'2015'!$B$6:$B$55,0),MATCH($B34,'2015'!$C$1:$R$1,0)),0) -> 25.431 | ... O34: =_xlfn.IFNA(INDEX('2015'!$C$6:$R$55,MATCH(O$4,'2015'!$B$6:$B$55,0),MATCH($B34,'2015'!$C$1:$R$1,0)),0) -> 0
B35: Biomass | C35: =_xlfn.IFNA(INDEX('2015'!$C$6:$R$55,MATCH(C$4,'2015'!$B$6:$B$55,0),MATCH($B35,'2015'!$C$1:$R$1,0)),0) -> 4379 | D35: =_xlfn.IFNA(INDEX('2015'!$C$6:$R$55,MATCH(D$4,'2015'!$B$6:$B$55,0),MATCH($B35,'2015'!$C$1:$R$1,0)),0) -> 1409 | E35: =_xlfn.IFNA(INDEX('2015'!$C$6:$R$55,MATCH(E$4,'2015'!$B$6:$B$55,0),MATCH($B35,'2015'!$C$1:$R$1,0)),0) -> 0 | F35: =_xlfn.IFNA(INDEX('2015'!$C$6:$R$55,MATCH(F$4,'2015'!$B$6:$B$55,0),MATCH($B35,'2015'!$C$1:$R$1,0)),0) -> 5787 | G35: =_xlfn.IFNA(INDEX('2015'!$C$6:$R$55,MATCH(G$4,'2015'!$B$6:$B$55,0),MATCH($B35,'2015'!$C$1:$R$1,0)),0) -> 225 | H35: =_xlfn.IFNA(INDEX('2015'!$C$6:$R$55,MATCH(H$4,'2015'!$B$6:$B$55,0),MATCH($B35,'2015'!$C$1:$R$1,0)),0) -> 2144 | I35: =_xlfn.IFNA(INDEX('2015'!$C$6:$R$55,MATCH(I$4,'2015'!$B$6:$B$55,0),MATCH($B35,'2015'!$C$1:$R$1,0)),0) -> 809 | J35: =_xlfn.IFNA(INDEX('2015'!$C$6:$R$55,MATCH(J$4,'2015'!$B$6:$B$55,0),MATCH($B35,'2015'!$C$1:$R$1,0)),0) -> 1637 | ... O35: =_xlfn.IFNA(INDEX('2015'!$C$6:$R$55,MATCH(O$4,'2015'!$B$6:$B$55,0),MATCH($B35,'2015'!$C$1:$R$1,0)),0) -> 5415 | P35: =SUM(C35:O35) -> 94704
B36: Waste | C36: =_xlfn.IFNA(INDEX('2015'!$C$6:$R$55,MATCH(C$4,'2015'!$B$6:$B$55,0),MATCH($B36,'2015'!$C$1:$R$1,0)),0) -> 0 | D36: =_xlfn.IFNA(INDEX('2015'!$C$6:$R$55,MATCH(D$4,'2015'!$B$6:$B$55,0),MATCH($B36,'2015'!$C$1:$R$1,0)),0) -> 8685 | E36: =_xlfn.IFNA(INDEX('2015'!$C$6:$R$55,MATCH(E$4,'2015'!$B$6:$B$55,0),MATCH($B36,'2015'!$C$1:$R$1,0)),0) -> 256 | F36: =_xlfn.IFNA(INDEX('2015'!$C$6:$R$55,MATCH(F$4,'2015'!$B$6:$B$55,0),MATCH($B36,'2015'!$C$1:$R$1,0)),0) -> 44429 | G36: =_xlfn.IFNA(INDEX('2015'!$C$6:$R$55,MATCH(G$4,'2015'!$B$6:$B$55,0),MATCH($B36,'2015'!$C$1:$R$1,0)),0) -> 2 | H36: =_xlfn.IFNA(INDEX('2015'!$C$6:$R$55,MATCH(H$4,'2015'!$B$6:$B$55,0),MATCH($B36,'2015'!$C$1:$R$1,0)),0) -> 1 | I36: =_xlfn.IFNA(INDEX('2015'!$C$6:$R$55,MATCH(I$4,'2015'!$B$6:$B$55,0),MATCH($B36,'2015'!$C$1:$R$1,0)),0) -> 0 | J36: =_xlfn.IFNA(INDEX('2015'!$C$6:$R$55,MATCH(J$4,'2015'!$B$6:$B$55,0),MATCH($B36,'2015'!$C$1:$R$1,0)),0) -> 0 | ... O36: =_xlfn.IFNA(INDEX('2015'!$C$6:$R$55,MATCH(O$4,'2015'!$B$6:$B$55,0),MATCH($B36,'2015'!$C$1:$R$1,0)),0) -> 0 | P36: =SUM(C36:O36) -> 58874
B37: Electricity | C37: =_xlfn.IFNA(INDEX('2015'!$C$6:$R$55,MATCH(C$4,'2015'!$B$6:$B$55,0),MATCH($B37,'2015'!$C$1:$R$1,0)),0) -> 19940.4 | D37: =_xlfn.IFNA(INDEX('2015'!$C$6:$R$55,MATCH(D$4,'2015'!$B$6:$B$55,0),MATCH($B37,'2015'!$C$1:$R$1,0)),0) -> 192474 | E37: =_xlfn.IFNA(INDEX('2015'!$C$6:$R$55,MATCH(E$4,'2015'!$B$6:$B$55,0),MATCH($B37,'2015'!$C$1:$R$1,0)),0) -> 57135.6 | F37: =_xlfn.IFNA(INDEX('2015'!$C$6:$R$55,MATCH(F$4,'2015'!$B$6:$B$55,0),MATCH($B37,'2015'!$C$1:$R$1,0)),0) -> 44265.6 | G37: =_xlfn.IFNA(INDEX('2015'!$C$6:$R$55,MATCH(G$4,'2015'!$B$6:$B$55,0),MATCH($B37,'2015'!$C$1:$R$1,0)),0) -> 66654 | H37: =_xlfn.IFNA(INDEX('2015'!$C$6:$R$55,MATCH(H$4,'2015'!$B$6:$B$55,0),MATCH($B37,'2015'!$C$1:$R$1,0)),0) -> 120315.6 | I37: =_xlfn.IFNA(INDEX('2015'!$C$6:$R$55,MATCH(I$4,'2015'!$B$6:$B$55,0),MATCH($B37,'2015'!$C$1:$R$1,0)),0) -> 6264 | J37: =_xlfn.IFNA(INDEX('2015'!$C$6:$R$55,MATCH(J$4,'2015'!$B$6:$B$55,0),MATCH($B37,'2015'!$C$1:$R$1,0)),0) -> 65498.4 | ... O37: =_xlfn.IFNA(INDEX('2015'!$C$6:$R$55,MATCH(O$4,'2015'!$B$6:$B$55,0),MATCH($B37,'2015'!$C$1:$R$1,0)),0) -> 62067.6 | P37: =SUM(C37:O37) -> 749883.6
B38: District Heating | C38: =_xlfn.IFNA(INDEX('2015'!$C$6:$R$55,MATCH(C$4,'2015'!$B$6:$B$55,0),MATCH($B38,'2015'!$C$1:$R$1,0)),0) -> 0 | D38: =_xlfn.IFNA(INDEX('2015'!$C$6:$R$55,MATCH(D$4,'2015'!$B$6:$B$55,0),MATCH($B38,'2015'!$C$1:$R$1,0)),0) -> 97183 | E38: =_xlfn.IFNA(INDEX('2015'!$C$6:$R$55,MATCH(E$4,'2015'!$B$6:$B$55,0),MATCH($B38,'2015'!$C$1:$R$1,0)),0) -> 1109 | F38: =_xlfn.IFNA(INDEX('2015'!$C$6:$R$55,MATCH(F$4,'2015'!$B$6:$B$55,0),MATCH($B38,'2015'!$C$1:$R$1,0)),0) -> 775 | G38: =_xlfn.IFNA(INDEX('2015'!$C$6:$R$55,MATCH(G$4,'2015'!$B$6:$B$55,0),MATCH($B38,'2015'!$C$1:$R$1,0)),0) -> 13440 | H38: =_xlfn.IFNA(INDEX('2015'!$C$6:$R$55,MATCH(H$4,'2015'!$B$6:$B$55,0),MATCH($B38,'2015'!$C$1:$R$1,0)),0) -> 9929 | I38: =_xlfn.IFNA(INDEX('2015'!$C$6:$R$55,MATCH(I$4,'2015'!$B$6:$B$55,0),MATCH($B38,'2015'!$C$1:$R$1,0)),0) -> 116 | J38: =_xlfn.IFNA(INDEX('2015'!$C$6:$R$55,MATCH(J$4,'2015'!$B$6:$B$55,0),MATCH($B38,'2015'!$C$1:$R$1,0)),0) -> 9825 | ... O38: =_xlfn.IFNA(INDEX('2015'!$C$6:$R$55,MATCH(O$4,'2015'!$B$6:$B$55,0),MATCH($B38,'2015'!$C$1:$R$1,0)),0) -> 6650 | P38: =SUM(C38:O38) -> 171910
B39: Renewables and wastes | C39: =SUM(C35:C36) -> 4379 | D39: =SUM(D35:D36) -> 10094 | E39: =SUM(E35:E36) -> 256 | F39: =SUM(F35:F36) -> 50216 | G39: =SUM(G35:G36) -> 227 | H39: =SUM(H35:H36) -> 2145 | I39: =SUM(I35:I36) -> 809 | J39: =SUM(J35:J36) -> 1637 | ... O39: =SUM(O35:O36) -> 5415 | P39: =SUM(C39:O39) -> 153578
B40: Total calculated | C40: =SUM(C26:C38) -> 60714.801 | D40: =SUM(D26:D38) -> 616807.64 | E40: =SUM(E26:E38) -> 95655.25 | F40: =SUM(F26:F38) -> 264491.71 | G40: =SUM(G26:G38) -> 120413.61 | H40: =SUM(H26:H38) -> 214732.39 | I40: =SUM(I26:I38) -> 15105.293 | J40: =SUM(J26:J38) -> 204843.9 | ... O40: =SUM(O26:O38) -> 109939.62 | P40: =SUM(C40:O40) -> 2072262.6
B41: Total | C41: =_xlfn.IFNA(INDEX('2010'!$C$6:$S$55,MATCH(C$4,'2010'!$B$6:$B$55,0),MATCH($B41,'2010'!$C$1:$S$1,0)),0) -> 53862.033 | D41: =_xlfn.IFNA(INDEX('2010'!$C$6:$S$55,MATCH(D$4,'2010'!$B$6:$B$55,0),MATCH($B41,'2010'!$C$1:$S$1,0)),0) -> 588419.78 | E41: =_xlfn.IFNA(INDEX('2010'!$C$6:$S$55,MATCH(E$4,'2010'!$B$6:$B$55,0),MATCH($B41,'2010'!$C$1:$S$1,0)),0) -> 89446.138 | F41: =_xlfn.IFNA(INDEX('2010'!$C$6:$S$55,MATCH(F$4,'2010'!$B$6:$B$55,0),MATCH($B41,'2010'!$C$1:$S$1,0)),0) -> 272879.16 | G41: =_xlfn.IFNA(INDEX('2010'!$C$6:$S$55,MATCH(G$4,'2010'!$B$6:$B$55,0),MATCH($B41,'2010'!$C$1:$S$1,0)),0) -> 123559.23 | H41: =_xlfn.IFNA(INDEX('2010'!$C$6:$S$55,MATCH(H$4,'2010'!$B$6:$B$55,0),MATCH($B41,'2010'!$C$1:$S$1,0)),0) -> 232432.84 | I41: =_xlfn.IFNA(INDEX('2010'!$C$6:$S$55,MATCH(I$4,'2010'!$B$6:$B$55,0),MATCH($B41,'2010'!$C$1:$S$1,0)),0) -> 18503.192 | J41: =_xlfn.IFNA(INDEX('2010'!$C$6:$S$55,MATCH(J$4,'2010'!$B$6:$B$55,0),MATCH($B41,'2010'!$C$1:$S$1,0)),0) -> 201710.2 | ... O41: =_xlfn.IFNA(INDEX('2010'!$C$6:$S$55,MATCH(O$4,'2010'!$B$6:$B$55,0),MATCH($B41,'2010'!$C$1:$S$1,0)),0) -> 116123.68 | P41: =SUM(C41:O41) -> 2095702
B45: 2019 | P45: Not used
B46: TJ | C46: Agriculture, forestry and fishing | D46: Chemical and petrochemical | E46: Non-ferrous metal | F46: Non-metallic minerals | G46: Transport equipment | H46: Machinery | I46: Mining and quarrying | J46: Food and tobacco | K46: Paper, pulp and printing | L46: Wood and wood products | M46: Textile and leather | N46: Construction | O46: Non-specified | P46: Total
B47: Coal | C47: =_xlfn.IFNA(INDEX('2019'!$C$6:$R$55,MATCH(C$4,'2019'!$B$6:$B$55,0),MATCH($B47,'2019'!$C$1:$R$1,0)),0) -> 0 | D47: =_xlfn.IFNA(INDEX('2019'!$C$6:$R$55,MATCH(D$4,'2019'!$B$6:$B$55,0),MATCH($B47,'2019'!$C$1:$R$1,0)),0) -> 14652.936 | E47: =_xlfn.IFNA(INDEX('2019'!$C$6:$R$55,MATCH(E$4,'2019'!$B$6:$B$55,0),MATCH($B47,'2019'!$C$1:$R$1,0)),0) -> 1097.598 | F47: =_xlfn.IFNA(INDEX('2019'!$C$6:$R$55,MATCH(F$4,'2019'!$B$6:$B$55,0),MATCH($B47,'2019'!$C$1:$R$1,0)),0) -> 53875.453 | G47: =_xlfn.IFNA(INDEX('2019'!$C$6:$R$55,MATCH(G$4,'2019'!$B$6:$B$55,0),MATCH($B47,'2019'!$C$1:$R$1,0)),0) -> 7161.88 | H47: =_xlfn.IFNA(INDEX('2019'!$C$6:$R$55,MATCH(H$4,'2019'!$B$6:$B$55,0),MATCH($B47,'2019'!$C$1:$R$1,0)),0) -> 574.642 | I47: =_xlfn.IFNA(INDEX('2019'!$C$6:$R$55,MATCH(I$4,'2019'!$B$6:$B$55,0),MATCH($B47,'2019'!$C$1:$R$1,0)),0) -> 2624.08 | J47: =_xlfn.IFNA(INDEX('2019'!$C$6:$R$55,MATCH(J$4,'2019'!$B$6:$B$55,0),MATCH($B47,'2019'!$C$1:$R$1,0)),0) -> 7846.074 | ... O47: =_xlfn.IFNA(INDEX('2019'!$C$6:$R$55,MATCH(O$4,'2019'!$B$6:$B$55,0),MATCH($B47,'2019'!$C$1:$R$1,0)),0) -> 1474.505 | P47: =SUM(C47:O47) -> 100264.57
B48: Fuel Oil | C48: =_xlfn.IFNA(INDEX('2019'!$C$6:$R$55,MATCH(C$4,'2019'!$B$6:$B$55,0),MATCH($B48,'2019'!$C$1:$R$1,0)),0) -> 0 | D48: =_xlfn.IFNA(INDEX('2019'!$C$6:$R$55,MATCH(D$4,'2019'!$B$6:$B$55,0),MATCH($B48,'2019'!$C$1:$R$1,0)),0) -> 21139.732 | E48: =_xlfn.IFNA(INDEX('2019'!$C$6:$R$55,MATCH(E$4,'2019'!$B$6:$B$55,0),MATCH($B48,'2019'!$C$1:$R$1,0)),0) -> 685.831 | F48: =_xlfn.IFNA(INDEX('2019'!$C$6:$R$55,MATCH(F$4,'2019'!$B$6:$B$55,0),MATCH($B48,'2019'!$C$1:$R$1,0)),0) -> 2339.894 | G48: =_xlfn.IFNA(INDEX('2019'!$C$6:$R$55,MATCH(G$4,'2019'!$B$6:$B$55,0),MATCH($B48,'2019'!$C$1:$R$1,0)),0) -> 0 | H48: =_xlfn.IFNA(INDEX('2019'!$C$6:$R$55,MATCH(H$4,'2019'!$B$6:$B$55,0),MATCH($B48,'2019'!$C$1:$R$1,0)),0) -> 40.343 | I48: =_xlfn.IFNA(INDEX('2019'!$C$6:$R$55,MATCH(I$4,'2019'!$B$6:$B$55,0),MATCH($B48,'2019'!$C$1:$R$1,0)),0) -> 40.343 | J48: =_xlfn.IFNA(INDEX('2019'!$C$6:$R$55,MATCH(J$4,'2019'!$B$6:$B$55,0),MATCH($B48,'2019'!$C$1:$R$1,0)),0) -> 1210.29 | ... O48: =_xlfn.IFNA(INDEX('2019'!$C$6:$R$55,MATCH(O$4,'2019'!$B$6:$B$55,0),MATCH($B48,'2019'!$C$1:$R$1,0)),0) -> 40.343 | P48: =SUM(C48:O48) -> 25940.549
B49: Diesel | C49: =_xlfn.IFNA(INDEX('2019'!$C$6:$R$55,MATCH(C$4,'2019'!$B$6:$B$55,0),MATCH($B49,'2019'!$C$1:$R$1,0)),0) -> 77225.673 | D49: =_xlfn.IFNA(INDEX('2019'!$C$6:$R$55,MATCH(D$4,'2019'!$B$6:$B$55,0),MATCH($B49,'2019'!$C$1:$R$1,0)),0) -> 1588.299 | E49: =_xlfn.IFNA(INDEX('2019'!$C$6:$R$55,MATCH(E$4,'2019'!$B$6:$B$55,0),MATCH($B49,'2019'!$C$1:$R$1,0)),0) -> 472.197 | F49: =_xlfn.IFNA(INDEX('2019'!$C$6:$R$55,MATCH(F$4,'2019'!$B$6:$B$55,0),MATCH($B49,'2019'!$C$1:$R$1,0)),0) -> 3176.598 | G49: =_xlfn.IFNA(INDEX('2019'!$C$6:$R$55,MATCH(G$4,'2019'!$B$6:$B$55,0),MATCH($B49,'2019'!$C$1:$R$1,0)),0) -> 1373.664 | H49: =_xlfn.IFNA(INDEX('2019'!$C$6:$R$55,MATCH(H$4,'2019'!$B$6:$B$55,0),MATCH($B49,'2019'!$C$1:$R$1,0)),0) -> 7469.298 | I49: =_xlfn.IFNA(INDEX('2019'!$C$6:$R$55,MATCH(I$4,'2019'!$B$6:$B$55,0),MATCH($B49,'2019'!$C$1:$R$1,0)),0) -> 729.759 | J49: =_xlfn.IFNA(INDEX('2019'!$C$6:$R$55,MATCH(J$4,'2019'!$B$6:$B$55,0),MATCH($B49,'2019'!$C$1:$R$1,0)),0) -> 5365.875 | ... O49: =_xlfn.IFNA(INDEX('2019'!$C$6:$R$55,MATCH(O$4,'2019'!$B$6:$B$55,0),MATCH($B49,'2019'!$C$1:$R$1,0)),0) -> 3219.525 | P49: =SUM(C49:O49) -> 156082.57
B50: Gasoline | C50: =_xlfn.IFNA(INDEX('2019'!$C$6:$R$55,MATCH(C$4,'2019'!$B$6:$B$55,0),MATCH($B50,'2019'!$C$1:$R$1,0)),0) -> 2367.736 | D50: =_xlfn.IFNA(INDEX('2019'!$C$6:$R$55,MATCH(D$4,'2019'!$B$6:$B$55,0),MATCH($B50,'2019'!$C$1:$R$1,0)),0) -> 0 | E50: =_xlfn.IFNA(INDEX('2019'!$C$6:$R$55,MATCH(E$4,'2019'!$B$6:$B$55,0),MATCH($B50,'2019'!$C$1:$R$1,0)),0) -> 0 | F50: =_xlfn.IFNA(INDEX('2019'!$C$6:$R$55,MATCH(F$4,'2019'!$B$6:$B$55,0),MATCH($B50,'2019'!$C$1:$R$1,0)),0) -> 0 | G50: =_xlfn.IFNA(INDEX('2019'!$C$6:$R$55,MATCH(G$4,'2019'!$B$6:$B$55,0),MATCH($B50,'2019'!$C$1:$R$1,0)),0) -> 0 | H50: =_xlfn.IFNA(INDEX('2019'!$C$6:$R$55,MATCH(H$4,'2019'!$B$6:$B$55,0),MATCH($B50,'2019'!$C$1:$R$1,0)),0) -> 0 | I50: =_xlfn.IFNA(INDEX('2019'!$C$6:$R$55,MATCH(I$4,'2019'!$B$6:$B$55,0),MATCH($B50,'2019'!$C$1:$R$1,0)),0) -> 0 | J50: =_xlfn.IFNA(INDEX('2019'!$C$6:$R$55,MATCH(J$4,'2019'!$B$6:$B$55,0),MATCH($B50,'2019'!$C$1:$R$1,0)),0) -> 0 | ... O50: =_xlfn.IFNA(INDEX('2019'!$C$6:$R$55,MATCH(O$4,'2019'!$B$6:$B$55,0),MATCH($B50,'2019'!$C$1:$R$1,0)),0) -> 0 | P50: =SUM(C50:O50) -> 5454.249
B51: LPG | C51: =_xlfn.IFNA(INDEX('2019'!$C$6:$R$55,MATCH(C$4,'2019'!$B$6:$B$55,0),MATCH($B51,'2019'!$C$1:$R$1,0)),0) -> 8830.17 | D51: =_xlfn.IFNA(INDEX('2019'!$C$6:$R$55,MATCH(D$4,'2019'!$B$6:$B$55,0),MATCH($B51,'2019'!$C$1:$R$1,0)),0) -> 0 | E51: =_xlfn.IFNA(INDEX('2019'!$C$6:$R$55,MATCH(E$4,'2019'!$B$6:$B$55,0),MATCH($B51,'2019'!$C$1:$R$1,0)),0) -> 86.148 | F51: =_xlfn.IFNA(INDEX('2019'!$C$6:$R$55,MATCH(F$4,'2019'!$B$6:$B$55,0),MATCH($B51,'2019'!$C$1:$R$1,0)),0) -> 516.888 | G51: =_xlfn.IFNA(INDEX('2019'!$C$6:$R$55,MATCH(G$4,'2019'!$B$6:$B$55,0),MATCH($B51,'2019'!$C$1:$R$1,0)),0) -> 215.37 | H51: =_xlfn.IFNA(INDEX('2019'!$C$6:$R$55,MATCH(H$4,'2019'!$B$6:$B$55,0),MATCH($B51,'2019'!$C$1:$R$1,0)),0) -> 947.628 | I51: =_xlfn.IFNA(INDEX('2019'!$C$6:$R$55,MATCH(I$4,'2019'!$B$6:$B$55,0),MATCH($B51,'2019'!$C$1:$R$1,0)),0) -> 129.222 | J51: =_xlfn.IFNA(INDEX('2019'!$C$6:$R$55,MATCH(J$4,'2019'!$B$6:$B$55,0),MATCH($B51,'2019'!$C$1:$R$1,0)),0) -> 258.444 | ... O51: =_xlfn.IFNA(INDEX('2019'!$C$6:$R$55,MATCH(O$4,'2019'!$B$6:$B$55,0),MATCH($B51,'2019'!$C$1:$R$1,0)),0) -> 430.74 | P51: =SUM(C51:O51) -> 11586.906
B52: Manufactured gases | C52: =_xlfn.IFNA(INDEX('2019'!$C$6:$R$55,MATCH(C$4,'2019'!$B$6:$B$55,0),MATCH($B52,'2019'!$C$1:$R$1,0)),0) -> 0 | D52: =_xlfn.IFNA(INDEX('2019'!$C$6:$R$55,MATCH(D$4,'2019'!$B$6:$B$55,0),MATCH($B52,'2019'!$C$1:$R$1,0)),0) -> 1692 | E52: =_xlfn.IFNA(INDEX('2019'!$C$6:$R$55,MATCH(E$4,'2019'!$B$6:$B$55,0),MATCH($B52,'2019'!$C$1:$R$1,0)),0) -> 0 | F52: =_xlfn.IFNA(INDEX('2019'!$C$6:$R$55,MATCH(F$4,'2019'!$B$6:$B$55,0),MATCH($B52,'2019'!$C$1:$R$1,0)),0) -> 0 | G52: =_xlfn.IFNA(INDEX('2019'!$C$6:$R$55,MATCH(G$4,'2019'!$B$6:$B$55,0),MATCH($B52,'2019'!$C$1:$R$1,0)),0) -> 1139.4 | H52: =_xlfn.IFNA(INDEX('2019'!$C$6:$R$55,MATCH(H$4,'2019'!$B$6:$B$55,0),MATCH($B52,'2019'!$C$1:$R$1,0)),0) -> 365.4 | I52: =_xlfn.IFNA(INDEX('2019'!$C$6:$R$55,MATCH(I$4,'2019'!$B$6:$B$55,0),MATCH($B52,'2019'!$C$1:$R$1,0)),0) -> 0 | J52: =_xlfn.IFNA(INDEX('2019'!$C$6:$R$55,MATCH(J$4,'2019'!$B$6:$B$55,0),MATCH($B52,'2019'!$C$1:$R$1,0)),0) -> 0 | ... O52: =_xlfn.IFNA(INDEX('2019'!$C$6:$R$55,MATCH(O$4,'2019'!$B$6:$B$55,0),MATCH($B52,'2019'!$C$1:$R$1,0)),0) -> 13.5 | P52: =SUM(C52:O52) -> 3210.3
B53: Natural gas | C53: =_xlfn.IFNA(INDEX('2019'!$C$6:$R$55,MATCH(C$4,'2019'!$B$6:$B$55,0),MATCH($B53,'2019'!$C$1:$R$1,0)),0) -> 10788.3 | D53: =_xlfn.IFNA(INDEX('2019'!$C$6:$R$55,MATCH(D$4,'2019'!$B$6:$B$55,0),MATCH($B53,'2019'!$C$1:$R$1,0)),0) -> 222522.38 | E53: =_xlfn.IFNA(INDEX('2019'!$C$6:$R$55,MATCH(E$4,'2019'!$B$6:$B$55,0),MATCH($B53,'2019'!$C$1:$R$1,0)),0) -> 35464.18 | F53: =_xlfn.IFNA(INDEX('2019'!$C$6:$R$55,MATCH(F$4,'2019'!$B$6:$B$55,0),MATCH($B53,'2019'!$C$1:$R$1,0)),0) -> 105073.03 | G53: =_xlfn.IFNA(INDEX('2019'!$C$6:$R$55,MATCH(G$4,'2019'!$B$6:$B$55,0),MATCH($B53,'2019'!$C$1:$R$1,0)),0) -> 36605.161 | H53: =_xlfn.IFNA(INDEX('2019'!$C$6:$R$55,MATCH(H$4,'2019'!$B$6:$B$55,0),MATCH($B53,'2019'!$C$1:$R$1,0)),0) -> 73810.734 | I53: =_xlfn.IFNA(INDEX('2019'!$C$6:$R$55,MATCH(I$4,'2019'!$B$6:$B$55,0),MATCH($B53,'2019'!$C$1:$R$1,0)),0) -> 3917.636 | J53: =_xlfn.IFNA(INDEX('2019'!$C$6:$R$55,MATCH(J$4,'2019'!$B$6:$B$55,0),MATCH($B53,'2019'!$C$1:$R$1,0)),0) -> 116593.55 | ... O53: =_xlfn.IFNA(INDEX('2019'!$C$6:$R$55,MATCH(O$4,'2019'!$B$6:$B$55,0),MATCH($B53,'2019'!$C$1:$R$1,0)),0) -> 31468.632 | P53: =SUM(C53:O53) -> 754604.65
B54: Biogas | C54: =_xlfn.IFNA(INDEX('2019'!$C$6:$R$55,MATCH(C$4,'2019'!$B$6:$B$55,0),MATCH($B54,'2019'!$C$1:$R$1,0)),0) -> 23474 | D54: =_xlfn.IFNA(INDEX('2019'!$C$6:$R$55,MATCH(D$4,'2019'!$B$6:$B$55,0),MATCH($B54,'2019'!$C$1:$R$1,0)),0) -> 682 | E54: =_xlfn.IFNA(INDEX('2019'!$C$6:$R$55,MATCH(E$4,'2019'!$B$6:$B$55,0),MATCH($B54,'2019'!$C$1:$R$1,0)),0) -> 10 | F54: =_xlfn.IFNA(INDEX('2019'!$C$6:$R$55,MATCH(F$4,'2019'!$B$6:$B$55,0),MATCH($B54,'2019'!$C$1:$R$1,0)),0) -> 12 | G54: =_xlfn.IFNA(INDEX('2019'!$C$6:$R$55,MATCH(G$4,'2019'!$B$6:$B$55,0),MATCH($B54,'2019'!$C$1:$R$1,0)),0) -> 119 | H54: =_xlfn.IFNA(INDEX('2019'!$C$6:$R$55,MATCH(H$4,'2019'!$B$6:$B$55,0),MATCH($B54,'2019'!$C$1:$R$1,0)),0) -> 103 | I54: =_xlfn.IFNA(INDEX('2019'!$C$6:$R$55,MATCH(I$4,'2019'!$B$6:$B$55,0),MATCH($B54,'2019'!$C$1:$R$1,0)),0) -> 73 | J54: =_xlfn.IFNA(INDEX('2019'!$C$6:$R$55,MATCH(J$4,'2019'!$B$6:$B$55,0),MATCH($B54,'2019'!$C$1:$R$1,0)),0) -> 844 | ... O54: =_xlfn.IFNA(INDEX('2019'!$C$6:$R$55,MATCH(O$4,'2019'!$B$6:$B$55,0),MATCH($B54,'2019'!$C$1:$R$1,0)),0) -> 136 | P54: =SUM(C54:O54) -> 26801 | R54: 0.5 | S54: Biomass and waste is assumed a 50/50 split
B55: Biodiesel | C55: =_xlfn.IFNA(INDEX('2019'!$C$6:$R$55,MATCH(C$4,'2019'!$B$6:$B$55,0),MATCH($B55,'2019'!$C$1:$R$1,0)),0) -> 4423.138 | D55: =_xlfn.IFNA(INDEX('2019'!$C$6:$R$55,MATCH(D$4,'2019'!$B$6:$B$55,0),MATCH($B55,'2019'!$C$1:$R$1,0)),0) -> 26.926 | E55: =_xlfn.IFNA(INDEX('2019'!$C$6:$R$55,MATCH(E$4,'2019'!$B$6:$B$55,0),MATCH($B55,'2019'!$C$1:$R$1,0)),0) -> 0 | F55: =_xlfn.IFNA(INDEX('2019'!$C$6:$R$55,MATCH(F$4,'2019'!$B$6:$B$55,0),MATCH($B55,'2019'!$C$1:$R$1,0)),0) -> 242.334 | G55: =_xlfn.IFNA(INDEX('2019'!$C$6:$R$55,MATCH(G$4,'2019'!$B$6:$B$55,0),MATCH($B55,'2019'!$C$1:$R$1,0)),0) -> 26.926 | H55: =_xlfn.IFNA(INDEX('2019'!$C$6:$R$55,MATCH(H$4,'2019'!$B$6:$B$55,0),MATCH($B55,'2019'!$C$1:$R$1,0)),0) -> 80.778 | I55: =_xlfn.IFNA(INDEX('2019'!$C$6:$R$55,MATCH(I$4,'2019'!$B$6:$B$55,0),MATCH($B55,'2019'!$C$1:$R$1,0)),0) -> 26.926 | J55: =_xlfn.IFNA(INDEX('2019'!$C$6:$R$55,MATCH(J$4,'2019'!$B$6:$B$55,0),MATCH($B55,'2019'!$C$1:$R$1,0)),0) -> 53.852 | ... O55: =_xlfn.IFNA(INDEX('2019'!$C$6:$R$55,MATCH(O$4,'2019'!$B$6:$B$55,0),MATCH($B55,'2019'!$C$1:$R$1,0)),0) -> 0 | P55: =SUM(C55:O55) -> 7168.791
B56: Biomass | C56: =_xlfn.IFNA(INDEX('2019'!$C$6:$R$55,MATCH(C$4,'2019'!$B$6:$B$55,0),MATCH($B56,'2019'!$C$1:$R$1,0)),0) -> 4242 | D56: =_xlfn.IFNA(INDEX('2019'!$C$6:$R$55,MATCH(D$4,'2019'!$B$6:$B$55,0),MATCH($B56,'2019'!$C$1:$R$1,0)),0) -> 1113 | E56: =_xlfn.IFNA(INDEX('2019'!$C$6:$R$55,MATCH(E$4,'2019'!$B$6:$B$55,0),MATCH($B56,'2019'!$C$1:$R$1,0)),0) -> 0 | F56: =_xlfn.IFNA(INDEX('2019'!$C$6:$R$55,MATCH(F$4,'2019'!$B$6:$B$55,0),MATCH($B56,'2019'!$C$1:$R$1,0)),0) -> 6651 | G56: =_xlfn.IFNA(INDEX('2019'!$C$6:$R$55,MATCH(G$4,'2019'!$B$6:$B$55,0),MATCH($B56,'2019'!$C$1:$R$1,0)),0) -> 318 | H56: =_xlfn.IFNA(INDEX('2019'!$C$6:$R$55,MATCH(H$4,'2019'!$B$6:$B$55,0),MATCH($B56,'2019'!$C$1:$R$1,0)),0) -> 1258 | I56: =_xlfn.IFNA(INDEX('2019'!$C$6:$R$55,MATCH(I$4,'2019'!$B$6:$B$55,0),MATCH($B56,'2019'!$C$1:$R$1,0)),0) -> 130 | J56: =_xlfn.IFNA(INDEX('2019'!$C$6:$R$55,MATCH(J$4,'2019'!$B$6:$B$55,0),MATCH($B56,'2019'!$C$1:$R$1,0)),0) -> 2111 | ... O56: =_xlfn.IFNA(INDEX('2019'!$C$6:$R$55,MATCH(O$4,'2019'!$B$6:$B$55,0),MATCH($B56,'2019'!$C$1:$R$1,0)),0) -> 4616 | P56: =SUM(C56:O56) -> 89861
B57: Waste | C57: =_xlfn.IFNA(INDEX('2019'!$C$6:$R$55,MATCH(C$4,'2019'!$B$6:$B$55,0),MATCH($B57,'2019'!$C$1:$R$1,0)),0) -> 0 | D57: =_xlfn.IFNA(INDEX('2019'!$C$6:$R$55,MATCH(D$4,'2019'!$B$6:$B$55,0),MATCH($B57,'2019'!$C$1:$R$1,0)),0) -> 8748 | E57: =_xlfn.IFNA(INDEX('2019'!$C$6:$R$55,MATCH(E$4,'2019'!$B$6:$B$55,0),MATCH($B57,'2019'!$C$1:$R$1,0)),0) -> 238 | F57: =_xlfn.IFNA(INDEX('2019'!$C$6:$R$55,MATCH(F$4,'2019'!$B$6:$B$55,0),MATCH($B57,'2019'!$C$1:$R$1,0)),0) -> 53692 | G57: =_xlfn.IFNA(INDEX('2019'!$C$6:$R$55,MATCH(G$4,'2019'!$B$6:$B$55,0),MATCH($B57,'2019'!$C$1:$R$1,0)),0) -> 0 | H57: =_xlfn.IFNA(INDEX('2019'!$C$6:$R$55,MATCH(H$4,'2019'!$B$6:$B$55,0),MATCH($B57,'2019'!$C$1:$R$1,0)),0) -> 781 | I57: =_xlfn.IFNA(INDEX('2019'!$C$6:$R$55,MATCH(I$4,'2019'!$B$6:$B$55,0),MATCH($B57,'2019'!$C$1:$R$1,0)),0) -> 0 | J57: =_xlfn.IFNA(INDEX('2019'!$C$6:$R$55,MATCH(J$4,'2019'!$B$6:$B$55,0),MATCH($B57,'2019'!$C$1:$R$1,0)),0) -> 0 | ... O57: =_xlfn.IFNA(INDEX('2019'!$C$6:$R$55,MATCH(O$4,'2019'!$B$6:$B$55,0),MATCH($B57,'2019'!$C$1:$R$1,0)),0) -> 3 | P57: =SUM(C57:O57) -> 76057
B58: Electricity | C58: =_xlfn.IFNA(INDEX('2019'!$C$6:$R$55,MATCH(C$4,'2019'!$B$6:$B$55,0),MATCH($B58,'2019'!$C$1:$R$1,0)),0) -> 18212.4 | D58: =_xlfn.IFNA(INDEX('2019'!$C$6:$R$55,MATCH(D$4,'2019'!$B$6:$B$55,0),MATCH($B58,'2019'!$C$1:$R$1,0)),0) -> 189748.8 | E58: =_xlfn.IFNA(INDEX('2019'!$C$6:$R$55,MATCH(E$4,'2019'!$B$6:$B$55,0),MATCH($B58,'2019'!$C$1:$R$1,0)),0) -> 54954 | F58: =_xlfn.IFNA(INDEX('2019'!$C$6:$R$55,MATCH(F$4,'2019'!$B$6:$B$55,0),MATCH($B58,'2019'!$C$1:$R$1,0)),0) -> 44971.2 | G58: =_xlfn.IFNA(INDEX('2019'!$C$6:$R$55,MATCH(G$4,'2019'!$B$6:$B$55,0),MATCH($B58,'2019'!$C$1:$R$1,0)),0) -> 61120.8 | H58: =_xlfn.IFNA(INDEX('2019'!$C$6:$R$55,MATCH(H$4,'2019'!$B$6:$B$55,0),MATCH($B58,'2019'!$C$1:$R$1,0)),0) -> 118558.8 | I58: =_xlfn.IFNA(INDEX('2019'!$C$6:$R$55,MATCH(I$4,'2019'!$B$6:$B$55,0),MATCH($B58,'2019'!$C$1:$R$1,0)),0) -> 6440.4 | J58: =_xlfn.IFNA(INDEX('2019'!$C$6:$R$55,MATCH(J$4,'2019'!$B$6:$B$55,0),MATCH($B58,'2019'!$C$1:$R$1,0)),0) -> 67237.2 | ... O58: =_xlfn.IFNA(INDEX('2019'!$C$6:$R$55,MATCH(O$4,'2019'!$B$6:$B$55,0),MATCH($B58,'2019'!$C$1:$R$1,0)),0) -> 60969.6 | P58: =SUM(C58:O58) -> 734234.4
B59: District Heating | C59: =_xlfn.IFNA(INDEX('2019'!$C$6:$R$55,MATCH(C$4,'2019'!$B$6:$B$55,0),MATCH($B59,'2019'!$C$1:$R$1,0)),0) -> 0 | D59: =_xlfn.IFNA(INDEX('2019'!$C$6:$R$55,MATCH(D$4,'2019'!$B$6:$B$55,0),MATCH($B59,'2019'!$C$1:$R$1,0)),0) -> 105172 | E59: =_xlfn.IFNA(INDEX('2019'!$C$6:$R$55,MATCH(E$4,'2019'!$B$6:$B$55,0),MATCH($B59,'2019'!$C$1:$R$1,0)),0) -> 1131 | F59: =_xlfn.IFNA(INDEX('2019'!$C$6:$R$55,MATCH(F$4,'2019'!$B$6:$B$55,0),MATCH($B59,'2019'!$C$1:$R$1,0)),0) -> 889 | G59: =_xlfn.IFNA(INDEX('2019'!$C$6:$R$55,MATCH(G$4,'2019'!$B$6:$B$55,0),MATCH($B59,'2019'!$C$1:$R$1,0)),0) -> 12126 | H59: =_xlfn.IFNA(INDEX('2019'!$C$6:$R$55,MATCH(H$4,'2019'!$B$6:$B$55,0),MATCH($B59,'2019'!$C$1:$R$1,0)),0) -> 10178 | I59: =_xlfn.IFNA(INDEX('2019'!$C$6:$R$55,MATCH(I$4,'2019'!$B$6:$B$55,0),MATCH($B59,'2019'!$C$1:$R$1,0)),0) -> 194 | J59: =_xlfn.IFNA(INDEX('2019'!$C$6:$R$55,MATCH(J$4,'2019'!$B$6:$B$55,0),MATCH($B59,'2019'!$C$1:$R$1,0)),0) -> 11956 | ... O59: =_xlfn.IFNA(INDEX('2019'!$C$6:$R$55,MATCH(O$4,'2019'!$B$6:$B$55,0),MATCH($B59,'2019'!$C$1:$R$1,0)),0) -> 6585 | P59: =SUM(C59:O59) -> 177803
B60: Renewables and wastes | C60: 5457 | D60: 8246 | E60: 312 | F60: 39305 | G60: 239 | H60: 1656 | I60: 571 | J60: 1568 | K60: 41843 | L60: 45952 | M60: 88 | N60: 0 | O60: 3990 | P60: =SUM(C60:O60) -> 149227
B61: Total calculated | C61: 53862 | D61: 571721 | E61: 87781 | F61: 265527 | G61: 123209 | H61: 232370 | I61: 18409 | J61: 201710 | K61: 262418 | L61: 75464 | M61: 24705 | N61: 36139 | O61: 113616 | P61: =SUM(C61:O61) -> 2066931
B62: Total | C62: 53862 | D62: 588420 | E62: 89446 | F62: 272879 | G62: 123559 | H62: 232433 | I62: 18503 | J62: 201710 | K62: 262458 | L62: 75464 | M62: 24705 | N62: 36139 | O62: 116124 | P62: =SUM(C62:O62) -> 2095702

Sheet RegSplit
A2: Split | B2: =B9 -> Agriculture, forestry and fishing | C2: =C9 -> Agriculture, forestry and fishing | D2: =D9 -> Agriculture, forestry and fishing | E2: =E9 -> 02 Chemical and petrochemical | F2: =F9 -> 02 Chemical and petrochemical | G2: =G9 -> 02 Chemical and petrochemical | H2: =H9 -> 03 Non-ferrous metal | I2: =I9 -> 03 Non-ferrous metal | ... AN2: =AN9 -> 013 Non-specified
