Workbook
Name _bgvbyrgdt: [1]Tidsserier!$A$339:$IV$339
Name _bgvbyrlpg: [1]Tidsserier!$A$337:$IV$337
Name _bgvbyrlvn: [1]Tidsserier!$A$338:$IV$338
Name _bgvbyrnga: [1]Tidsserier!$A$340:$IV$340
Name _bgvbyrrga: [1]Tidsserier!$A$336:$IV$336
Name _bgvbyrska: [1]Tidsserier!$A$341:$IV$341
Name _celelrfut: [1]Tidsserier!$A$174:$IV$174
Name _celelrgdt: [1]Tidsserier!$A$173:$IV$173
Name _celelrhal: [1]Tidsserier!$A$176:$IV$176
Name _celelrske: [1]Tidsserier!$A$175:$IV$175
Name _cevelraff: [1]Tidsserier!$A$197:$IV$197
Name _cevelrbio: [1]Tidsserier!$A$196:$IV$196
Name _cevelrfli: [1]Tidsserier!$A$193:$IV$193
Name _cevelrfut: [1]Tidsserier!$A$187:$IV$187
Name _cevelrgdt: [1]Tidsserier!$A$186:$IV$186
Name _cevelrhal: [1]Tidsserier!$A$192:$IV$192
Name _cevelrlpg: [1]Tidsserier!$A$184:$IV$184
Name _cevelrlvn: [1]Tidsserier!$A$185:$IV$185
Name _cevelrnga: [1]Tidsserier!$A$190:$IV$190
Name _cevelrori: [1]Tidsserier!$A$189:$IV$189
Name _cevelrpko: [1]Tidsserier!$A$188:$IV$188
Name _cevelrrga: [1]Tidsserier!$A$183:$IV$183
Name _cevelrske: [1]Tidsserier!$A$191:$IV$191
Name _cevelrtaf: [1]Tidsserier!$A$195:$IV$195
Name _cevfjraff: [1]Tidsserier!$A$213:$IV$213
Name _cevfjrbio: [1]Tidsserier!$A$212:$IV$212
Name _cevfjrfli: [1]Tidsserier!$A$209:$IV$209
Name _cevfjrfut: [1]Tidsserier!$A$203:$IV$203
Name _cevfjrgdt: [1]Tidsserier!$A$202:$IV$202
Name _cevfjrhal: [1]Tidsserier!$A$208:$IV$208
Name _cevfjrlpg: [1]Tidsserier!$A$200:$IV$200
Name _cevfjrlvn: [1]Tidsserier!$A$201:$IV$201
Name _cevfjrnga: [1]Tidsserier!$A$206:$IV$206
Name _cevfjrori: [1]Tidsserier!$A$205:$IV$205
Name _cevfjrpko: [1]Tidsserier!$A$204:$IV$204
Name _cevfjrrga: [1]Tidsserier!$A$199:$IV$199
Name _cevfjrske: [1]Tidsserier!$A$207:$IV$207
Name _cevfjrtaf: [1]Tidsserier!$A$211:$IV$211
Name _cevfjrtpi: [1]Tidsserier!$A$210:$IV$210
Name _dnkexpelc: [1]Tidsserier!$A$69:$IV$69
Name _dnkexpnga: [1]Tidsserier!$A$68:$IV$68
Name _dnkexprao: [1]Tidsserier!$A$52:$IV$52
Name _dnkimpelc: [1]Tidsserier!$A$45:$IV$45
Name _dnkimpfjv: [1]Tidsserier!$A$46:$IV$46
Name _dnkudvaff: [1]Tidsserier!$A$17:$IV$17
Name _dnkudvbio: [1]Tidsserier!$A$16:$IV$16
Name _dnkudvbra: [1]Tidsserier!$A$13:$IV$13
Name _dnkudvfio: [1]Tidsserier!$A$18:$IV$18
Name _dnkudvfli: [1]Tidsserier!$A$12:$IV$12
Name _dnkudvgeo: [1]Tidsserier!$A$10:$IV$10
Name _dnkudvhal: [1]Tidsserier!$A$11:$IV$11
Name _dnkudvsol: [1]Tidsserier!$A$7:$IV$7
Name _dnkudvtaf: [1]Tidsserier!$A$15:$IV$15
Name _dnkudvtpi: [1]Tidsserier!$A$14:$IV$14
Name _dnkudvvan: [1]Tidsserier!$A$9:$IV$9
Name _dnkudvvin: [1]Tidsserier!$A$8:$IV$8
Name _dnkudvvmp: [1]Tidsserier!$A$19:$IV$19
Name _ensdstelc: [1]Tidsserier!$A$348:$IV$348
Name _enstabfjv: [1]Tidsserier!$A$352:$IV$352
Name _enstabnga: [1]Tidsserier!$A$350:$IV$350

Sheet LOG
A1: Selects cells and the then Ctrl+shift+L to add entries
A3: Date | B3: Name | C3: Sheet Name | D3: Cell no
A4: 44297 | B4: Mikkel Bosack Simonsen | C4: All | E4: Based on the ONTIMES model a structure has been developed for the TIMES-AZ model.
A5: 44298 | B5: Mikkel Bosack Simonsen | C5: All | E5: Removed all Norwegian dataset and implemented Azabaijanian energy statistics, allthough service demand split is used based on WMAS study in Denmark. Expected to be changed for heavy industri

Sheet Intro
B1: Description
B3: Purpose: | C3: This sheet defines processes, commodities and existing stocks for industies energy services
B4: Description: | C4: The data is based on the VMAS survey of energy services as well as the energy matrices from Statistics Denmark
B6: Relevant sectors | C6: IND
B8: Description of different sheets
B10: Processes | C10: Defines the processes for each sector
B11: Commodities | C11: Defines the commodities used in the processes
B12: Demand | C12: Benchmark demand for energy services for all industries 2010
B13: IronSteel | C13: Topology for processes and commodities used in Agriculture
B14: Chemical | C14: Topology for processes and commodities used in Food
B15: Aluminium | C15: Topology for processes and commodities used in Chemical
B16: GlassConcrete | C16: Topology for processes and commodities used in Glass&Concrete
B17: Transport | C17: Topology for processes and commodities used in Metal
B18: Machinery | C18: Topology for processes and commodities used in Other
B19: Mining | C19: Topology for processes and commodities used in Motor Vehicles
B20: Food | C20: Topology for processes and commodities used in Sales
B21: PulpPaper | C21: Topology for processes and commodities used in PrivateServices
... B28: Energy Matrix | C28: Energy matrix from Statistics Denmark 2010
B29: 2010 | C29: =B29&" Energy statistics of Azerbaijan" -> 2010 Energy statistics of Azerbaijan
B30: 2015 | C30: =B30&" Energy statistics of Azerbaijan" -> 2015 Energy statistics of Azerbaijan
B31: 2019 | C31: =B31&" Energy statistics of Azerbaijan" -> 2019 Energy statistics of Azerbaijan

Sheet Processes
B4: ~FI_Process | R4: Text to associate with Tech Names:
B5: Sets | C5: Region | D5: TechName | E5: TechDesc | F5: Tact | G5: Tcap | H5: Tslvl | I5: PrimaryCG | J5: Vintage | R5: - and in column R a one letter code to be used in Tech Name.
B6: *Process Set Membership | C6: Region Name | D6: Technology Name | E6: Technology Description | F6: Activity Unit | G6: Capacity Unit | H6: TimeSlice level of Process Activity | I6: Primary Commodity Group | J6: Vintage Tracking | O6: Comm-IN | P6: Comm-OUT | R6: This colour: Input
B7: DMD | D7: =M13 & P$7 & R$7 & VLOOKUP(O$7, $O$50:$P$74,2,FALSE) & "E1" -> INDSDPHBNGAE1 | E7: =+M10 & " " & S$7 & " - " & T$7 & " " & U$7 -> Iron & Steel Heat Medium Temp. Boiler - Nat. Gas Existing 1 | F7: PJ | G7: MW | L7: Index: 1 - 9 | M7: 1 | O7: =Commodities!$D$113&","&Commodities!$D$114&","&Commodities!$D$97 -> INDSNG1,INDSNG2,INDNGA | P7: =+Commodities!$AL$6 -> DPH | R7: B | S7: Heat Medium Temp. Boiler | T7: Nat. Gas | U7: Existing 1
B8: =+IF(ISBLANK(D8),"*","") | D8: =M13 & P$8 & R$8 & VLOOKUP(O$8, $O$50:$P$74,2,FALSE) & "E1" -> INDSDPHBCOAE1 | E8: =+M10 & " " & S$8 & " - " & T$8 & " " & U$8 -> Iron & Steel Heat Medium Temp. Boiler - Coal Existing 1 | F8: PJ | G8: MW | O8: =Commodities!$D$98 -> INDCOA | P8: =+Commodities!$AL$6 -> DPH | R8: =+R$7 -> B | S8: =+S$7 -> Heat Medium Temp. Boiler | T8: Coal | U8: =+U$7 -> Existing 1
B9: =+IF(ISBLANK(D9),"*","") | D9: =M13 & P$9 & R$9 & VLOOKUP(O$9, $O$50:$P$74,2,FALSE) & "E1" -> INDSDPHBDSLE1 | E9: =+M10 & " " & S$9 & " - " & T$9 & " " & U$9 -> Iron & Steel Heat Medium Temp. Boiler - Diesel Existing 1 | F9: PJ | G9: MW | L9: Sheet: | M9: Commodities | O9: =Commodities!$D$111&","&Commodities!$D$112&","&Commodities!$D$99 -> INDDSB1,INDDSB2,INDDSL | P9: =+Commodities!$AL$6 -> DPH | R9: =+R$7 -> B | S9: =+S$7 -> Heat Medium Temp. Boiler | T9: Diesel | U9: =+U$7 -> Existing 1
B10: =+IF(ISBLANK(D10),"*","") | D10: =M13 & P$10 & R$10 & VLOOKUP(O$10, $O$50:$P$74,2,FALSE) & "E1" -> INDSDPHBWPEE1 | E10: =+M10 & " " & S$10 & " - " & T$10 & " " & U$10 -> Iron & Steel Heat Medium Temp. Boiler - Wood Pellets Existing 1 | F10: PJ | G10: MW | L10: Sector: | M10: =+INDEX(Commodities!$X$6:$X$17,M7) -> Iron & Steel | O10: =Commodities!$D$100 -> INDWPE | P10: =+Commodities!$AL$6 -> DPH | R10: =+R$7 -> B | S10: =+S$7 -> Heat Medium Temp. Boiler | T10: Wood Pellets | U10: =+U$7 -> Existing 1
B11: =+IF(ISBLANK(D11),"*","") -> * | M11: =+INDEX(Commodities!$Y$6:$Y$17,M7) -> 01 Iron and steel | O11: =Commodities!$D$101 -> INDWCH
B12: =+IF(ISBLANK(D12),"*","") | D12: =M13 & P$12 & R$12 & VLOOKUP(O$12, $O$50:$P$74,2,FALSE) & "E1" -> INDSDPHBBGAE1 | E12: =+M10 & " " & S$12 & " - " & T$12 & " " & U$12 -> Iron & Steel Heat Medium Temp. Boiler - Biogas Existing 1 | F12: PJ | G12: MW | L12: Code: | M12: =+INDEX(Commodities!$U$6:$U$17,M7) -> IS | O12: =Commodities!$D$102 -> INDBGA | P12: =+Commodities!$AL$6 -> DPH | R12: =+R$7 -> B | S12: =+S$7 -> Heat Medium Temp. Boiler | T12: Biogas | U12: =+U$7 -> Existing 1
B13: =+IF(ISBLANK(D13),"*","") | D13: =M13 & P$13 & R$13 & VLOOKUP(O$13, $O$50:$P$74,2,FALSE) & "E1" -> INDSDPHBHFOE1 | E13: =+M10 & " " & S$13 & " - " & T$13 & " " & U$13 -> Iron & Steel Heat Medium Temp. Boiler - Heavy Fuel Oil Existing 1 | F13: PJ | G13: MW | L13: Code: | M13: =+INDEX(Commodities!$W$6:$W$17,M7) -> INDS | O13: =Commodities!$D$103 -> INDHFO | P13: =+Commodities!$AL$6 -> DPH | R13: =+R$7 -> B | S13: =+S$7 -> Heat Medium Temp. Boiler | T13: Heavy Fuel Oil | U13: =+U$7 -> Existing 1
B14: =+IF(ISBLANK(D14),"*","") | D14: =M13 & P$14 & R$14 & VLOOKUP(O$14, $O$50:$P$74,2,FALSE) & "E1" -> INDSDPHBLPGE1 | E14: =+M10 & " " & S$14 & " - " & T$14 & " " & U$14 -> Iron & Steel Heat Medium Temp. Boiler - Liquified Petroleum Gas Existing 1 | F14: PJ | G14: MW | O14: =Commodities!$D$104 -> INDLPG | P14: =+Commodities!$AL$6 -> DPH | R14: =+R$7 -> B | S14: =+S$7 -> Heat Medium Temp. Boiler | T14: Liquified Petroleum Gas | U14: =+U$7 -> Existing 1
B15: =+IF(ISBLANK(D15),"*","") | D15: =M13 & P$15 & R$15 & VLOOKUP(O$15, $O$50:$P$74,2,FALSE) & "E1" -> INDSDPHBWSTE1 | E15: =+M10 & " " & S$15 & " - " & T$15 & " " & U$15 -> Iron & Steel Heat Medium Temp. Boiler - Waste Existing 1 | F15: PJ | G15: MW | O15: =Commodities!$D$105 -> INDWST | P15: =+Commodities!$AL$6 -> DPH | R15: =+R$7 -> B | S15: =+S$7 -> Heat Medium Temp. Boiler | T15: Waste | U15: =+U$7 -> Existing 1
B16: =+IF(ISBLANK(D16),"*","") | D16: =M13 & P$16 & R$16 & VLOOKUP(O$16, $O$50:$P$74,2,FALSE) & "E1" -> INDSDPHBHETE1 | E16: =+M10 & " " & S$16 & " - " & T$16 & " " & U$16 -> Iron & Steel Heat Medium Temp. Boiler - Dist. Heat Existing 1 | F16: PJ | G16: MW | O16: =Commodities!$D$106 -> INDHCE | P16: =+Commodities!$AL$6 -> DPH | R16: =+R$7 -> B | S16: =+S$7 -> Heat Medium Temp. Boiler | T16: Dist. Heat | U16: =+U$7 -> Existing 1
B17: =+IF(ISBLANK(D17),"*","") | D17: =M13 & P$17 & R$17 & VLOOKUP(O$17, $O$50:$P$74,2,FALSE) & "E2" -> INDSDPHBHETE2 | E17: =+M10 & " " & S$17 & " - " & T$17 & " " & U$17 -> Iron & Steel Heat Medium Temp. Boiler - Dist. Heat Existing 2 | F17: PJ | G17: MW | O17: =Commodities!$D$108 -> INDHDE | P17: DPH | R17: B | S17: =+S$7 -> Heat Medium Temp. Boiler | T17: Dist. Heat | U17: Existing 2
B18: =+IF(ISBLANK(D18),"*","") | D18: =M13 & P$18 & R$18 & VLOOKUP(O$18, $O$50:$P$74,2,FALSE) & "E1" -> INDSDPHBELCE1 | E18: =+M10 & " " & S$18 & " - " & T$18 & " " & U$18 -> Iron & Steel Heat Medium Temp. Boiler - Electricity Existing 1 | F18: PJ | G18: MW | O18: =Commodities!$D$109 -> INDELC | P18: =+Commodities!$AL$6 -> DPH | R18: =+R$7 -> B | S18: =+S$7 -> Heat Medium Temp. Boiler | T18: Electricity | U18: =+U$7 -> Existing 1
B19: =+IF(ISBLANK(D19),"*","") | D19: =M13 & P$19 & R$19 & VLOOKUP(O$19, $O$50:$P$74,2,FALSE) & "E1" -> INDSDCOBNGAE1 | E19: =+M10 & " " & S$19 & " - " & T$19 & " " & U$19 -> Iron & Steel Heat High Temp. Boiler - Nat. Gas Existing 1 | F19: PJ | G19: MW | O19: =Commodities!$D$113&","&Commodities!$D$114&","&Commodities!$D$97 -> INDSNG1,INDSNG2,INDNGA | P19: =+Commodities!$AL$7 -> DCO | R19: =+R$7 -> B | S19: Heat High Temp. Boiler | T19: =+T$7 -> Nat. Gas | U19: =+U$7 -> Existing 1
B20: =+IF(ISBLANK(D20),"*","") | D20: =M13 & P$20 & R$20 & VLOOKUP(O$20, $O$50:$P$74,2,FALSE) & "E1" -> INDSDCOBCOAE1 | E20: =+M10 & " " & S$20 & " - " & T$20 & " " & U$20 -> Iron & Steel Heat High Temp. Boiler - Coal Existing 1 | F20: PJ | G20: MW | O20: =Commodities!$D$98 -> INDCOA | P20: =+Commodities!$AL$7 -> DCO | R20: =+R$7 -> B | S20: =$S$19 -> Heat High Temp. Boiler | T20: Coal | U20: =+U$7 -> Existing 1
B21: =+IF(ISBLANK(D21),"*","") | D21: =M13 & P$21 & R$21 & VLOOKUP(O$21, $O$50:$P$74,2,FALSE) & "E1" -> INDSDCOBDSLE1 | E21: =+M10 & " " & S$21 & " - " & T$21 & " " & U$21 -> Iron & Steel Heat High Temp. Boiler - Diesel Existing 1 | F21: PJ | G21: MW | O21: =Commodities!$D$111&","&Commodities!$D$112&","&Commodities!$D$99 -> INDDSB1,INDDSB2,INDDSL | P21: =+Commodities!$AL$7 -> DCO | R21: =+R$7 -> B | S21: =$S$19 -> Heat High Temp. Boiler | T21: Diesel | U21: =+U$7 -> Existing 1
B22: =+IF(ISBLANK(D22),"*","") | D22: =M13 & P$22 & R$22 & VLOOKUP(O$22, $O$50:$P$74,2,FALSE) & "E1" -> INDSDCOBWPEE1 | E22: =+M10 & " " & S$22 & " - " & T$22 & " " & U$22 -> Iron & Steel Heat High Temp. Boiler - Wood Pellets Existing 1 | F22: PJ | G22: MW | O22: =Commodities!$D$100 -> INDWPE | P22: =+Commodities!$AL$7 -> DCO | R22: =+R$7 -> B | S22: =$S$19 -> Heat High Temp. Boiler | T22: Wood Pellets | U22: =+U$7 -> Existing 1
B23: =+IF(ISBLANK(D23),"*","") -> * | O23: =Commodities!$D$101 -> INDWCH
B24: =+IF(ISBLANK(D24),"*","") | D24: =M13 & P$24 & R$24 & VLOOKUP(O$24, $O$50:$P$74,2,FALSE) & "E1" -> INDSDCOBHFOE1 | E24: =+M10 & " " & S$24 & " - " & T$24 & " " & U$24 -> Iron & Steel Heat High Temp. Boiler - Heavy Fuel Oil Existing 1 | F24: PJ | G24: MW | O24: =Commodities!$D$103 -> INDHFO | P24: =+Commodities!$AL$7 -> DCO | R24: =+R$7 -> B | S24: =$S$19 -> Heat High Temp. Boiler | T24: Heavy Fuel Oil | U24: =+U$7 -> Existing 1
B25: =+IF(ISBLANK(D25),"*","") | D25: =M13 & P$25 & R$25 & VLOOKUP(O$25, $O$50:$P$74,2,FALSE) & "E1" -> INDSDCOBLPGE1 | E25: =+M10 & " " & S$25 & " - " & T$25 & " " & U$25 -> Iron & Steel Heat High Temp. Boiler - Liquified Petroleum Gas Existing 1 | F25: PJ | G25: MW | O25: =Commodities!$D$104 -> INDLPG | P25: =+Commodities!$AL$7 -> DCO | R25: =+R$7 -> B | S25: =$S$19 -> Heat High Temp. Boiler | T25: Liquified Petroleum Gas | U25: =+U$7 -> Existing 1
B26: =+IF(ISBLANK(D26),"*","") | D26: =M13 & P$26 & R$26 & VLOOKUP(O$26, $O$50:$P$74,2,FALSE) & "E1" -> INDSDCOBWSTE1 | E26: =+M10 & " " & S$26 & " - " & T$26 & " " & U$26 -> Iron & Steel Heat High Temp. Boiler - Waste Existing 1 | F26: PJ | G26: MW | O26: INDWST | P26: =+Commodities!$AL$7 -> DCO | R26: =+R$7 -> B | S26: =$S$19 -> Heat High Temp. Boiler | T26: Waste | U26: Existing 1
B27: =+IF(ISBLANK(D27),"*","") | D27: =M13 & P$27 & R$27 & VLOOKUP(O$27, $O$50:$P$74,2,FALSE) & "E1" -> INDSDCOBELCE1 | E27: =+M10 & " " & S$27 & " - " & T$27 & " " & U$27 -> Iron & Steel Heat High Temp. Boiler - Electricity Existing 1 | F27: PJ | G27: MW | O27: INDELC | P27: =+Commodities!$AL$7 -> DCO | R27: =+R$7 -> B | S27: =$S$19 -> Heat High Temp. Boiler | T27: Electricity | U27: Existing 1
B28: =+IF(ISBLANK(D28),"*","") | D28: =M13 & P$28 & R$28 & VLOOKUP(O$28, $O$50:$P$74,2,FALSE) & "E1" -> INDSDSHBNGAE1 | E28: =+M10 & " " & S$28 & " - " & T$28 & " " & U$28 -> Iron & Steel Heat Room Boiler - Nat. Gas Existing 1 | F28: PJ | G28: MW | O28: =Commodities!$D$113&","&Commodities!$D$114&","&Commodities!$D$97 -> INDSNG1,INDSNG2,INDNGA | P28: =+Commodities!$AL$8 -> DSH | R28: =+R$7 -> B | S28: Heat Room Boiler | T28: =+T7 -> Nat. Gas | U28: =+U$7 -> Existing 1
B29: =+IF(ISBLANK(D29),"*","") | D29: =M13 & P$29 & R$29 & VLOOKUP(O$29, $O$50:$P$74,2,FALSE) & "E1" -> INDSDSHBCOAE1 | E29: =+M10 & " " & S$29 & " - " & T$29 & " " & U$29 -> Iron & Steel Heat Room Boiler - Coal Existing 1 | F29: PJ | G29: MW | O29: =Commodities!$D$98 -> INDCOA | P29: =+Commodities!$AL$8 -> DSH | R29: =+R$7 -> B | S29: =+S$28 -> Heat Room Boiler | T29: =+T8 -> Coal | U29: =+U$7 -> Existing 1
B30: =+IF(ISBLANK(D30),"*","") | D30: =M13 & P$30 & R$30 & VLOOKUP(O$30, $O$50:$P$74,2,FALSE) & "E1" -> INDSDSHBDSLE1 | E30: =+M10 & " " & S$30 & " - " & T$30 & " " & U$30 -> Iron & Steel Heat Room Boiler - Diesel Existing 1 | F30: PJ | G30: MW | O30: =Commodities!$D$111&","&Commodities!$D$112&","&Commodities!$D$99 -> INDDSB1,INDDSB2,INDDSL | P30: =+Commodities!$AL$8 -> DSH | R30: =+R$7 -> B | S30: =+S$28 -> Heat Room Boiler | T30: =+T9 -> Diesel | U30: =+U$7 -> Existing 1
B31: =+IF(ISBLANK(D31),"*","") | D31: =M13 & P$31 & R$31 & VLOOKUP(O$31, $O$50:$P$74,2,FALSE) & "E1" -> INDSDSHBWPEE1 | E31: =+M10 & " " & S$31 & " - " & T$31 & " " & U$31 -> Iron & Steel Heat Room Boiler - Wood Pellets Existing 1 | F31: PJ | G31: MW | O31: =Commodities!$D$100 -> INDWPE | P31: =+Commodities!$AL$8 -> DSH | R31: =+R$7 -> B | S31: =+S$28 -> Heat Room Boiler | T31: =+T10 -> Wood Pellets | U31: =+U$7 -> Existing 1
B32: =+IF(ISBLANK(D32),"*","") -> * | O32: =Commodities!$D$101 -> INDWCH
B33: =+IF(ISBLANK(D33),"*","") | D33: =M13 & P$33 & R$33 & VLOOKUP(O$33, $O$50:$P$74,2,FALSE) & "E1" -> INDSDSHBBGAE1 | E33: =+M10 & " " & S$33 & " - " & T$33 & " " & U$33 -> Iron & Steel Heat Room Boiler - Biogas Existing 1 | F33: PJ | G33: MW | O33: =Commodities!$D$102 -> INDBGA | P33: =+Commodities!$AL$8 -> DSH | R33: =+R$7 -> B | S33: =+S$28 -> Heat Room Boiler | T33: =+T12 -> Biogas | U33: =+U$7 -> Existing 1
B34: =+IF(ISBLANK(D34),"*","") | D34: =M13 & P$34 & R$34 & VLOOKUP(O$34, $O$50:$P$74,2,FALSE) & "E1" -> INDSDSHBHFOE1 | E34: =+M10 & " " & S$34 & " - " & T$34 & " " & U$34 -> Iron & Steel Heat Room Boiler - Heavy Fuel Oil Existing 1 | F34: PJ | G34: MW | O34: =Commodities!$D$103 -> INDHFO | P34: =+Commodities!$AL$8 -> DSH | R34: =+R$7 -> B | S34: =+S$28 -> Heat Room Boiler | T34: =+T13 -> Heavy Fuel Oil | U34: =+U$7 -> Existing 1
B35: =+IF(ISBLANK(D35),"*","") | D35: =M13 & P$35 & R$35 & VLOOKUP(O$35, $O$50:$P$74,2,FALSE) & "E1" -> INDSDSHBLPGE1 | E35: =+M10 & " " & S$35 & " - " & T$35 & " " & U$35 -> Iron & Steel Heat Room Boiler - Liquified Petroleum Gas Existing 1 | F35: PJ | G35: MW | O35: =Commodities!$D$104 -> INDLPG | P35: =+Commodities!$AL$8 -> DSH | R35: =+R$7 -> B | S35: =+S$28 -> Heat Room Boiler | T35: =+T14 -> Liquified Petroleum Gas | U35: =+U$7 -> Existing 1
B36: =+IF(ISBLANK(D36),"*","") | D36: =M13 & P$36 & R$36 & VLOOKUP(O$36, $O$50:$P$74,2,FALSE) & "E1" -> INDSDSHBWSTE1 | E36: =+M10 & " " & S$36 & " - " & T$36 & " " & U$36 -> Iron & Steel Heat Room Boiler - Waste Existing 1 | F36: PJ | G36: MW | O36: =Commodities!$D$105 -> INDWST | P36: =+Commodities!$AL$8 -> DSH | R36: =+R$7 -> B | S36: =+S$28 -> Heat Room Boiler | T36: =+T15 -> Waste | U36: =+U$7 -> Existing 1
B37: =+IF(ISBLANK(D37),"*","") | D37: =M13 & P$37 & R$37 & VLOOKUP(O$37, $O$50:$P$74,2,FALSE) & "E1" -> INDSDSHBHETE1 | E37: =+M10 & " " & S$37 & " - " & T$37 & " " & U$37 -> Iron & Steel Heat Room Boiler - Dist. Heat Existing 1 | F37: PJ | G37: MW | O37: =Commodities!$D$106 -> INDHCE | P37: =+Commodities!$AL$8 -> DSH | R37: =+R$7 -> B | S37: =+S$28 -> Heat Room Boiler | T37: =+T16 -> Dist. Heat | U37: =+U$7 -> Existing 1
B38: =+IF(ISBLANK(D38),"*","") | D38: =M13 & P$38 & R$38 & VLOOKUP(O$38, $O$50:$P$74,2,FALSE) & "E2" -> INDSDSHBHETE2 | E38: =+M10 & " " & S$38 & " - " & T$38 & " " & U$38 -> Iron & Steel Heat Room Boiler - Dist. Heat Existing 2 | F38: PJ | G38: MW | O38: =Commodities!$D$108 -> INDHDE | P38: =+Commodities!$AL$8 -> DSH | R38: =+R$7 -> B | S38: =+S$28 -> Heat Room Boiler | T38: =+T17 -> Dist. Heat | U38: Existing 2
B39: =+IF(ISBLANK(D39),"*","") | D39: =M13 & P$39 & R$39 & VLOOKUP(O$39, $O$50:$P$74,2,FALSE) & "E1" -> INDSDSHBELCE1 | E39: =+M10 & " " & S$39 & " - " & T$39 & " " & U$39 -> Iron & Steel Heat Room Boiler - Electricity Existing 1 | F39: PJ | G39: MW | O39: =Commodities!$D$109 -> INDELC | P39: =+Commodities!$AL$8 -> DSH | R39: =+R$7 -> B | S39: =+S$28 -> Heat Room Boiler | T39: =+T$18 -> Electricity | U39: =+U$7 -> Existing 1
B40: =+IF(ISBLANK(D40),"*","") | D40: =M13 & P$40 & R$40 & VLOOKUP(O$40, $O$50:$P$74,2,FALSE) & "E1" -> INDSDLAAELCE1 | E40: =+M10 & " " & S$40 & " - " & T$40 & " " & U$40 -> Iron & Steel Electricity Light Appliance - Electricity Existing 1 | F40: PJ | G40: MW | O40: =Commodities!$D$109 -> INDELC | P40: =+Commodities!$AL$9 -> DLA | R40: A | S40: Electricity Light Appliance | T40: =+T$18 -> Electricity | U40: =+U$7 -> Existing 1
B41: =+IF(ISBLANK(D41),"*","") | D41: =M13 & P$41 & R$41 & VLOOKUP(O$41, $O$50:$P$74,2,FALSE) & "E1" -> INDSDEMMELCE1 | E41: =+M10 & " " & S$41 & " - " & T$41 & " " & U$41 -> Iron & Steel Electricity Motors - Electricity Existing 1 | F41: PJ | G41: MW | O41: =Commodities!$D$109 -> INDELC | P41: =+Commodities!$AL$10 -> DEM | R41: M | S41: Electricity Motors | T41: =+T$18 -> Electricity | U41: =+U$7 -> Existing 1
B42: =+IF(ISBLANK(D42),"*","") | D42: =M13 & P$42 & R$42 & VLOOKUP(O$42, $O$50:$P$74,2,FALSE) & "E1" -> INDSDTFTDSLE1 | E42: =+M10 & " " & S$42 & " - " & T$42 & " " & U$42 -> Iron & Steel Tractors, Trucks, Fishing boats, Forest machines - Diesel Existing 1 | F42: PJ | G42: MW | O42: =+Commodities!D111&","&Commodities!D112&","&Commodities!D99 -> INDDSB1,INDDSB2,INDDSL | P42: =+Commodities!$AL$11 -> DTF | R42: T | S42: Tractors, Trucks, Fishing boats, Forest machines | T42: Diesel | U42: =+U$7 -> Existing 1
B43: =+IF(ISBLANK(D43),"*","") | D43: =M13&P$43&R$43&VLOOKUP(O$43,$O$50:$P$74,2,FALSE)&"E1" -> INDSDFLTLPGE1 | E43: =+M10 & " " & S$43 & " - " & T$43 & " " & U$43 -> Iron & Steel Forklifts - LPG Existing 1 | F43: PJ | G43: MW | O43: =+Commodities!D104&","&Commodities!D113&","&Commodities!D114 -> INDLPG,INDSNG1,INDSNG2 | P43: =+Commodities!$AL$12 -> DFL | R43: =+R$42 -> T | S43: Forklifts | T43: LPG | U43: =+U$7 -> Existing 1
B44: DMD | D44: =M50 & P$7 & R$7 & VLOOKUP(O$7, $O$50:$P$74,2,FALSE) & "E1" -> INDCDPHBNGAE1 | E44: =+M47 & " " & S$7 & " - " & T$7 & " " & U$7 -> Chemical industry Heat Medium Temp. Boiler - Nat. Gas Existing 1 | F44: PJ | G44: MW | L44: Index: 1 - 9 | M44: =+M7+1 -> 2
B45: =+IF(ISBLANK(D45),"*","") | D45: =M50 & P$8 & R$8 & VLOOKUP(O$8, $O$50:$P$74,2,FALSE) & "E1" -> INDCDPHBCOAE1 | E45: =+M47 & " " & S$8 & " - " & T$8 & " " & U$8 -> Chemical industry Heat Medium Temp. Boiler - Coal Existing 1 | F45: PJ | G45: MW
B46: =+IF(ISBLANK(D46),"*","") | D46: =M50 & P$9 & R$9 & VLOOKUP(O$9, $O$50:$P$74,2,FALSE) & "E1" -> INDCDPHBDSLE1 | E46: =+M47 & " " & S$9 & " - " & T$9 & " " & U$9 -> Chemical industry Heat Medium Temp. Boiler - Diesel Existing 1 | F46: PJ | G46: MW | L46: Sheet: | M46: Commodities
B47: =+IF(ISBLANK(D47),"*","") | D47: =M50 & P$10 & R$10 & VLOOKUP(O$10, $O$50:$P$74,2,FALSE) & "E1" -> INDCDPHBWPEE1 | E47: =+M47 & " " & S$10 & " - " & T$10 & " " & U$10 -> Chemical industry Heat Medium Temp. Boiler - Wood Pellets Existing 1 | F47: PJ | G47: MW | L47: Sector: | M47: =+INDEX(Commodities!$X$6:$X$17,M44) -> Chemical industry | O47: Translation from Comm-IN to Tech Code:
B48: =+IF(ISBLANK(D48),"*","") -> * | M48: =+INDEX(Commodities!$Y$6:$Y$17,M44) -> 02 Chemical and petrochemical
B49: =+IF(ISBLANK(D49),"*","") | D49: =M50 & P$12 & R$12 & VLOOKUP(O$12, $O$50:$P$74,2,FALSE) & "E1" -> INDCDPHBBGAE1 | E49: =+M47 & " " & S$12 & " - " & T$12 & " " & U$12 -> Chemical industry Heat Medium Temp. Boiler - Biogas Existing 1 | F49: PJ | G49: MW | L49: Code: | M49: =+INDEX(Commodities!$U$6:$U$17,M44) -> IC | O49: Comm-IN | P49: Tech
B50: =+IF(ISBLANK(D50),"*","") | D50: =M50 & P$13 & R$13 & VLOOKUP(O$13, $O$50:$P$74,2,FALSE) & "E1" -> INDCDPHBHFOE1 | E50: =+M47 & " " & S$13 & " - " & T$13 & " " & U$13 -> Chemical industry Heat Medium Temp. Boiler - Heavy Fuel Oil Existing 1 | F50: PJ | G50: MW | L50: Code: | M50: =+INDEX(Commodities!$W$6:$W$17,M44) -> INDC | O50: =+Commodities!D97 -> INDNGA | P50: =+RIGHT(O50,3) -> NGA
B51: =+IF(ISBLANK(D51),"*","") | D51: =M50 & P$14 & R$14 & VLOOKUP(O$14, $O$50:$P$74,2,FALSE) & "E1" -> INDCDPHBLPGE1 | E51: =+M47 & " " & S$14 & " - " & T$14 & " " & U$14 -> Chemical industry Heat Medium Temp. Boiler - Liquified Petroleum Gas Existing 1 | F51: PJ | G51: MW | O51: =+Commodities!D98 -> INDCOA | P51: =+RIGHT(O51,3) -> COA
B52: =+IF(ISBLANK(D52),"*","") | D52: =M50 & P$15 & R$15 & VLOOKUP(O$15, $O$50:$P$74,2,FALSE) & "E1" -> INDCDPHBWSTE1 | E52: =+M47 & " " & S$15 & " - " & T$15 & " " & U$15 -> Chemical industry Heat Medium Temp. Boiler - Waste Existing 1 | F52: PJ | G52: MW | O52: =+Commodities!D99 -> INDDSL | P52: =+RIGHT(O52,3) -> DSL
B53: =+IF(ISBLANK(D53),"*","") | D53: =M50 & P$16 & R$16 & VLOOKUP(O$16, $O$50:$P$74,2,FALSE) & "E1" -> INDCDPHBHETE1 | E53: =+M47 & " " & S$16 & " - " & T$16 & " " & U$16 -> Chemical industry Heat Medium Temp. Boiler - Dist. Heat Existing 1 | F53: PJ | G53: MW | O53: =+Commodities!D100 -> INDWPE | P53: =+RIGHT(O53,3) -> WPE
B54: =+IF(ISBLANK(D54),"*","") | D54: =M50 & P$17 & R$17 & VLOOKUP(O$17, $O$50:$P$74,2,FALSE) & "E2" -> INDCDPHBHETE2 | E54: =+M47 & " " & S$17 & " - " & T$17 & " " & U$17 -> Chemical industry Heat Medium Temp. Boiler - Dist. Heat Existing 2 | F54: PJ | G54: MW | O54: =+Commodities!D101 -> INDWCH | P54: =+RIGHT(O54,3) -> WCH
B55: =+IF(ISBLANK(D55),"*","") | D55: =M50 & P$18 & R$18 & VLOOKUP(O$18, $O$50:$P$74,2,FALSE) & "E1" -> INDCDPHBELCE1 | E55: =+M47 & " " & S$18 & " - " & T$18 & " " & U$18 -> Chemical industry Heat Medium Temp. Boiler - Electricity Existing 1 | F55: PJ | G55: MW | O55: =+Commodities!D102 -> INDBGA | P55: =+RIGHT(O55,3) -> BGA
B56: =+IF(ISBLANK(D56),"*","") | D56: =M50 & P$19 & R$19 & VLOOKUP(O$19, $O$50:$P$74,2,FALSE) & "E1" -> INDCDCOBNGAE1 | E56: =+M47 & " " & S$19 & " - " & T$19 & " " & U$19 -> Chemical industry Heat High Temp. Boiler - Nat. Gas Existing 1 | F56: PJ | G56: MW | O56: =+Commodities!D103 -> INDHFO | P56: =+RIGHT(O56,3) -> HFO
B57: =+IF(ISBLANK(D57),"*","") | D57: =M50 & P$20 & R$20 & VLOOKUP(O$20, $O$50:$P$74,2,FALSE) & "E1" -> INDCDCOBCOAE1 | E57: =+M47 & " " & S$20 & " - " & T$20 & " " & U$20 -> Chemical industry Heat High Temp. Boiler - Coal Existing 1 | F57: PJ | G57: MW | O57: =+Commodities!D104 -> INDLPG | P57: =+RIGHT(O57,3) -> LPG
B58: =+IF(ISBLANK(D58),"*","") | D58: =M50 & P$21 & R$21 & VLOOKUP(O$21, $O$50:$P$74,2,FALSE) & "E1" -> INDCDCOBDSLE1 | E58: =+M47 & " " & S$21 & " - " & T$21 & " " & U$21 -> Chemical industry Heat High Temp. Boiler - Diesel Existing 1 | F58: PJ | G58: MW | O58: =+Commodities!D105 -> INDWST | P58: =+RIGHT(O58,3) -> WST
B59: =+IF(ISBLANK(D59),"*","") | D59: =M50 & P$22 & R$22 & VLOOKUP(O$22, $O$50:$P$74,2,FALSE) & "E1" -> INDCDCOBWPEE1 | E59: =+M47 & " " & S$22 & " - " & T$22 & " " & U$22 -> Chemical industry Heat High Temp. Boiler - Wood Pellets Existing 1 | F59: PJ | G59: MW | O59: =+Commodities!D106 -> INDHCE | P59: HET
B60: =+IF(ISBLANK(D60),"*","") -> * | O60: =+Commodities!D108 -> INDHDE | P60: HET
B61: =+IF(ISBLANK(D61),"*","") | D61: =M50 & P$24 & R$24 & VLOOKUP(O$24, $O$50:$P$74,2,FALSE) & "E1" -> INDCDCOBHFOE1 | E61: =+M47 & " " & S$24 & " - " & T$24 & " " & U$24 -> Chemical industry Heat High Temp. Boiler - Heavy Fuel Oil Existing 1 | F61: PJ | G61: MW | O61: =+Commodities!D109 -> INDELC | P61: =+RIGHT(O61,3) -> ELC
B62: =+IF(ISBLANK(D62),"*","") | D62: =M50 & P$25 & R$25 & VLOOKUP(O$25, $O$50:$P$74,2,FALSE) & "E1" -> INDCDCOBLPGE1 | E62: =+M47 & " " & S$25 & " - " & T$25 & " " & U$25 -> Chemical industry Heat High Temp. Boiler - Liquified Petroleum Gas Existing 1 | F62: PJ | G62: MW | O62: =+Commodities!D110 -> INDSOL | P62: =+RIGHT(O62,3) -> SOL
B63: =+IF(ISBLANK(D63),"*","") | D63: =M50 & P$26 & R$26 & VLOOKUP(O$26, $O$50:$P$74,2,FALSE) & "E1" -> INDCDCOBWSTE1 | E63: =+M47 & " " & S$26 & " - " & T$26 & " " & U$26 -> Chemical industry Heat High Temp. Boiler - Waste Existing 1 | F63: PJ | G63: MW | O63: =+Commodities!D111 -> INDDSB1 | P63: =+RIGHT(O63,3) -> SB1
B64: =+IF(ISBLANK(D64),"*","") | D64: =M50 & P$27 & R$27 & VLOOKUP(O$27, $O$50:$P$74,2,FALSE) & "E1" -> INDCDCOBELCE1 | E64: =+M47 & " " & S$27 & " - " & T$27 & " " & U$27 -> Chemical industry Heat High Temp. Boiler - Electricity Existing 1 | F64: PJ | G64: MW | O64: =+Commodities!D112 -> INDDSB2 | P64: =+RIGHT(O64,3) -> SB2
B65: =+IF(ISBLANK(D65),"*","") | D65: =M50 & P$28 & R$28 & VLOOKUP(O$28, $O$50:$P$74,2,FALSE) & "E1" -> INDCDSHBNGAE1 | E65: =+M47 & " " & S$28 & " - " & T$28 & " " & U$28 -> Chemical industry Heat Room Boiler - Nat. Gas Existing 1 | F65: PJ | G65: MW | O65: =+Commodities!D113 -> INDSNG1 | P65: =+RIGHT(O65,3) -> NG1
B66: =+IF(ISBLANK(D66),"*","") | D66: =M50 & P$29 & R$29 & VLOOKUP(O$29, $O$50:$P$74,2,FALSE) & "E1" -> INDCDSHBCOAE1 | E66: =+M47 & " " & S$29 & " - " & T$29 & " " & U$29 -> Chemical industry Heat Room Boiler - Coal Existing 1 | F66: PJ | G66: MW | O66: =+Commodities!D114 -> INDSNG2 | P66: =+RIGHT(O66,3) -> NG2
B67: =+IF(ISBLANK(D67),"*","") | D67: =M50 & P$30 & R$30 & VLOOKUP(O$30, $O$50:$P$74,2,FALSE) & "E1" -> INDCDSHBDSLE1 | E67: =+M47 & " " & S$30 & " - " & T$30 & " " & U$30 -> Chemical industry Heat Room Boiler - Diesel Existing 1 | F67: PJ | G67: MW | O67: =+Commodities!D115 -> INDGSL | P67: =+RIGHT(O67,3) -> GSL
B68: =+IF(ISBLANK(D68),"*","") | D68: =M50 & P$31 & R$31 & VLOOKUP(O$31, $O$50:$P$74,2,FALSE) & "E1" -> INDCDSHBWPEE1 | E68: =+M47 & " " & S$31 & " - " & T$31 & " " & U$31 -> Chemical industry Heat Room Boiler - Wood Pellets Existing 1 | F68: PJ | G68: MW | O68: =+Commodities!D116 -> INDGSB1 | P68: =+RIGHT(O68,3) -> SB1
B69: =+IF(ISBLANK(D69),"*","") -> * | O69: =+Commodities!D117 -> INDGSB2 | P69: =+RIGHT(O69,3) -> SB2
B70: =+IF(ISBLANK(D70),"*","") | D70: =M50 & P$33 & R$33 & VLOOKUP(O$33, $O$50:$P$74,2,FALSE) & "E1" -> INDCDSHBBGAE1 | E70: =+M47 & " " & S$33 & " - " & T$33 & " " & U$33 -> Chemical industry Heat Room Boiler - Biogas Existing 1 | F70: PJ | G70: MW | N70: Changed formula | O70: =+O7 -> INDSNG1,INDSNG2,INDNGA | P70: NGA
B71: =+IF(ISBLANK(D71),"*","") | D71: =M50 & P$34 & R$34 & VLOOKUP(O$34, $O$50:$P$74,2,FALSE) & "E1" -> INDCDSHBHFOE1 | E71: =+M47 & " " & S$34 & " - " & T$34 & " " & U$34 -> Chemical industry Heat Room Boiler - Heavy Fuel Oil Existing 1 | F71: PJ | G71: MW | O71: =+O9 -> INDDSB1,INDDSB2,INDDSL | P71: DSL
B72: =+IF(ISBLANK(D72),"*","") | D72: =M50 & P$35 & R$35 & VLOOKUP(O$35, $O$50:$P$74,2,FALSE) & "E1" -> INDCDSHBLPGE1 | E72: =+M47 & " " & S$35 & " - " & T$35 & " " & U$35 -> Chemical industry Heat Room Boiler - Liquified Petroleum Gas Existing 1 | F72: PJ | G72: MW | O72: =+O42 -> INDDSB1,INDDSB2,INDDSL | P72: DSL
B73: =+IF(ISBLANK(D73),"*","") | D73: =M50 & P$36 & R$36 & VLOOKUP(O$36, $O$50:$P$74,2,FALSE) & "E1" -> INDCDSHBWSTE1 | E73: =+M47 & " " & S$36 & " - " & T$36 & " " & U$36 -> Chemical industry Heat Room Boiler - Waste Existing 1 | F73: PJ | G73: MW | O73: =+O43 -> INDLPG,INDSNG1,INDSNG2 | P73: LPG
B74: =+IF(ISBLANK(D74),"*","") | D74: =M50 & P$37 & R$37 & VLOOKUP(O$37, $O$50:$P$74,2,FALSE) & "E1" -> INDCDSHBHETE1 | E74: =+M47 & " " & S$37 & " - " & T$37 & " " & U$37 -> Chemical industry Heat Room Boiler - Dist. Heat Existing 1 | F74: PJ | G74: MW | O74: =+#REF! -> #REF! | P74: DSB
B75: =+IF(ISBLANK(D75),"*","") | D75: =M50 & P$38 & R$38 & VLOOKUP(O$38, $O$50:$P$74,2,FALSE) & "E2" -> INDCDSHBHETE2 | E75: =+M47 & " " & S$38 & " - " & T$38 & " " & U$38 -> Chemical industry Heat Room Boiler - Dist. Heat Existing 2 | F75: PJ | G75: MW | O75: =+"(used in formulas in column " & CHAR(COLUMN(D7)+64) & ")" -> (used in formulas in column D)
B76: =+IF(ISBLANK(D76),"*","") | D76: =M50 & P$39 & R$39 & VLOOKUP(O$39, $O$50:$P$74,2,FALSE) & "E1" -> INDCDSHBELCE1 | E76: =+M47 & " " & S$39 & " - " & T$39 & " " & U$39 -> Chemical industry Heat Room Boiler - Electricity Existing 1 | F76: PJ | G76: MW
B77: =+IF(ISBLANK(D77),"*","") | D77: =M50 & P$40 & R$40 & VLOOKUP(O$40, $O$50:$P$74,2,FALSE) & "E1" -> INDCDLAAELCE1 | E77: =+M47 & " " & S$40 & " - " & T$40 & " " & U$40 -> Chemical industry Electricity Light Appliance - Electricity Existing 1 | F77: PJ | G77: MW
B78: =+IF(ISBLANK(D78),"*","") | D78: =M50 & P$41 & R$41 & VLOOKUP(O$41, $O$50:$P$74,2,FALSE) & "E1" -> INDCDEMMELCE1 | E78: =+M47 & " " & S$41 & " - " & T$41 & " " & U$41 -> Chemical industry Electricity Motors - Electricity Existing 1 | F78: PJ | G78: MW
B79: =+IF(ISBLANK(D79),"*","") | D79: =M50 & P$42 & R$42 & VLOOKUP(O$42, $O$50:$P$74,2,FALSE) & "E1" -> INDCDTFTDSLE1 | E79: =+M47 & " " & S$42 & " - " & T$42 & " " & U$42 -> Chemical industry Tractors, Trucks, Fishing boats, Forest machines - Diesel Existing 1 | F79: PJ | G79: MW
B80: =+IF(ISBLANK(D80),"*","") | D80: =M50&P$43&R$43&VLOOKUP(O$43,$O$50:$P$74,2,FALSE)&"E1" -> INDCDFLTLPGE1 | E80: =+M47 & " " & S$43 & " - " & T$43 & " " & U$43 -> Chemical industry Forklifts - LPG Existing 1 | F80: PJ | G80: MW
B81: DMD | D81: =M87 & P$7 & R$7 & VLOOKUP(O$7, $O$50:$P$74,2,FALSE) & "E1" -> INDADPHBNGAE1 | E81: =+M84 & " " & S$7 & " - " & T$7 & " " & U$7 -> Aluminium industry Heat Medium Temp. Boiler - Nat. Gas Existing 1 | F81: PJ | G81: MW | L81: Index: 1 - 9 | M81: =+M44+1 -> 3
B82: =+IF(ISBLANK(D82),"*","") | D82: =M87 & P$8 & R$8 & VLOOKUP(O$8, $O$50:$P$74,2,FALSE) & "E1" -> INDADPHBCOAE1 | E82: =+M84 & " " & S$8 & " - " & T$8 & " " & U$8 -> Aluminium industry Heat Medium Temp. Boiler - Coal Existing 1 | F82: PJ | G82: MW
B83: =+IF(ISBLANK(D83),"*","") | D83: =M87 & P$9 & R$9 & VLOOKUP(O$9, $O$50:$P$74,2,FALSE) & "E1" -> INDADPHBDSLE1 | E83: =+M84 & " " & S$9 & " - " & T$9 & " " & U$9 -> Aluminium industry Heat Medium Temp. Boiler - Diesel Existing 1 | F83: PJ | G83: MW | L83: Sheet: | M83: Commodities
B84: =+IF(ISBLANK(D84),"*","") | D84: =M87 & P$10 & R$10 & VLOOKUP(O$10, $O$50:$P$74,2,FALSE) & "E1" -> INDADPHBWPEE1 | E84: =+M84 & " " & S$10 & " - " & T$10 & " " & U$10 -> Aluminium industry Heat Medium Temp. Boiler - Wood Pellets Existing 1 | F84: PJ | G84: MW | L84: Sector: | M84: =+INDEX(Commodities!$X$6:$X$17,M81) -> Aluminium industry
B85: =+IF(ISBLANK(D85),"*","") -> * | M85: =+INDEX(Commodities!$Y$6:$Y$17,M81) -> 03 Non-ferrous metal
B86: =+IF(ISBLANK(D86),"*","") | D86: =M87 & P$12 & R$12 & VLOOKUP(O$12, $O$50:$P$74,2,FALSE) & "E1" -> INDADPHBBGAE1 | E86: =+M84 & " " & S$12 & " - " & T$12 & " " & U$12 -> Aluminium industry Heat Medium Temp. Boiler - Biogas Existing 1 | F86: PJ | G86: MW | L86: Code: | M86: =+INDEX(Commodities!$U$6:$U$17,M81) -> IA
B87: =+IF(ISBLANK(D87),"*","") | D87: =M87 & P$13 & R$13 & VLOOKUP(O$13, $O$50:$P$74,2,FALSE) & "E1" -> INDADPHBHFOE1 | E87: =+M84 & " " & S$13 & " - " & T$13 & " " & U$13 -> Aluminium industry Heat Medium Temp. Boiler - Heavy Fuel Oil Existing 1 | F87: PJ | G87: MW | L87: Code: | M87: =+INDEX(Commodities!$W$6:$W$17,M81) -> INDA
B88: =+IF(ISBLANK(D88),"*","") | D88: =M87 & P$14 & R$14 & VLOOKUP(O$14, $O$50:$P$74,2,FALSE) & "E1" -> INDADPHBLPGE1 | E88: =+M84 & " " & S$14 & " - " & T$14 & " " & U$14 -> Aluminium industry Heat Medium Temp. Boiler - Liquified Petroleum Gas Existing 1 | F88: PJ | G88: MW
B89: =+IF(ISBLANK(D89),"*","") | D89: =M87 & P$15 & R$15 & VLOOKUP(O$15, $O$50:$P$74,2,FALSE) & "E1" -> INDADPHBWSTE1 | E89: =+M84 & " " & S$15 & " - " & T$15 & " " & U$15 -> Aluminium industry Heat Medium Temp. Boiler - Waste Existing 1 | F89: PJ | G89: MW
B90: =+IF(ISBLANK(D90),"*","") | D90: =M87 & P$16 & R$16 & VLOOKUP(O$16, $O$50:$P$74,2,FALSE) & "E1" -> INDADPHBHETE1 | E90: =+M84 & " " & S$16 & " - " & T$16 & " " & U$16 -> Aluminium industry Heat Medium Temp. Boiler - Dist. Heat Existing 1 | F90: PJ | G90: MW
B91: =+IF(ISBLANK(D91),"*","") | D91: =M87 & P$17 & R$17 & VLOOKUP(O$17, $O$50:$P$74,2,FALSE) & "E2" -> INDADPHBHETE2 | E91: =+M84 & " " & S$17 & " - " & T$17 & " " & U$17 -> Aluminium industry Heat Medium Temp. Boiler - Dist. Heat Existing 2 | F91: PJ | G91: MW
B92: =+IF(ISBLANK(D92),"*","") | D92: =M87 & P$18 & R$18 & VLOOKUP(O$18, $O$50:$P$74,2,FALSE) & "E1" -> INDADPHBELCE1 | E92: =+M84 & " " & S$18 & " - " & T$18 & " " & U$18 -> Aluminium industry Heat Medium Temp. Boiler - Electricity Existing 1 | F92: PJ | G92: MW
B93: =+IF(ISBLANK(D93),"*","") | D93: =M87 & P$19 & R$19 & VLOOKUP(O$19, $O$50:$P$74,2,FALSE) & "E1" -> INDADCOBNGAE1 | E93: =+M84 & " " & S$19 & " - " & T$19 & " " & U$19 -> Aluminium industry Heat High Temp. Boiler - Nat. Gas Existing 1 | F93: PJ | G93: MW
B94: =+IF(ISBLANK(D94),"*","") | D94: =M87 & P$20 & R$20 & VLOOKUP(O$20, $O$50:$P$74,2,FALSE) & "E1" -> INDADCOBCOAE1 | E94: =+M84 & " " & S$20 & " - " & T$20 & " " & U$20 -> Aluminium industry Heat High Temp. Boiler - Coal Existing 1 | F94: PJ | G94: MW
B95: =+IF(ISBLANK(D95),"*","") | D95: =M87 & P$21 & R$21 & VLOOKUP(O$21, $O$50:$P$74,2,FALSE) & "E1" -> INDADCOBDSLE1 | E95: =+M84 & " " & S$21 & " - " & T$21 & " " & U$21 -> Aluminium industry Heat High Temp. Boiler - Diesel Existing 1 | F95: PJ | G95: MW
B96: =+IF(ISBLANK(D96),"*","") | D96: =M87 & P$22 & R$22 & VLOOKUP(O$22, $O$50:$P$74,2,FALSE) & "E1" -> INDADCOBWPEE1 | E96: =+M84 & " " & S$22 & " - " & T$22 & " " & U$22 -> Aluminium industry Heat High Temp. Boiler - Wood Pellets Existing 1 | F96: PJ | G96: MW
B97: =+IF(ISBLANK(D97),"*","") -> *
B98: =+IF(ISBLANK(D98),"*","") | D98: =M87 & P$24 & R$24 & VLOOKUP(O$24, $O$50:$P$74,2,FALSE) & "E1" -> INDADCOBHFOE1 | E98: =+M84 & " " & S$24 & " - " & T$24 & " " & U$24 -> Aluminium industry Heat High Temp. Boiler - Heavy Fuel Oil Existing 1 | F98: PJ | G98: MW
B99: =+IF(ISBLANK(D99),"*","") | D99: =M87 & P$25 & R$25 & VLOOKUP(O$25, $O$50:$P$74,2,FALSE) & "E1" -> INDADCOBLPGE1 | E99: =+M84 & " " & S$25 & " - " & T$25 & " " & U$25 -> Aluminium industry Heat High Temp. Boiler - Liquified Petroleum Gas Existing 1 | F99: PJ | G99: MW
B100: =+IF(ISBLANK(D100),"*","") | D100: =M87 & P$26 & R$26 & VLOOKUP(O$26, $O$50:$P$74,2,FALSE) & "E1" -> INDADCOBWSTE1 | E100: =+M84 & " " & S$26 & " - " & T$26 & " " & U$26 -> Aluminium industry Heat High Temp. Boiler - Waste Existing 1 | F100: PJ | G100: MW
B101: =+IF(ISBLANK(D101),"*","") | D101: =M87 & P$27 & R$27 & VLOOKUP(O$27, $O$50:$P$74,2,FALSE) & "E1" -> INDADCOBELCE1 | E101: =+M84 & " " & S$27 & " - " & T$27 & " " & U$27 -> Aluminium industry Heat High Temp. Boiler - Electricity Existing 1 | F101: PJ | G101: MW
B102: =+IF(ISBLANK(D102),"*","") | D102: =M87 & P$28 & R$28 & VLOOKUP(O$28, $O$50:$P$74,2,FALSE) & "E1" -> INDADSHBNGAE1 | E102: =+M84 & " " & S$28 & " - " & T$28 & " " & U$28 -> Aluminium industry Heat Room Boiler - Nat. Gas Existing 1 | F102: PJ | G102: MW
B103: =+IF(ISBLANK(D103),"*","") | D103: =M87 & P$29 & R$29 & VLOOKUP(O$29, $O$50:$P$74,2,FALSE) & "E1" -> INDADSHBCOAE1 | E103: =+M84 & " " & S$29 & " - " & T$29 & " " & U$29 -> Aluminium industry Heat Room Boiler - Coal Existing 1 | F103: PJ | G103: MW
...

Sheet Commodities
B3: ~FI_Comm
B4: CSet | C4: Region | D4: CommName | E4: CommDesc | F4: Unit | G4: LimType | H4: CTSLvl | I4: PeakTS | J4: Ctype
B5: *Commodity Set Membership | C5: Region Name | D5: Commodity Name | E5: Commodity Description | F5: Unit | G5: Sense of the Balance EQN. | H5: Timeslice Level | I5: Peak Monitoring | J5: Electricity Indicator | T5: Index | U5: Code | V5: Code | W5: Code | X5: Sector | Y5: Text | AC5: Eurostat | AD5: Temperature Distribution | AE5: Sheet Name | AJ5: Index | AK5: Txt1 | AL5: Code | AM5: Txt2
B6: DEM | D6: =+INDEX($U$6:$U$18,M6) & INDEX($AL$6:$AL$13,L6) -> ISDPH | E6: =INDEX($X$6:$X$17,M6) & " " & INDEX($AM$6:$AM$13,L6) -> Iron & Steel Demand Process heat | F6: PJ | L6: 1 | M6: 1 | N6: =VLOOKUP(M6, $T$6:$Y$18, 6, FALSE) -> 01 Iron and steel | T6: 1 | U6: IS | V6: IIS | W6: INDS | X6: Iron & Steel | Y6: ="0"&T6&" "&AC6 -> 01 Iron and steel | AC6: Iron and steel | AD6: =AC6 -> Iron and steel | AE6: IronSteel | AJ6: 1 | AK6: Industry | AL6: DPH | AM6: Demand Process heat
D7: =+INDEX($U$6:$U$18,M7) & INDEX($AL$6:$AL$13,L7) -> ISDCO | E7: =INDEX($X$6:$X$17,M7) & " " & INDEX($AM$6:$AM$13,L7) -> Iron & Steel Demand Cooling | F7: PJ | L7: =+L6+1 -> 2 | M7: =+M6 -> 1 | T7: 2 | U7: IC | V7: ICH | W7: INDC | X7: Chemical industry | Y7: ="0"&T7&" "&AC7 -> 02 Chemical and petrochemical | AC7: Chemical and petrochemical | AD7: =AC7 -> Chemical and petrochemical | AE7: Chemical | AJ7: 2 | AK7: Industry | AL7: DCO | AM7: Demand Cooling
D8: =+INDEX($U$6:$U$18,M8) & INDEX($AL$6:$AL$13,L8) -> ISDSH | E8: =INDEX($X$6:$X$17,M8) & " " & INDEX($AM$6:$AM$13,L8) -> Iron & Steel Demand Spatial Heat | F8: PJ | L8: =+L7+1 -> 3 | M8: =+M7 -> 1 | T8: 3 | U8: IA | V8: IAL | W8: INDA | X8: Aluminium industry | Y8: ="0"&T8&" "&AC8 -> 03 Non-ferrous metal | AC8: Non-ferrous metal | AD8: =AC8 -> Non-ferrous metal | AE8: Aluminium | AJ8: 3 | AK8: Industry | AL8: DSH | AM8: Demand Spatial Heat
D9: =+INDEX($U$6:$U$18,M9) & INDEX($AL$6:$AL$13,L9) -> ISDLA | E9: =INDEX($X$6:$X$17,M9) & " " & INDEX($AM$6:$AM$13,L9) -> Iron & Steel Demand Light | F9: PJ | L9: =+L8+1 -> 4 | M9: =+M8 -> 1 | T9: 4 | U9: IG | V9: IGL | W9: INDG | X9: Glass & Concrete industry | Y9: ="0"&T9&" "&AC9 -> 04 Non-metallic minerals | AC9: Non-metallic minerals | AD9: =AC9 -> Non-metallic minerals | AE9: GlassConcrete | AJ9: 4 | AK9: Industry | AL9: DLA | AM9: Demand Light
D10: =+INDEX($U$6:$U$18,M10) & INDEX($AL$6:$AL$13,L10) -> ISDEM | E10: =INDEX($X$6:$X$17,M10) & " " & INDEX($AM$6:$AM$13,L10) -> Iron & Steel Demand Electric Motors | F10: PJ | L10: =+L9+1 -> 5 | M10: =+M9 -> 1 | T10: 5 | U10: IT | V10: ITR | W10: INDT | X10: Transport industry | Y10: ="0"&T10&" "&AC10 -> 05 Transport equipment | AC10: Transport equipment | AD10: =AC10 -> Transport equipment | AE10: Transport | AJ10: 5 | AK10: Industry | AL10: DEM | AM10: Demand Electric Motors
D11: =+INDEX($U$6:$U$18,M11) & INDEX($AL$6:$AL$13,L11) -> ISDTF | E11: =INDEX($X$6:$X$17,M11) & " " & INDEX($AM$6:$AM$13,L11) -> Iron & Steel Demand Haulage Tractors, Trucks, Fishing boats, Forest machines | F11: PJ | L11: =+L10+1 -> 6 | M11: =+M10 -> 1 | T11: 6 | U11: IM | V11: IME | W11: INDM | X11: Machinery industry | Y11: ="0"&T11&" "&AC11 -> 06 Machinery | AC11: Machinery | AD11: =AC11 -> Machinery | AE11: Machinery | AJ11: 6 | AK11: Industry | AL11: DTF | AM11: Demand Haulage Tractors, Trucks, Fishing boats, Forest machines
D12: =+INDEX($U$6:$U$18,M12) & INDEX($AL$6:$AL$13,L12) -> ISDFL | E12: =INDEX($X$6:$X$17,M12) & " " & INDEX($AM$6:$AM$13,L12) -> Iron & Steel Demand Haulage Forklifts | F12: PJ | L12: =+L11+1 -> 7 | M12: =+M11 -> 1 | T12: 7 | U12: II | V12: IMQ | W12: INDI | X12: Mining | Y12: ="0"&T12&" "&AC12 -> 07 Mining and quarrying | AC12: Mining and quarrying | AD12: =AC12 -> Mining and quarrying | AE12: Mining | AJ12: 7 | AK12: Industry | AL12: DFL | AM12: Demand Haulage Forklifts
D13: =+INDEX($U$6:$U$18,M13) & INDEX($AL$6:$AL$13,L13) -> ICDPH | E13: =INDEX($X$6:$X$17,M13) & " " & INDEX($AM$6:$AM$13,L13) -> Chemical industry Demand Process heat | F13: PJ | L13: =+L6 -> 1 | M13: =1+M8 -> 2 | N13: =VLOOKUP(M13, $T$6:$Y$18, 6, FALSE) -> 02 Chemical and petrochemical | T13: 8 | U13: IF | V13: IFD | W13: INDF | X13: Food industry | Y13: ="0"&T13&" "&AC13 -> 08 Food and tobacco | AC13: Food and tobacco | AD13: =AC13 -> Food and tobacco | AE13: Food
D14: =+INDEX($U$6:$U$18,M14) & INDEX($AL$6:$AL$13,L14) -> ICDCO | E14: =INDEX($X$6:$X$17,M14) & " " & INDEX($AM$6:$AM$13,L14) -> Chemical industry Demand Cooling | F14: PJ | L14: =+L13+1 -> 2 | M14: =+M13 -> 2 | T14: 9 | U14: IR | V14: IPP | W14: INDR | X14: Paper & Pulp industry | Y14: ="0"&T14&" "&AC14 -> 09 Paper, pulp and printing | AC14: Paper, pulp and printing | AD14: =AC14 -> Paper, pulp and printing | AE14: PulpPaper
D15: =+INDEX($U$6:$U$18,M15) & INDEX($AL$6:$AL$13,L15) -> ICDSH | E15: =INDEX($X$6:$X$17,M15) & " " & INDEX($AM$6:$AM$13,L15) -> Chemical industry Demand Spatial Heat | F15: PJ | L15: =+L14+1 -> 3 | M15: =+M14 -> 2 | T15: 10 | U15: IW | V15: IWP | W15: INDW | X15: Wood products industry | Y15: ="0"&T15&" "&AC15 -> 010 Wood and wood products | AC15: Wood and wood products | AD15: =AC15 -> Wood and wood products | AE15: Wood
D16: =+INDEX($U$6:$U$18,M16) & INDEX($AL$6:$AL$13,L16) -> ICDLA | E16: =INDEX($X$6:$X$17,M16) & " " & INDEX($AM$6:$AM$13,L16) -> Chemical industry Demand Light | F16: PJ | L16: =+L15+1 -> 4 | M16: =+M15 -> 2 | T16: 11 | U16: IL | V16: ITL | W16: INDL | X16: Textile & Leather | Y16: ="0"&T16&" "&AC16 -> 011 Textile and leather | AC16: Textile and leather | AD16: =AC16 -> Textile and leather | AE16: TextileLeather
D17: =+INDEX($U$6:$U$18,M17) & INDEX($AL$6:$AL$13,L17) -> ICDEM | E17: =INDEX($X$6:$X$17,M17) & " " & INDEX($AM$6:$AM$13,L17) -> Chemical industry Demand Electric Motors | F17: PJ | L17: =+L16+1 -> 5 | M17: =+M16 -> 2 | T17: 12 | U17: IN | V17: ICO | W17: INDN | X17: Construction | Y17: ="0"&T17&" "&AC17 -> 012 Construction | AC17: Construction | AD17: =AC17 -> Construction | AE17: Construction
D18: =+INDEX($U$6:$U$18,M18) & INDEX($AL$6:$AL$13,L18) -> ICDTF | E18: =INDEX($X$6:$X$17,M18) & " " & INDEX($AM$6:$AM$13,L18) -> Chemical industry Demand Haulage Tractors, Trucks, Fishing boats, Forest machines | F18: PJ | L18: =+L17+1 -> 6 | M18: =+M17 -> 2 | T18: 13 | U18: IO | V18: IOT | W18: INDO | X18: Other comm | Y18: ="0"&T18&" "&AC18 -> 013 Non-specified | AC18: Non-specified | AD18: =AC18 -> Non-specified | AE18: Other
D19: =+INDEX($U$6:$U$18,M19) & INDEX($AL$6:$AL$13,L19) -> ICDFL | E19: =INDEX($X$6:$X$17,M19) & " " & INDEX($AM$6:$AM$13,L19) -> Chemical industry Demand Haulage Forklifts | F19: PJ | L19: =+L18+1 -> 7 | M19: =+M18 -> 2
D20: =+INDEX($U$6:$U$18,M20) & INDEX($AL$6:$AL$13,L20) -> IADPH | E20: =INDEX($X$6:$X$17,M20) & " " & INDEX($AM$6:$AM$13,L20) -> Aluminium industry Demand Process heat | F20: PJ | L20: =+L13 -> 1 | M20: =1+M15 -> 3 | N20: =VLOOKUP(M20, $T$6:$Y$17, 6, FALSE) -> 03 Non-ferrous metal
D21: =+INDEX($U$6:$U$18,M21) & INDEX($AL$6:$AL$13,L21) -> IADCO | E21: =INDEX($X$6:$X$17,M21) & " " & INDEX($AM$6:$AM$13,L21) -> Aluminium industry Demand Cooling | F21: PJ | L21: =+L20+1 -> 2 | M21: =+M20 -> 3
D22: =+INDEX($U$6:$U$18,M22) & INDEX($AL$6:$AL$13,L22) -> IADSH | E22: =INDEX($X$6:$X$17,M22) & " " & INDEX($AM$6:$AM$13,L22) -> Aluminium industry Demand Spatial Heat | F22: PJ | L22: =+L21+1 -> 3 | M22: =+M21 -> 3
D23: =+INDEX($U$6:$U$18,M23) & INDEX($AL$6:$AL$13,L23) -> IADLA | E23: =INDEX($X$6:$X$17,M23) & " " & INDEX($AM$6:$AM$13,L23) -> Aluminium industry Demand Light | F23: PJ | L23: =+L22+1 -> 4 | M23: =+M22 -> 3
D24: =+INDEX($U$6:$U$18,M24) & INDEX($AL$6:$AL$13,L24) -> IADEM | E24: =INDEX($X$6:$X$17,M24) & " " & INDEX($AM$6:$AM$13,L24) -> Aluminium industry Demand Electric Motors | F24: PJ | L24: =+L23+1 -> 5 | M24: =+M23 -> 3
D25: =+INDEX($U$6:$U$18,M25) & INDEX($AL$6:$AL$13,L25) -> IADTF | E25: =INDEX($X$6:$X$17,M25) & " " & INDEX($AM$6:$AM$13,L25) -> Aluminium industry Demand Haulage Tractors, Trucks, Fishing boats, Forest machines | F25: PJ | L25: =+L24+1 -> 6 | M25: =+M24 -> 3
D26: =+INDEX($U$6:$U$18,M26) & INDEX($AL$6:$AL$13,L26) -> IADFL | E26: =INDEX($X$6:$X$17,M26) & " " & INDEX($AM$6:$AM$13,L26) -> Aluminium industry Demand Haulage Forklifts | F26: PJ | L26: =+L25+1 -> 7 | M26: =+M25 -> 3
D27: =+INDEX($U$6:$U$18,M27) & INDEX($AL$6:$AL$13,L27) -> IGDPH | E27: =INDEX($X$6:$X$17,M27) & " " & INDEX($AM$6:$AM$13,L27) -> Glass & Concrete industry Demand Process heat | F27: PJ | L27: =+L20 -> 1 | M27: =1+M22 -> 4 | N27: =VLOOKUP(M27, $T$6:$Y$17, 6, FALSE) -> 04 Non-metallic minerals
D28: =+INDEX($U$6:$U$18,M28) & INDEX($AL$6:$AL$13,L28) -> IGDCO | E28: =INDEX($X$6:$X$17,M28) & " " & INDEX($AM$6:$AM$13,L28) -> Glass & Concrete industry Demand Cooling | F28: PJ | L28: =+L27+1 -> 2 | M28: =+M27 -> 4
D29: =+INDEX($U$6:$U$18,M29) & INDEX($AL$6:$AL$13,L29) -> IGDSH | E29: =INDEX($X$6:$X$17,M29) & " " & INDEX($AM$6:$AM$13,L29) -> Glass & Concrete industry Demand Spatial Heat | F29: PJ | L29: =+L28+1 -> 3 | M29: =+M28 -> 4
D30: =+INDEX($U$6:$U$18,M30) & INDEX($AL$6:$AL$13,L30) -> IGDLA | E30: =INDEX($X$6:$X$17,M30) & " " & INDEX($AM$6:$AM$13,L30) -> Glass & Concrete industry Demand Light | F30: PJ | L30: =+L29+1 -> 4 | M30: =+M29 -> 4
D31: =+INDEX($U$6:$U$18,M31) & INDEX($AL$6:$AL$13,L31) -> IGDEM | E31: =INDEX($X$6:$X$17,M31) & " " & INDEX($AM$6:$AM$13,L31) -> Glass & Concrete industry Demand Electric Motors | F31: PJ | L31: =+L30+1 -> 5 | M31: =+M30 -> 4
D32: =+INDEX($U$6:$U$18,M32) & INDEX($AL$6:$AL$13,L32) -> IGDTF | E32: =INDEX($X$6:$X$17,M32) & " " & INDEX($AM$6:$AM$13,L32) -> Glass & Concrete industry Demand Haulage Tractors, Trucks, Fishing boats, Forest machines | F32: PJ | L32: =+L31+1 -> 6 | M32: =+M31 -> 4
D33: =+INDEX($U$6:$U$18,M33) & INDEX($AL$6:$AL$13,L33) -> IGDFL | E33: =INDEX($X$6:$X$17,M33) & " " & INDEX($AM$6:$AM$13,L33) -> Glass & Concrete industry Demand Haulage Forklifts | F33: PJ | L33: =+L32+1 -> 7 | M33: =+M32 -> 4
D34: =+INDEX($U$6:$U$18,M34) & INDEX($AL$6:$AL$13,L34) -> ITDPH | E34: =INDEX($X$6:$X$17,M34) & " " & INDEX($AM$6:$AM$13,L34) -> Transport industry Demand Process heat | F34: PJ | L34: =+L27 -> 1 | M34: =1+M29 -> 5 | N34: =VLOOKUP(M34, $T$6:$Y$17, 6, FALSE) -> 05 Transport equipment
D35: =+INDEX($U$6:$U$18,M35) & INDEX($AL$6:$AL$13,L35) -> ITDCO | E35: =INDEX($X$6:$X$17,M35) & " " & INDEX($AM$6:$AM$13,L35) -> Transport industry Demand Cooling | F35: PJ | L35: =+L34+1 -> 2 | M35: =+M34 -> 5
D36: =+INDEX($U$6:$U$18,M36) & INDEX($AL$6:$AL$13,L36) -> ITDSH | E36: =INDEX($X$6:$X$17,M36) & " " & INDEX($AM$6:$AM$13,L36) -> Transport industry Demand Spatial Heat | F36: PJ | L36: =+L35+1 -> 3 | M36: =+M35 -> 5
D37: =+INDEX($U$6:$U$18,M37) & INDEX($AL$6:$AL$13,L37) -> ITDLA | E37: =INDEX($X$6:$X$17,M37) & " " & INDEX($AM$6:$AM$13,L37) -> Transport industry Demand Light | F37: PJ | L37: =+L36+1 -> 4 | M37: =+M36 -> 5
D38: =+INDEX($U$6:$U$18,M38) & INDEX($AL$6:$AL$13,L38) -> ITDEM | E38: =INDEX($X$6:$X$17,M38) & " " & INDEX($AM$6:$AM$13,L38) -> Transport industry Demand Electric Motors | F38: PJ | L38: =+L37+1 -> 5 | M38: =+M37 -> 5
D39: =+INDEX($U$6:$U$18,M39) & INDEX($AL$6:$AL$13,L39) -> ITDTF | E39: =INDEX($X$6:$X$17,M39) & " " & INDEX($AM$6:$AM$13,L39) -> Transport industry Demand Haulage Tractors, Trucks, Fishing boats, Forest machines | F39: PJ | L39: =+L38+1 -> 6 | M39: =+M38 -> 5
D40: =+INDEX($U$6:$U$18,M40) & INDEX($AL$6:$AL$13,L40) -> ITDFL | E40: =INDEX($X$6:$X$17,M40) & " " & INDEX($AM$6:$AM$13,L40) -> Transport industry Demand Haulage Forklifts | F40: PJ | L40: =+L39+1 -> 7 | M40: =+M39 -> 5
D41: =+INDEX($U$6:$U$18,M41) & INDEX($AL$6:$AL$13,L41) -> IMDPH | E41: =INDEX($X$6:$X$17,M41) & " " & INDEX($AM$6:$AM$13,L41) -> Machinery industry Demand Process heat | F41: PJ | L41: =+L34 -> 1 | M41: =1+M36 -> 6 | N41: =VLOOKUP(M41, $T$6:$Y$17, 6, FALSE) -> 06 Machinery
D42: =+INDEX($U$6:$U$18,M42) & INDEX($AL$6:$AL$13,L42) -> IMDCO | E42: =INDEX($X$6:$X$17,M42) & " " & INDEX($AM$6:$AM$13,L42) -> Machinery industry Demand Cooling | F42: PJ | L42: =+L41+1 -> 2 | M42: =+M41 -> 6
D43: =+INDEX($U$6:$U$18,M43) & INDEX($AL$6:$AL$13,L43) -> IMDSH | E43: =INDEX($X$6:$X$17,M43) & " " & INDEX($AM$6:$AM$13,L43) -> Machinery industry Demand Spatial Heat | F43: PJ | L43: =+L42+1 -> 3 | M43: =+M42 -> 6
D44: =+INDEX($U$6:$U$18,M44) & INDEX($AL$6:$AL$13,L44) -> IMDLA | E44: =INDEX($X$6:$X$17,M44) & " " & INDEX($AM$6:$AM$13,L44) -> Machinery industry Demand Light | F44: PJ | L44: =+L43+1 -> 4 | M44: =+M43 -> 6
D45: =+INDEX($U$6:$U$18,M45) & INDEX($AL$6:$AL$13,L45) -> IMDEM | E45: =INDEX($X$6:$X$17,M45) & " " & INDEX($AM$6:$AM$13,L45) -> Machinery industry Demand Electric Motors | F45: PJ | L45: =+L44+1 -> 5 | M45: =+M44 -> 6
D46: =+INDEX($U$6:$U$18,M46) & INDEX($AL$6:$AL$13,L46) -> IMDTF | E46: =INDEX($X$6:$X$17,M46) & " " & INDEX($AM$6:$AM$13,L46) -> Machinery industry Demand Haulage Tractors, Trucks, Fishing boats, Forest machines | F46: PJ | L46: =+L45+1 -> 6 | M46: =+M45 -> 6
D47: =+INDEX($U$6:$U$18,M47) & INDEX($AL$6:$AL$13,L47) -> IMDFL | E47: =INDEX($X$6:$X$17,M47) & " " & INDEX($AM$6:$AM$13,L47) -> Machinery industry Demand Haulage Forklifts | F47: PJ | L47: =+L46+1 -> 7 | M47: =+M46 -> 6
D48: =+INDEX($U$6:$U$18,M48) & INDEX($AL$6:$AL$13,L48) -> IIDPH | E48: =INDEX($X$6:$X$17,M48) & " " & INDEX($AM$6:$AM$13,L48) -> Mining Demand Process heat | F48: PJ | L48: =+L41 -> 1 | M48: =1+M43 -> 7 | N48: =VLOOKUP(M48, $T$6:$Y$17, 6, FALSE) -> 07 Mining and quarrying
D49: =+INDEX($U$6:$U$18,M49) & INDEX($AL$6:$AL$13,L49) -> IIDCO | E49: =INDEX($X$6:$X$17,M49) & " " & INDEX($AM$6:$AM$13,L49) -> Mining Demand Cooling | F49: PJ | L49: =+L48+1 -> 2 | M49: =+M48 -> 7
D50: =+INDEX($U$6:$U$18,M50) & INDEX($AL$6:$AL$13,L50) -> IIDSH | E50: =INDEX($X$6:$X$17,M50) & " " & INDEX($AM$6:$AM$13,L50) -> Mining Demand Spatial Heat | F50: PJ | L50: =+L49+1 -> 3 | M50: =+M49 -> 7
D51: =+INDEX($U$6:$U$18,M51) & INDEX($AL$6:$AL$13,L51) -> IIDLA | E51: =INDEX($X$6:$X$17,M51) & " " & INDEX($AM$6:$AM$13,L51) -> Mining Demand Light | F51: PJ | L51: =+L50+1 -> 4 | M51: =+M50 -> 7
D52: =+INDEX($U$6:$U$18,M52) & INDEX($AL$6:$AL$13,L52) -> IIDEM | E52: =INDEX($X$6:$X$17,M52) & " " & INDEX($AM$6:$AM$13,L52) -> Mining Demand Electric Motors | F52: PJ | L52: =+L51+1 -> 5 | M52: =+M51 -> 7
D53: =+INDEX($U$6:$U$18,M53) & INDEX($AL$6:$AL$13,L53) -> IIDTF | E53: =INDEX($X$6:$X$17,M53) & " " & INDEX($AM$6:$AM$13,L53) -> Mining Demand Haulage Tractors, Trucks, Fishing boats, Forest machines | F53: PJ | L53: =+L52+1 -> 6 | M53: =+M52 -> 7
D54: =+INDEX($U$6:$U$18,M54) & INDEX($AL$6:$AL$13,L54) -> IIDFL | E54: =INDEX($X$6:$X$17,M54) & " " & INDEX($AM$6:$AM$13,L54) -> Mining Demand Haulage Forklifts | F54: PJ | L54: =+L53+1 -> 7 | M54: =+M53 -> 7
D55: =+INDEX($U$6:$U$18,M55) & INDEX($AL$6:$AL$13,L55) -> IFDPH | E55: =INDEX($X$6:$X$17,M55) & " " & INDEX($AM$6:$AM$13,L55) -> Food industry Demand Process heat | F55: PJ | L55: =+L48 -> 1 | M55: =1+M50 -> 8 | N55: =VLOOKUP(M55, $T$6:$Y$17, 6, FALSE) -> 08 Food and tobacco
D56: =+INDEX($U$6:$U$18,M56) & INDEX($AL$6:$AL$13,L56) -> IFDCO | E56: =INDEX($X$6:$X$17,M56) & " " & INDEX($AM$6:$AM$13,L56) -> Food industry Demand Cooling | F56: PJ | L56: =+L55+1 -> 2 | M56: =+M55 -> 8
D57: =+INDEX($U$6:$U$18,M57) & INDEX($AL$6:$AL$13,L57) -> IFDSH | E57: =INDEX($X$6:$X$17,M57) & " " & INDEX($AM$6:$AM$13,L57) -> Food industry Demand Spatial Heat | F57: PJ | L57: =+L56+1 -> 3 | M57: =+M56 -> 8
D58: =+INDEX($U$6:$U$18,M58) & INDEX($AL$6:$AL$13,L58) -> IFDLA | E58: =INDEX($X$6:$X$17,M58) & " " & INDEX($AM$6:$AM$13,L58) -> Food industry Demand Light | F58: PJ | L58: =+L57+1 -> 4 | M58: =+M57 -> 8
D59: =+INDEX($U$6:$U$18,M59) & INDEX($AL$6:$AL$13,L59) -> IFDEM | E59: =INDEX($X$6:$X$17,M59) & " " & INDEX($AM$6:$AM$13,L59) -> Food industry Demand Electric Motors | F59: PJ | L59: =+L58+1 -> 5 | M59: =+M58 -> 8
D60: =+INDEX($U$6:$U$18,M60) & INDEX($AL$6:$AL$13,L60) -> IFDTF | E60: =INDEX($X$6:$X$17,M60) & " " & INDEX($AM$6:$AM$13,L60) -> Food industry Demand Haulage Tractors, Trucks, Fishing boats, Forest machines | F60: PJ | L60: =+L59+1 -> 6 | M60: =+M59 -> 8
D61: =+INDEX($U$6:$U$18,M61) & INDEX($AL$6:$AL$13,L61) -> IFDFL | E61: =INDEX($X$6:$X$17,M61) & " " & INDEX($AM$6:$AM$13,L61) -> Food industry Demand Haulage Forklifts | F61: PJ | L61: =+L60+1 -> 7 | M61: =+M60 -> 8
D62: =+INDEX($U$6:$U$18,M62) & INDEX($AL$6:$AL$13,L62) -> IRDPH | E62: =INDEX($X$6:$X$17,M62) & " " & INDEX($AM$6:$AM$13,L62) -> Paper & Pulp industry Demand Process heat | F62: PJ | L62: =+L55 -> 1 | M62: =1+M57 -> 9 | N62: =VLOOKUP(M62, $T$6:$Y$18, 6, FALSE) -> 09 Paper, pulp and printing
D63: =+INDEX($U$6:$U$18,M63) & INDEX($AL$6:$AL$13,L63) -> IRDCO | E63: =INDEX($X$6:$X$17,M63) & " " & INDEX($AM$6:$AM$13,L63) -> Paper & Pulp industry Demand Cooling | F63: PJ | L63: =+L62+1 -> 2 | M63: =+M62 -> 9
D64: =+INDEX($U$6:$U$18,M64) & INDEX($AL$6:$AL$13,L64) -> IRDSH | E64: =INDEX($X$6:$X$17,M64) & " " & INDEX($AM$6:$AM$13,L64) -> Paper & Pulp industry Demand Spatial Heat | F64: PJ | L64: =+L63+1 -> 3 | M64: =+M63 -> 9
D65: =+INDEX($U$6:$U$18,M65) & INDEX($AL$6:$AL$13,L65) -> IRDLA | E65: =INDEX($X$6:$X$17,M65) & " " & INDEX($AM$6:$AM$13,L65) -> Paper & Pulp industry Demand Light | F65: PJ | L65: =+L64+1 -> 4 | M65: =+M64 -> 9
D66: =+INDEX($U$6:$U$18,M66) & INDEX($AL$6:$AL$13,L66) -> IRDEM | E66: =INDEX($X$6:$X$17,M66) & " " & INDEX($AM$6:$AM$13,L66) -> Paper & Pulp industry Demand Electric Motors | F66: PJ | L66: =+L65+1 -> 5 | M66: =+M65 -> 9
D67: =+INDEX($U$6:$U$18,M67) & INDEX($AL$6:$AL$13,L67) -> IRDTF | E67: =INDEX($X$6:$X$17,M67) & " " & INDEX($AM$6:$AM$13,L67) -> Paper & Pulp industry Demand Haulage Tractors, Trucks, Fishing boats, Forest machines | F67: PJ | L67: =+L66+1 -> 6 | M67: =+M66 -> 9
D68: =+INDEX($U$6:$U$18,M68) & INDEX($AL$6:$AL$13,L68) -> IRDFL | E68: =INDEX($X$6:$X$17,M68) & " " & INDEX($AM$6:$AM$13,L68) -> Paper & Pulp industry Demand Haulage Forklifts | F68: PJ | L68: =+L67+1 -> 7 | M68: =+M67 -> 9
D69: =+INDEX($U$6:$U$18,M69) & INDEX($AL$6:$AL$13,L69) -> IWDPH | E69: =INDEX($X$6:$X$17,M69) & " " & INDEX($AM$6:$AM$13,L69) -> Wood products industry Demand Process heat | F69: PJ | L69: =+L62 -> 1 | M69: =1+M64 -> 10 | N69: =VLOOKUP(M69, $T$6:$Y$18, 6, FALSE) -> 010 Wood and wood products
D70: =+INDEX($U$6:$U$18,M70) & INDEX($AL$6:$AL$13,L70) -> IWDCO | E70: =INDEX($X$6:$X$17,M70) & " " & INDEX($AM$6:$AM$13,L70) -> Wood products industry Demand Cooling | F70: PJ | L70: =+L69+1 -> 2 | M70: =+M69 -> 10
D71: =+INDEX($U$6:$U$18,M71) & INDEX($AL$6:$AL$13,L71) -> IWDSH | E71: =INDEX($X$6:$X$17,M71) & " " & INDEX($AM$6:$AM$13,L71) -> Wood products industry Demand Spatial Heat | F71: PJ | L71: =+L70+1 -> 3 | M71: =+M70 -> 10
D72: =+INDEX($U$6:$U$18,M72) & INDEX($AL$6:$AL$13,L72) -> IWDLA | E72: =INDEX($X$6:$X$17,M72) & " " & INDEX($AM$6:$AM$13,L72) -> Wood products industry Demand Light | F72: PJ | L72: =+L71+1 -> 4 | M72: =+M71 -> 10
D73: =+INDEX($U$6:$U$18,M73) & INDEX($AL$6:$AL$13,L73) -> IWDEM | E73: =INDEX($X$6:$X$17,M73) & " " & INDEX($AM$6:$AM$13,L73) -> Wood products industry Demand Electric Motors | F73: PJ | L73: =+L72+1 -> 5 | M73: =+M72 -> 10
D74: =+INDEX($U$6:$U$18,M74) & INDEX($AL$6:$AL$13,L74) -> IWDTF | E74: =INDEX($X$6:$X$17,M74) & " " & INDEX($AM$6:$AM$13,L74) -> Wood products industry Demand Haulage Tractors, Trucks, Fishing boats, Forest machines | F74: PJ | L74: =+L73+1 -> 6 | M74: =+M73 -> 10
D75: =+INDEX($U$6:$U$18,M75) & INDEX($AL$6:$AL$13,L75) -> IWDFL | E75: =INDEX($X$6:$X$17,M75) & " " & INDEX($AM$6:$AM$13,L75) -> Wood products industry Demand Haulage Forklifts | F75: PJ | L75: =+L74+1 -> 7 | M75: =+M74 -> 10
D76: =+INDEX($U$6:$U$18,M76) & INDEX($AL$6:$AL$13,L76) -> ILDPH | E76: =INDEX($X$6:$X$17,M76) & " " & INDEX($AM$6:$AM$13,L76) -> Textile & Leather Demand Process heat | F76: PJ | L76: =+L69 -> 1 | M76: =1+M71 -> 11 | N76: =VLOOKUP(M76, $T$6:$Y$18, 6, FALSE) -> 011 Textile and leather
D77: =+INDEX($U$6:$U$18,M77) & INDEX($AL$6:$AL$13,L77) -> ILDCO | E77: =INDEX($X$6:$X$17,M77) & " " & INDEX($AM$6:$AM$13,L77) -> Textile & Leather Demand Cooling | F77: PJ | L77: =+L76+1 -> 2 | M77: =+M76 -> 11
D78: =+INDEX($U$6:$U$18,M78) & INDEX($AL$6:$AL$13,L78) -> ILDSH | E78: =INDEX($X$6:$X$17,M78) & " " & INDEX($AM$6:$AM$13,L78) -> Textile & Leather Demand Spatial Heat | F78: PJ | L78: =+L77+1 -> 3 | M78: =+M77 -> 11
D79: =+INDEX($U$6:$U$18,M79) & INDEX($AL$6:$AL$13,L79) -> ILDLA | E79: =INDEX($X$6:$X$17,M79) & " " & INDEX($AM$6:$AM$13,L79) -> Textile & Leather Demand Light | F79: PJ | L79: =+L78+1 -> 4 | M79: =+M78 -> 11
D80: =+INDEX($U$6:$U$18,M80) & INDEX($AL$6:$AL$13,L80) -> ILDEM | E80: =INDEX($X$6:$X$17,M80) & " " & INDEX($AM$6:$AM$13,L80) -> Textile & Leather Demand Electric Motors | F80: PJ | L80: =+L79+1 -> 5 | M80: =+M79 -> 11
D81: =+INDEX($U$6:$U$18,M81) & INDEX($AL$6:$AL$13,L81) -> ILDTF | E81: =INDEX($X$6:$X$17,M81) & " " & INDEX($AM$6:$AM$13,L81) -> Textile & Leather Demand Haulage Tractors, Trucks, Fishing boats, Forest machines | F81: PJ | L81: =+L80+1 -> 6 | M81: =+M80 -> 11
D82: =+INDEX($U$6:$U$18,M82) & INDEX($AL$6:$AL$13,L82) -> ILDFL | E82: =INDEX($X$6:$X$17,M82) & " " & INDEX($AM$6:$AM$13,L82) -> Textile & Leather Demand Haulage Forklifts | F82: PJ | L82: =+L81+1 -> 7 | M82: =+M81 -> 11
D83: =+INDEX($U$6:$U$18,M83) & INDEX($AL$6:$AL$13,L83) -> INDPH | E83: =INDEX($X$6:$X$17,M83) & " " & INDEX($AM$6:$AM$13,L83) -> Construction Demand Process heat | F83: PJ | L83: =+L76 -> 1 | M83: =1+M78 -> 12 | N83: =VLOOKUP(M83, $T$6:$Y$18, 6, FALSE) -> 012 Construction
D84: =+INDEX($U$6:$U$18,M84) & INDEX($AL$6:$AL$13,L84) -> INDCO | E84: =INDEX($X$6:$X$17,M84) & " " & INDEX($AM$6:$AM$13,L84) -> Construction Demand Cooling | F84: PJ | L84: =+L83+1 -> 2 | M84: =+M83 -> 12
D85: =+INDEX($U$6:$U$18,M85) & INDEX($AL$6:$AL$13,L85) -> INDSH | E85: =INDEX($X$6:$X$17,M85) & " " & INDEX($AM$6:$AM$13,L85) -> Construction Demand Spatial Heat | F85: PJ | L85: =+L84+1 -> 3 | M85: =+M84 -> 12
D86: =+INDEX($U$6:$U$18,M86) & INDEX($AL$6:$AL$13,L86) -> INDLA | E86: =INDEX($X$6:$X$17,M86) & " " & INDEX($AM$6:$AM$13,L86) -> Construction Demand Light | F86: PJ | L86: =+L85+1 -> 4 | M86: =+M85 -> 12
D87: =+INDEX($U$6:$U$18,M87) & INDEX($AL$6:$AL$13,L87) -> INDEM | E87: =INDEX($X$6:$X$17,M87) & " " & INDEX($AM$6:$AM$13,L87) -> Construction Demand Electric Motors | F87: PJ | L87: =+L86+1 -> 5 | M87: =+M86 -> 12
D88: =+INDEX($U$6:$U$18,M88) & INDEX($AL$6:$AL$13,L88) -> INDTF | E88: =INDEX($X$6:$X$17,M88) & " " & INDEX($AM$6:$AM$13,L88) -> Construction Demand Haulage Tractors, Trucks, Fishing boats, Forest machines | F88: PJ | L88: =+L87+1 -> 6 | M88: =+M87 -> 12
D89: =+INDEX($U$6:$U$18,M89) & INDEX($AL$6:$AL$13,L89) -> INDFL | E89: =INDEX($X$6:$X$17,M89) & " " & INDEX($AM$6:$AM$13,L89) -> Construction Demand Haulage Forklifts | F89: PJ | L89: =+L88+1 -> 7 | M89: =+M88 -> 12
D90: =+INDEX($U$6:$U$18,M90) & INDEX($AL$6:$AL$13,L90) -> IODPH | E90: =INDEX($X$6:$X$191,M90) & " " & INDEX($AM$6:$AM$13,L90) -> Other comm Demand Process heat | F90: PJ | L90: =+L83 -> 1 | M90: =1+M85 -> 13 | N90: =VLOOKUP(M90, $T$6:$Y$18, 6, FALSE) -> 013 Non-specified
D91: =+INDEX($U$6:$U$18,M91) & INDEX($AL$6:$AL$13,L91) -> IODCO | E91: =INDEX($X$6:$X$18,M91) & " " & INDEX($AM$6:$AM$13,L91) -> Other comm Demand Cooling | F91: PJ | L91: =+L90+1 -> 2 | M91: =+M90 -> 13
D92: =+INDEX($U$6:$U$18,M92) & INDEX($AL$6:$AL$13,L92) -> IODSH | E92: =INDEX($X$6:$X$18,M92) & " " & INDEX($AM$6:$AM$13,L92) -> Other comm Demand Spatial Heat | F92: PJ | L92: =+L91+1 -> 3 | M92: =+M91 -> 13
D93: =+INDEX($U$6:$U$18,M93) & INDEX($AL$6:$AL$13,L93) -> IODLA | E93: =INDEX($X$6:$X$18,M93) & " " & INDEX($AM$6:$AM$13,L93) -> Other comm Demand Light | F93: PJ | L93: =+L92+1 -> 4 | M93: =+M92 -> 13
D94: =+INDEX($U$6:$U$18,M94) & INDEX($AL$6:$AL$13,L94) -> IODEM | E94: =INDEX($X$6:$X$18,M94) & " " & INDEX($AM$6:$AM$13,L94) -> Other comm Demand Electric Motors | F94: PJ | L94: =+L93+1 -> 5 | M94: =+M93 -> 13
D95: =+INDEX($U$6:$U$18,M95) & INDEX($AL$6:$AL$13,L95) -> IODTF | E95: =INDEX($X$6:$X$18,M95) & " " & INDEX($AM$6:$AM$13,L95) -> Other comm Demand Haulage Tractors, Trucks, Fishing boats, Forest machines | F95: PJ | L95: =+L94+1 -> 6 | M95: =+M94 -> 13
D96: =+INDEX($U$6:$U$18,M96) & INDEX($AL$6:$AL$13,L96) -> IODFL | E96: =INDEX($X$6:$X$18,M96) & " " & INDEX($AM$6:$AM$13,L96) -> Other comm Demand Haulage Forklifts | F96: PJ | L96: =+L95+1 -> 7 | M96: =+M95 -> 13
B97: NRG,NGR-IND | D97: INDNGA | E97: Nat. Gas IND | F97: PJ
D98: INDCOA | E98: Coal IND | F98: PJ
D99: INDDSL | E99: Diesel IND | F99: PJ
D100: INDWPE | E100: Wood Pellets IND | F100: PJ
D101: INDWCH | E101: Wood chips and wood waste IND | F101: PJ
D102: INDBGA | E102: Biogas IND | F102: PJ
...

Sheet Demand
B2: =IronSteel!V76 -> 2010 | C2: Demand | I2: Information for function INDIRECT():
B3: DEMAND | D3: Block size: | E3: 7
I4: This colour: Input
B5: ~FI_T
B6: CommName | C6: *Description | D6: *Unit | E6: DEMAND~AZ1 | F6: DEMAND~AZ2 | G6: DEMAND~AZ3 | I6: Sheet | J6: AZ1 Col | K6: AZ2 Col | L6: AZ3 Col | M6: Row 1 | N6: Row 2 | P6: Check
B7: =+Commodities!D6 -> ISDPH | C7: =+Commodities!E6 -> Iron & Steel Demand Process heat | D7: =+Commodities!F6 -> PJ | E7: =+SUM(INDIRECT("'" & $I7 & "'!" & J7 & $M7 & IF(ISBLANK($N7),"",":" & J7 & $N7))) -> 236.92288 | F7: =+SUM(INDIRECT("'" & $I7 & "'!" & K7 & $M7 & IF(ISBLANK($N7),"",":" & K7 & $N7))) -> 0 | G7: =+SUM(INDIRECT("'" & $I7 & "'!" & L7 & $M7 & IF(ISBLANK($N7),"",":" & L7 & $N7))) -> 0 | I7: =Commodities!AE6 -> IronSteel | J7: =SUBSTITUTE(ADDRESS(1,COLUMN(IronSteel!AQ1),4),"1","") -> AQ | K7: =SUBSTITUTE(ADDRESS(1,COLUMN(IronSteel!AR1),4),"1","") -> AR | L7: =SUBSTITUTE(ADDRESS(1,COLUMN(IronSteel!AS1),4),"1","") -> AS | M7: 26 | N7: 37 | P7: =+SUM(INDIRECT("'" & I7 & "'!" & "AQ26:AR62")) - SUM(E7:F13) -> 0
B8: =+Commodities!D7 -> ISDCO | C8: =+Commodities!E7 -> Iron & Steel Demand Cooling | D8: =+Commodities!F7 -> PJ | E8: =+SUM(INDIRECT("'" & $I8 & "'!" & J8 & $M8 & IF(ISBLANK($N8),"",":" & J8 & $N8))) -> 8.8988858 | F8: =+SUM(INDIRECT("'" & $I8 & "'!" & K8 & $M8 & IF(ISBLANK($N8),"",":" & K8 & $N8))) -> 0 | G8: =+SUM(INDIRECT("'" & $I8 & "'!" & L8 & $M8 & IF(ISBLANK($N8),"",":" & L8 & $N8))) -> 0 | I8: =+I7 -> IronSteel | J8: =+J7 -> AQ | K8: =+K7 -> AR | L8: =+L7 -> AS | M8: 38 | N8: 46
B9: =+Commodities!D8 -> ISDSH | C9: =+Commodities!E8 -> Iron & Steel Demand Spatial Heat | D9: =+Commodities!F8 -> PJ | E9: =+SUM(INDIRECT("'" & $I9 & "'!" & J9 & $M9 & IF(ISBLANK($N9),"",":" & J9 & $N9))) -> 4.4828062 | F9: =+SUM(INDIRECT("'" & $I9 & "'!" & K9 & $M9 & IF(ISBLANK($N9),"",":" & K9 & $N9))) -> 0 | G9: =+SUM(INDIRECT("'" & $I9 & "'!" & L9 & $M9 & IF(ISBLANK($N9),"",":" & L9 & $N9))) -> 0 | I9: =+I8 -> IronSteel | J9: =+J8 -> AQ | K9: =+K8 -> AR | L9: =+L8 -> AS | M9: 47 | N9: 58
B10: =+Commodities!D9 -> ISDLA | C10: =+Commodities!E9 -> Iron & Steel Demand Light | D10: =+Commodities!F9 -> PJ | E10: =+SUM(INDIRECT("'" & $I10 & "'!" & J10 & $M10 & IF(ISBLANK($N10),"",":" & J10 & $N10))) -> 21.457665 | F10: =+SUM(INDIRECT("'" & $I10 & "'!" & K10 & $M10 & IF(ISBLANK($N10),"",":" & K10 & $N10))) -> 0 | G10: =+SUM(INDIRECT("'" & $I10 & "'!" & L10 & $M10 & IF(ISBLANK($N10),"",":" & L10 & $N10))) -> 0 | I10: =+I9 -> IronSteel | J10: =+J9 -> AQ | K10: =+K9 -> AR | L10: =+L9 -> AS | M10: 59
B11: =+Commodities!D10 -> ISDEM | C11: =+Commodities!E10 -> Iron & Steel Demand Electric Motors | D11: =+Commodities!F10 -> PJ | E11: =+SUM(INDIRECT("'" & $I11 & "'!" & J11 & $M11 & IF(ISBLANK($N11),"",":" & J11 & $N11))) -> 47.792068 | F11: =+SUM(INDIRECT("'" & $I11 & "'!" & K11 & $M11 & IF(ISBLANK($N11),"",":" & K11 & $N11))) -> 0 | G11: =+SUM(INDIRECT("'" & $I11 & "'!" & L11 & $M11 & IF(ISBLANK($N11),"",":" & L11 & $N11))) -> 0 | I11: =+I10 -> IronSteel | J11: =+J10 -> AQ | K11: =+K10 -> AR | L11: =+L10 -> AS | M11: 60
B12: =+Commodities!D11 -> ISDTF | C12: =+Commodities!E11 -> Iron & Steel Demand Haulage Tractors, Trucks, Fishing boats, Forest machines | D12: =+Commodities!F11 -> PJ | E12: =+SUM(INDIRECT("'" & $I12 & "'!" & J12 & $M12 & IF(ISBLANK($N12),"",":" & J12 & $N12))) -> 0.96514022 | F12: =+SUM(INDIRECT("'" & $I12 & "'!" & K12 & $M12 & IF(ISBLANK($N12),"",":" & K12 & $N12))) -> 0 | G12: =+SUM(INDIRECT("'" & $I12 & "'!" & L12 & $M12 & IF(ISBLANK($N12),"",":" & L12 & $N12))) -> 0 | I12: =+I11 -> IronSteel | J12: =+J11 -> AQ | K12: =+K11 -> AR | L12: =+L11 -> AS | M12: 61
B13: =+Commodities!D12 -> ISDFL | C13: =+Commodities!E12 -> Iron & Steel Demand Haulage Forklifts | D13: =+Commodities!F12 -> PJ | E13: =+SUM(INDIRECT("'" & $I13 & "'!" & J13 & $M13 & IF(ISBLANK($N13),"",":" & J13 & $N13))) -> 0.91112576 | F13: =+SUM(INDIRECT("'" & $I13 & "'!" & K13 & $M13 & IF(ISBLANK($N13),"",":" & K13 & $N13))) -> 0 | G13: =+SUM(INDIRECT("'" & $I13 & "'!" & L13 & $M13 & IF(ISBLANK($N13),"",":" & L13 & $N13))) -> 0 | I13: =+I12 -> IronSteel | J13: =+J12 -> AQ | K13: =+K12 -> AR | L13: =+L12 -> AS | M13: 62
B14: =+Commodities!D13 -> ICDPH | C14: =+Commodities!E13 -> Chemical industry Demand Process heat | D14: =+Commodities!F13 -> PJ | E14: =+SUM(INDIRECT("'" & $I14 & "'!" & J14 & $M14 & IF(ISBLANK($N14),"",":" & J14 & $N14))) -> 288.04192 | F14: =+SUM(INDIRECT("'" & $I14 & "'!" & K14 & $M14 & IF(ISBLANK($N14),"",":" & K14 & $N14))) -> 0 | G14: =+SUM(INDIRECT("'" & $I14 & "'!" & L14 & $M14 & IF(ISBLANK($N14),"",":" & L14 & $N14))) -> 0 | I14: =Commodities!AE7 -> Chemical | J14: =+J7 -> AQ | K14: =+K7 -> AR | L14: =+L7 -> AS | M14: =+M7 -> 26 | N14: =+N7 -> 37 | P14: =+SUM(INDIRECT("'" & I14 & "'!" & "AQ26:AR62")) - SUM(E14:F20) -> 0
B15: =+Commodities!D14 -> ICDCO | C15: =+Commodities!E14 -> Chemical industry Demand Cooling | D15: =+Commodities!F14 -> PJ | E15: =+SUM(INDIRECT("'" & $I15 & "'!" & J15 & $M15 & IF(ISBLANK($N15),"",":" & J15 & $N15))) -> 18.909496 | F15: =+SUM(INDIRECT("'" & $I15 & "'!" & K15 & $M15 & IF(ISBLANK($N15),"",":" & K15 & $N15))) -> 0 | G15: =+SUM(INDIRECT("'" & $I15 & "'!" & L15 & $M15 & IF(ISBLANK($N15),"",":" & L15 & $N15))) -> 0 | I15: =+I14 -> Chemical | J15: =+J8 -> AQ | K15: =+K8 -> AR | L15: =+L8 -> AS | M15: =+M8 -> 38 | N15: =+N8 -> 46
B16: =+Commodities!D15 -> ICDSH | C16: =+Commodities!E15 -> Chemical industry Demand Spatial Heat | D16: =+Commodities!F15 -> PJ | E16: =+SUM(INDIRECT("'" & $I16 & "'!" & J16 & $M16 & IF(ISBLANK($N16),"",":" & J16 & $N16))) -> 97.974438 | F16: =+SUM(INDIRECT("'" & $I16 & "'!" & K16 & $M16 & IF(ISBLANK($N16),"",":" & K16 & $N16))) -> 0 | G16: =+SUM(INDIRECT("'" & $I16 & "'!" & L16 & $M16 & IF(ISBLANK($N16),"",":" & L16 & $N16))) -> 0 | I16: =+I15 -> Chemical | J16: =+J9 -> AQ | K16: =+K9 -> AR | L16: =+L9 -> AS | M16: =+M9 -> 47 | N16: =+N9 -> 58
B17: =+Commodities!D16 -> ICDLA | C17: =+Commodities!E16 -> Chemical industry Demand Light | D17: =+Commodities!F16 -> PJ | E17: =+SUM(INDIRECT("'" & $I17 & "'!" & J17 & $M17 & IF(ISBLANK($N17),"",":" & J17 & $N17))) -> 13.188926 | F17: =+SUM(INDIRECT("'" & $I17 & "'!" & K17 & $M17 & IF(ISBLANK($N17),"",":" & K17 & $N17))) -> 0 | G17: =+SUM(INDIRECT("'" & $I17 & "'!" & L17 & $M17 & IF(ISBLANK($N17),"",":" & L17 & $N17))) -> 0 | I17: =+I16 -> Chemical | J17: =+J10 -> AQ | K17: =+K10 -> AR | L17: =+L10 -> AS | M17: =+M10 -> 59
B18: =+Commodities!D17 -> ICDEM | C18: =+Commodities!E17 -> Chemical industry Demand Electric Motors | D18: =+Commodities!F17 -> PJ | E18: =+SUM(INDIRECT("'" & $I18 & "'!" & J18 & $M18 & IF(ISBLANK($N18),"",":" & J18 & $N18))) -> 152.6147 | F18: =+SUM(INDIRECT("'" & $I18 & "'!" & K18 & $M18 & IF(ISBLANK($N18),"",":" & K18 & $N18))) -> 0 | G18: =+SUM(INDIRECT("'" & $I18 & "'!" & L18 & $M18 & IF(ISBLANK($N18),"",":" & L18 & $N18))) -> 0 | I18: =+I17 -> Chemical | J18: =+J11 -> AQ | K18: =+K11 -> AR | L18: =+L11 -> AS | M18: =+M11 -> 60
B19: =+Commodities!D18 -> ICDTF | C19: =+Commodities!E18 -> Chemical industry Demand Haulage Tractors, Trucks, Fishing boats, Forest machines | D19: =+Commodities!F18 -> PJ | E19: =+SUM(INDIRECT("'" & $I19 & "'!" & J19 & $M19 & IF(ISBLANK($N19),"",":" & J19 & $N19))) -> 2.9168698 | F19: =+SUM(INDIRECT("'" & $I19 & "'!" & K19 & $M19 & IF(ISBLANK($N19),"",":" & K19 & $N19))) -> 0 | G19: =+SUM(INDIRECT("'" & $I19 & "'!" & L19 & $M19 & IF(ISBLANK($N19),"",":" & L19 & $N19))) -> 0 | I19: =+I18 -> Chemical | J19: =+J12 -> AQ | K19: =+K12 -> AR | L19: =+L12 -> AS | M19: =+M12 -> 61
B20: =+Commodities!D19 -> ICDFL | C20: =+Commodities!E19 -> Chemical industry Demand Haulage Forklifts | D20: =+Commodities!F19 -> PJ | E20: =+SUM(INDIRECT("'" & $I20 & "'!" & J20 & $M20 & IF(ISBLANK($N20),"",":" & J20 & $N20))) -> 0 | F20: =+SUM(INDIRECT("'" & $I20 & "'!" & K20 & $M20 & IF(ISBLANK($N20),"",":" & K20 & $N20))) -> 0 | G20: =+SUM(INDIRECT("'" & $I20 & "'!" & L20 & $M20 & IF(ISBLANK($N20),"",":" & L20 & $N20))) -> 0 | I20: =+I19 -> Chemical | J20: =+J13 -> AQ | K20: =+K13 -> AR | L20: =+L13 -> AS | M20: =+M13 -> 62
B21: =+Commodities!D20 -> IADPH | C21: =+Commodities!E20 -> Aluminium industry Demand Process heat | D21: =+Commodities!F20 -> PJ | E21: =+SUM(INDIRECT("'" & $I21 & "'!" & J21 & $M21 & IF(ISBLANK($N21),"",":" & J21 & $N21))) -> 61.166781 | F21: =+SUM(INDIRECT("'" & $I21 & "'!" & K21 & $M21 & IF(ISBLANK($N21),"",":" & K21 & $N21))) -> 0 | G21: =+SUM(INDIRECT("'" & $I21 & "'!" & L21 & $M21 & IF(ISBLANK($N21),"",":" & L21 & $N21))) -> 0 | I21: =Commodities!AE8 -> Aluminium | J21: =+J14 -> AQ | K21: =+K14 -> AR | L21: =+L14 -> AS | M21: =+M14 -> 26 | N21: =+N14 -> 37 | P21: =+SUM(INDIRECT("'" & I21 & "'!" & "AQ26:AR62")) - SUM(E21:F27) -> 0
B22: =+Commodities!D21 -> IADCO | C22: =+Commodities!E21 -> Aluminium industry Demand Cooling | D22: =+Commodities!F21 -> PJ | E22: =+SUM(INDIRECT("'" & $I22 & "'!" & J22 & $M22 & IF(ISBLANK($N22),"",":" & J22 & $N22))) -> 0 | F22: =+SUM(INDIRECT("'" & $I22 & "'!" & K22 & $M22 & IF(ISBLANK($N22),"",":" & K22 & $N22))) -> 0 | G22: =+SUM(INDIRECT("'" & $I22 & "'!" & L22 & $M22 & IF(ISBLANK($N22),"",":" & L22 & $N22))) -> 0 | I22: =+I21 -> Aluminium | J22: =+J15 -> AQ | K22: =+K15 -> AR | L22: =+L15 -> AS | M22: =+M15 -> 38 | N22: =+N15 -> 46
B23: =+Commodities!D22 -> IADSH | C23: =+Commodities!E22 -> Aluminium industry Demand Spatial Heat | D23: =+Commodities!F22 -> PJ | E23: =+SUM(INDIRECT("'" & $I23 & "'!" & J23 & $M23 & IF(ISBLANK($N23),"",":" & J23 & $N23))) -> 3.1681708 | F23: =+SUM(INDIRECT("'" & $I23 & "'!" & K23 & $M23 & IF(ISBLANK($N23),"",":" & K23 & $N23))) -> 0 | G23: =+SUM(INDIRECT("'" & $I23 & "'!" & L23 & $M23 & IF(ISBLANK($N23),"",":" & L23 & $N23))) -> 0 | I23: =+I22 -> Aluminium | J23: =+J16 -> AQ | K23: =+K16 -> AR | L23: =+L16 -> AS | M23: =+M16 -> 47 | N23: =+N16 -> 58
B24: =+Commodities!D23 -> IADLA | C24: =+Commodities!E23 -> Aluminium industry Demand Light | D24: =+Commodities!F23 -> PJ | E24: =+SUM(INDIRECT("'" & $I24 & "'!" & J24 & $M24 & IF(ISBLANK($N24),"",":" & J24 & $N24))) -> 3.1929334 | F24: =+SUM(INDIRECT("'" & $I24 & "'!" & K24 & $M24 & IF(ISBLANK($N24),"",":" & K24 & $N24))) -> 0 | G24: =+SUM(INDIRECT("'" & $I24 & "'!" & L24 & $M24 & IF(ISBLANK($N24),"",":" & L24 & $N24))) -> 0 | I24: =+I23 -> Aluminium | J24: =+J17 -> AQ | K24: =+K17 -> AR | L24: =+L17 -> AS | M24: =+M17 -> 59
B25: =+Commodities!D24 -> IADEM | C25: =+Commodities!E24 -> Aluminium industry Demand Electric Motors | D25: =+Commodities!F24 -> PJ | E25: =+SUM(INDIRECT("'" & $I25 & "'!" & J25 & $M25 & IF(ISBLANK($N25),"",":" & J25 & $N25))) -> 15.719042 | F25: =+SUM(INDIRECT("'" & $I25 & "'!" & K25 & $M25 & IF(ISBLANK($N25),"",":" & K25 & $N25))) -> 0 | G25: =+SUM(INDIRECT("'" & $I25 & "'!" & L25 & $M25 & IF(ISBLANK($N25),"",":" & L25 & $N25))) -> 0 | I25: =+I24 -> Aluminium | J25: =+J18 -> AQ | K25: =+K18 -> AR | L25: =+L18 -> AS | M25: =+M18 -> 60
B26: =+Commodities!D25 -> IADTF | C26: =+Commodities!E25 -> Aluminium industry Demand Haulage Tractors, Trucks, Fishing boats, Forest machines | D26: =+Commodities!F25 -> PJ | E26: =+SUM(INDIRECT("'" & $I26 & "'!" & J26 & $M26 & IF(ISBLANK($N26),"",":" & J26 & $N26))) -> 1.3726509 | F26: =+SUM(INDIRECT("'" & $I26 & "'!" & K26 & $M26 & IF(ISBLANK($N26),"",":" & K26 & $N26))) -> 0 | G26: =+SUM(INDIRECT("'" & $I26 & "'!" & L26 & $M26 & IF(ISBLANK($N26),"",":" & L26 & $N26))) -> 0 | I26: =+I25 -> Aluminium | J26: =+J19 -> AQ | K26: =+K19 -> AR | L26: =+L19 -> AS | M26: =+M19 -> 61
B27: =+Commodities!D26 -> IADFL | C27: =+Commodities!E26 -> Aluminium industry Demand Haulage Forklifts | D27: =+Commodities!F26 -> PJ | E27: =+SUM(INDIRECT("'" & $I27 & "'!" & J27 & $M27 & IF(ISBLANK($N27),"",":" & J27 & $N27))) -> 0.18412802 | F27: =+SUM(INDIRECT("'" & $I27 & "'!" & K27 & $M27 & IF(ISBLANK($N27),"",":" & K27 & $N27))) -> 0 | G27: =+SUM(INDIRECT("'" & $I27 & "'!" & L27 & $M27 & IF(ISBLANK($N27),"",":" & L27 & $N27))) -> 0 | I27: =+I26 -> Aluminium | J27: =+J20 -> AQ | K27: =+K20 -> AR | L27: =+L20 -> AS | M27: =+M20 -> 62
B28: =+Commodities!D27 -> IGDPH | C28: =+Commodities!E27 -> Glass & Concrete industry Demand Process heat | D28: =+Commodities!F27 -> PJ | E28: =+SUM(INDIRECT("'" & $I28 & "'!" & J28 & $M28 & IF(ISBLANK($N28),"",":" & J28 & $N28))) -> 198.09458 | F28: =+SUM(INDIRECT("'" & $I28 & "'!" & K28 & $M28 & IF(ISBLANK($N28),"",":" & K28 & $N28))) -> 0 | G28: =+SUM(INDIRECT("'" & $I28 & "'!" & L28 & $M28 & IF(ISBLANK($N28),"",":" & L28 & $N28))) -> 0 | I28: =Commodities!AE9 -> GlassConcrete | J28: =+J21 -> AQ | K28: =+K21 -> AR | L28: =+L21 -> AS | M28: =+M21 -> 26 | N28: =+N21 -> 37 | P28: =+SUM(INDIRECT("'" & I28 & "'!" & "AQ26:AR62")) - SUM(E28:F34) -> 0
B29: =+Commodities!D28 -> IGDCO | C29: =+Commodities!E28 -> Glass & Concrete industry Demand Cooling | D29: =+Commodities!F28 -> PJ | E29: =+SUM(INDIRECT("'" & $I29 & "'!" & J29 & $M29 & IF(ISBLANK($N29),"",":" & J29 & $N29))) -> 0 | F29: =+SUM(INDIRECT("'" & $I29 & "'!" & K29 & $M29 & IF(ISBLANK($N29),"",":" & K29 & $N29))) -> 0 | G29: =+SUM(INDIRECT("'" & $I29 & "'!" & L29 & $M29 & IF(ISBLANK($N29),"",":" & L29 & $N29))) -> 0 | I29: =+I28 -> GlassConcrete | J29: =+J22 -> AQ | K29: =+K22 -> AR | L29: =+L22 -> AS | M29: =+M22 -> 38 | N29: =+N22 -> 46
B30: =+Commodities!D29 -> IGDSH | C30: =+Commodities!E29 -> Glass & Concrete industry Demand Spatial Heat | D30: =+Commodities!F29 -> PJ | E30: =+SUM(INDIRECT("'" & $I30 & "'!" & J30 & $M30 & IF(ISBLANK($N30),"",":" & J30 & $N30))) -> 0.72469791 | F30: =+SUM(INDIRECT("'" & $I30 & "'!" & K30 & $M30 & IF(ISBLANK($N30),"",":" & K30 & $N30))) -> 0 | G30: =+SUM(INDIRECT("'" & $I30 & "'!" & L30 & $M30 & IF(ISBLANK($N30),"",":" & L30 & $N30))) -> 0 | I30: =+I29 -> GlassConcrete | J30: =+J23 -> AQ | K30: =+K23 -> AR | L30: =+L23 -> AS | M30: =+M23 -> 47 | N30: =+N23 -> 58
B31: =+Commodities!D30 -> IGDLA | C31: =+Commodities!E30 -> Glass & Concrete industry Demand Light | D31: =+Commodities!F30 -> PJ | E31: =+SUM(INDIRECT("'" & $I31 & "'!" & J31 & $M31 & IF(ISBLANK($N31),"",":" & J31 & $N31))) -> 4.4042497 | F31: =+SUM(INDIRECT("'" & $I31 & "'!" & K31 & $M31 & IF(ISBLANK($N31),"",":" & K31 & $N31))) -> 0 | G31: =+SUM(INDIRECT("'" & $I31 & "'!" & L31 & $M31 & IF(ISBLANK($N31),"",":" & L31 & $N31))) -> 0 | I31: =+I30 -> GlassConcrete | J31: =+J24 -> AQ | K31: =+K24 -> AR | L31: =+L24 -> AS | M31: =+M24 -> 59
B32: =+Commodities!D31 -> IGDEM | C32: =+Commodities!E31 -> Glass & Concrete industry Demand Electric Motors | D32: =+Commodities!F31 -> PJ | E32: =+SUM(INDIRECT("'" & $I32 & "'!" & J32 & $M32 & IF(ISBLANK($N32),"",":" & J32 & $N32))) -> 39.638169 | F32: =+SUM(INDIRECT("'" & $I32 & "'!" & K32 & $M32 & IF(ISBLANK($N32),"",":" & K32 & $N32))) -> 0 | G32: =+SUM(INDIRECT("'" & $I32 & "'!" & L32 & $M32 & IF(ISBLANK($N32),"",":" & L32 & $N32))) -> 0 | I32: =+I31 -> GlassConcrete | J32: =+J25 -> AQ | K32: =+K25 -> AR | L32: =+L25 -> AS | M32: =+M25 -> 60
B33: =+Commodities!D32 -> IGDTF | C33: =+Commodities!E32 -> Glass & Concrete industry Demand Haulage Tractors, Trucks, Fishing boats, Forest machines | D33: =+Commodities!F32 -> PJ | E33: =+SUM(INDIRECT("'" & $I33 & "'!" & J33 & $M33 & IF(ISBLANK($N33),"",":" & J33 & $N33))) -> 12.396657 | F33: =+SUM(INDIRECT("'" & $I33 & "'!" & K33 & $M33 & IF(ISBLANK($N33),"",":" & K33 & $N33))) -> 0 | G33: =+SUM(INDIRECT("'" & $I33 & "'!" & L33 & $M33 & IF(ISBLANK($N33),"",":" & L33 & $N33))) -> 0 | I33: =+I32 -> GlassConcrete | J33: =+J26 -> AQ | K33: =+K26 -> AR | L33: =+L26 -> AS | M33: =+M26 -> 61
B34: =+Commodities!D33 -> IGDFL | C34: =+Commodities!E33 -> Glass & Concrete industry Demand Haulage Forklifts | D34: =+Commodities!F33 -> PJ | E34: =+SUM(INDIRECT("'" & $I34 & "'!" & J34 & $M34 & IF(ISBLANK($N34),"",":" & J34 & $N34))) -> 0.62142617 | F34: =+SUM(INDIRECT("'" & $I34 & "'!" & K34 & $M34 & IF(ISBLANK($N34),"",":" & K34 & $N34))) -> 0 | G34: =+SUM(INDIRECT("'" & $I34 & "'!" & L34 & $M34 & IF(ISBLANK($N34),"",":" & L34 & $N34))) -> 0 | I34: =+I33 -> GlassConcrete | J34: =+J27 -> AQ | K34: =+K27 -> AR | L34: =+L27 -> AS | M34: =+M27 -> 62
B35: =+Commodities!D34 -> ITDPH | C35: =+Commodities!E34 -> Transport industry Demand Process heat | D35: =+Commodities!F34 -> PJ | E35: =+SUM(INDIRECT("'" & $I35 & "'!" & J35 & $M35 & IF(ISBLANK($N35),"",":" & J35 & $N35))) -> 40.250648 | F35: =+SUM(INDIRECT("'" & $I35 & "'!" & K35 & $M35 & IF(ISBLANK($N35),"",":" & K35 & $N35))) -> 0 | G35: =+SUM(INDIRECT("'" & $I35 & "'!" & L35 & $M35 & IF(ISBLANK($N35),"",":" & L35 & $N35))) -> 0 | I35: =Commodities!AE10 -> Transport | J35: =+J28 -> AQ | K35: =+K28 -> AR | L35: =+L28 -> AS | M35: =+M28 -> 26 | N35: =+N28 -> 37 | P35: =+SUM(INDIRECT("'" & I35 & "'!" & "AQ26:AR62")) - SUM(E35:F41) -> 0
B36: =+Commodities!D35 -> ITDCO | C36: =+Commodities!E35 -> Transport industry Demand Cooling | D36: =+Commodities!F35 -> PJ | E36: =+SUM(INDIRECT("'" & $I36 & "'!" & J36 & $M36 & IF(ISBLANK($N36),"",":" & J36 & $N36))) -> 5.859017 | F36: =+SUM(INDIRECT("'" & $I36 & "'!" & K36 & $M36 & IF(ISBLANK($N36),"",":" & K36 & $N36))) -> 0 | G36: =+SUM(INDIRECT("'" & $I36 & "'!" & L36 & $M36 & IF(ISBLANK($N36),"",":" & L36 & $N36))) -> 0 | I36: =+I35 -> Transport | J36: =+J29 -> AQ | K36: =+K29 -> AR | L36: =+L29 -> AS | M36: =+M29 -> 38 | N36: =+N29 -> 46
B37: =+Commodities!D36 -> ITDSH | C37: =+Commodities!E36 -> Transport industry Demand Spatial Heat | D37: =+Commodities!F36 -> PJ | E37: =+SUM(INDIRECT("'" & $I37 & "'!" & J37 & $M37 & IF(ISBLANK($N37),"",":" & J37 & $N37))) -> 4.6815523 | F37: =+SUM(INDIRECT("'" & $I37 & "'!" & K37 & $M37 & IF(ISBLANK($N37),"",":" & K37 & $N37))) -> 0 | G37: =+SUM(INDIRECT("'" & $I37 & "'!" & L37 & $M37 & IF(ISBLANK($N37),"",":" & L37 & $N37))) -> 0 | I37: =+I36 -> Transport | J37: =+J30 -> AQ | K37: =+K30 -> AR | L37: =+L30 -> AS | M37: =+M30 -> 47 | N37: =+N30 -> 58
B38: =+Commodities!D37 -> ITDLA | C38: =+Commodities!E37 -> Transport industry Demand Light | D38: =+Commodities!F37 -> PJ | E38: =+SUM(INDIRECT("'" & $I38 & "'!" & J38 & $M38 & IF(ISBLANK($N38),"",":" & J38 & $N38))) -> 6.4216873 | F38: =+SUM(INDIRECT("'" & $I38 & "'!" & K38 & $M38 & IF(ISBLANK($N38),"",":" & K38 & $N38))) -> 0 | G38: =+SUM(INDIRECT("'" & $I38 & "'!" & L38 & $M38 & IF(ISBLANK($N38),"",":" & L38 & $N38))) -> 0 | I38: =+I37 -> Transport | J38: =+J31 -> AQ | K38: =+K31 -> AR | L38: =+L31 -> AS | M38: =+M31 -> 59
B39: =+Commodities!D38 -> ITDEM | C39: =+Commodities!E38 -> Transport industry Demand Electric Motors | D39: =+Commodities!F38 -> PJ | E39: =+SUM(INDIRECT("'" & $I39 & "'!" & J39 & $M39 & IF(ISBLANK($N39),"",":" & J39 & $N39))) -> 31.466233 | F39: =+SUM(INDIRECT("'" & $I39 & "'!" & K39 & $M39 & IF(ISBLANK($N39),"",":" & K39 & $N39))) -> 0 | G39: =+SUM(INDIRECT("'" & $I39 & "'!" & L39 & $M39 & IF(ISBLANK($N39),"",":" & L39 & $N39))) -> 0 | I39: =+I38 -> Transport | J39: =+J32 -> AQ | K39: =+K32 -> AR | L39: =+L32 -> AS | M39: =+M32 -> 60
B40: =+Commodities!D39 -> ITDTF | C40: =+Commodities!E39 -> Transport industry Demand Haulage Tractors, Trucks, Fishing boats, Forest machines | D40: =+Commodities!F39 -> PJ | E40: =+SUM(INDIRECT("'" & $I40 & "'!" & J40 & $M40 & IF(ISBLANK($N40),"",":" & J40 & $N40))) -> 3.7747741 | F40: =+SUM(INDIRECT("'" & $I40 & "'!" & K40 & $M40 & IF(ISBLANK($N40),"",":" & K40 & $N40))) -> 0 | G40: =+SUM(INDIRECT("'" & $I40 & "'!" & L40 & $M40 & IF(ISBLANK($N40),"",":" & L40 & $N40))) -> 0 | I40: =+I39 -> Transport | J40: =+J33 -> AQ | K40: =+K33 -> AR | L40: =+L33 -> AS | M40: =+M33 -> 61
B41: =+Commodities!D40 -> ITDFL | C41: =+Commodities!E40 -> Transport industry Demand Haulage Forklifts | D41: =+Commodities!F40 -> PJ | E41: =+SUM(INDIRECT("'" & $I41 & "'!" & J41 & $M41 & IF(ISBLANK($N41),"",":" & J41 & $N41))) -> 0.17262888 | F41: =+SUM(INDIRECT("'" & $I41 & "'!" & K41 & $M41 & IF(ISBLANK($N41),"",":" & K41 & $N41))) -> 0 | G41: =+SUM(INDIRECT("'" & $I41 & "'!" & L41 & $M41 & IF(ISBLANK($N41),"",":" & L41 & $N41))) -> 0 | I41: =+I40 -> Transport | J41: =+J34 -> AQ | K41: =+K34 -> AR | L41: =+L34 -> AS | M41: =+M34 -> 62
B42: =+Commodities!D41 -> IMDPH | C42: =+Commodities!E41 -> Machinery industry Demand Process heat | D42: =+Commodities!F41 -> PJ | E42: =+SUM(INDIRECT("'" & $I42 & "'!" & J42 & $M42 & IF(ISBLANK($N42),"",":" & J42 & $N42))) -> 69.015071 | F42: =+SUM(INDIRECT("'" & $I42 & "'!" & K42 & $M42 & IF(ISBLANK($N42),"",":" & K42 & $N42))) -> 0 | G42: =+SUM(INDIRECT("'" & $I42 & "'!" & L42 & $M42 & IF(ISBLANK($N42),"",":" & L42 & $N42))) -> 0 | I42: =Commodities!AE11 -> Machinery | J42: =+J35 -> AQ | K42: =+K35 -> AR | L42: =+L35 -> AS | M42: =+M35 -> 26 | N42: =+N35 -> 37 | P42: =+SUM(INDIRECT("'" & I42 & "'!" & "AQ26:AR62")) - SUM(E42:F48) -> 0
B43: =+Commodities!D42 -> IMDCO | C43: =+Commodities!E42 -> Machinery industry Demand Cooling | D43: =+Commodities!F42 -> PJ | E43: =+SUM(INDIRECT("'" & $I43 & "'!" & J43 & $M43 & IF(ISBLANK($N43),"",":" & J43 & $N43))) -> 0 | F43: =+SUM(INDIRECT("'" & $I43 & "'!" & K43 & $M43 & IF(ISBLANK($N43),"",":" & K43 & $N43))) -> 0 | G43: =+SUM(INDIRECT("'" & $I43 & "'!" & L43 & $M43 & IF(ISBLANK($N43),"",":" & L43 & $N43))) -> 0 | I43: =+I42 -> Machinery | J43: =+J36 -> AQ | K43: =+K36 -> AR | L43: =+L36 -> AS | M43: =+M36 -> 38 | N43: =+N36 -> 46
B44: =+Commodities!D43 -> IMDSH | C44: =+Commodities!E43 -> Machinery industry Demand Spatial Heat | D44: =+Commodities!F43 -> PJ | E44: =+SUM(INDIRECT("'" & $I44 & "'!" & J44 & $M44 & IF(ISBLANK($N44),"",":" & J44 & $N44))) -> 24.602837 | F44: =+SUM(INDIRECT("'" & $I44 & "'!" & K44 & $M44 & IF(ISBLANK($N44),"",":" & K44 & $N44))) -> 0 | G44: =+SUM(INDIRECT("'" & $I44 & "'!" & L44 & $M44 & IF(ISBLANK($N44),"",":" & L44 & $N44))) -> 0 | I44: =+I43 -> Machinery | J44: =+J37 -> AQ | K44: =+K37 -> AR | L44: =+L37 -> AS | M44: =+M37 -> 47 | N44: =+N37 -> 58
B45: =+Commodities!D44 -> IMDLA | C45: =+Commodities!E44 -> Machinery industry Demand Light | D45: =+Commodities!F44 -> PJ | E45: =+SUM(INDIRECT("'" & $I45 & "'!" & J45 & $M45 & IF(ISBLANK($N45),"",":" & J45 & $N45))) -> 17.771402 | F45: =+SUM(INDIRECT("'" & $I45 & "'!" & K45 & $M45 & IF(ISBLANK($N45),"",":" & K45 & $N45))) -> 0 | G45: =+SUM(INDIRECT("'" & $I45 & "'!" & L45 & $M45 & IF(ISBLANK($N45),"",":" & L45 & $N45))) -> 0 | I45: =+I44 -> Machinery | J45: =+J38 -> AQ | K45: =+K38 -> AR | L45: =+L38 -> AS | M45: =+M38 -> 59
B46: =+Commodities!D45 -> IMDEM | C46: =+Commodities!E45 -> Machinery industry Demand Electric Motors | D46: =+Commodities!F45 -> PJ | E46: =+SUM(INDIRECT("'" & $I46 & "'!" & J46 & $M46 & IF(ISBLANK($N46),"",":" & J46 & $N46))) -> 95.96556 | F46: =+SUM(INDIRECT("'" & $I46 & "'!" & K46 & $M46 & IF(ISBLANK($N46),"",":" & K46 & $N46))) -> 0 | G46: =+SUM(INDIRECT("'" & $I46 & "'!" & L46 & $M46 & IF(ISBLANK($N46),"",":" & L46 & $N46))) -> 0 | I46: =+I45 -> Machinery | J46: =+J39 -> AQ | K46: =+K39 -> AR | L46: =+L39 -> AS | M46: =+M39 -> 60
B47: =+Commodities!D46 -> IMDTF | C47: =+Commodities!E46 -> Machinery industry Demand Haulage Tractors, Trucks, Fishing boats, Forest machines | D47: =+Commodities!F46 -> PJ | E47: =+SUM(INDIRECT("'" & $I47 & "'!" & J47 & $M47 & IF(ISBLANK($N47),"",":" & J47 & $N47))) -> 20.718286 | F47: =+SUM(INDIRECT("'" & $I47 & "'!" & K47 & $M47 & IF(ISBLANK($N47),"",":" & K47 & $N47))) -> 0 | G47: =+SUM(INDIRECT("'" & $I47 & "'!" & L47 & $M47 & IF(ISBLANK($N47),"",":" & L47 & $N47))) -> 0 | I47: =+I46 -> Machinery | J47: =+J40 -> AQ | K47: =+K40 -> AR | L47: =+L40 -> AS | M47: =+M40 -> 61
B48: =+Commodities!D47 -> IMDFL | C48: =+Commodities!E47 -> Machinery industry Demand Haulage Forklifts | D48: =+Commodities!F47 -> PJ | E48: =+SUM(INDIRECT("'" & $I48 & "'!" & J48 & $M48 & IF(ISBLANK($N48),"",":" & J48 & $N48))) -> 1.8369484 | F48: =+SUM(INDIRECT("'" & $I48 & "'!" & K48 & $M48 & IF(ISBLANK($N48),"",":" & K48 & $N48))) -> 0 | G48: =+SUM(INDIRECT("'" & $I48 & "'!" & L48 & $M48 & IF(ISBLANK($N48),"",":" & L48 & $N48))) -> 0 | I48: =+I47 -> Machinery | J48: =+J41 -> AQ | K48: =+K41 -> AR | L48: =+L41 -> AS | M48: =+M41 -> 62
B49: =+Commodities!D48 -> IIDPH | C49: =+Commodities!E48 -> Mining Demand Process heat | D49: =+Commodities!F48 -> PJ | E49: =+SUM(INDIRECT("'" & $I49 & "'!" & J49 & $M49 & IF(ISBLANK($N49),"",":" & J49 & $N49))) -> 8.8161865 | F49: =+SUM(INDIRECT("'" & $I49 & "'!" & K49 & $M49 & IF(ISBLANK($N49),"",":" & K49 & $N49))) -> 0 | G49: =+SUM(INDIRECT("'" & $I49 & "'!" & L49 & $M49 & IF(ISBLANK($N49),"",":" & L49 & $N49))) -> 0 | I49: =Commodities!AE12 -> Mining | J49: =+J42 -> AQ | K49: =+K42 -> AR | L49: =+L42 -> AS | M49: =+M42 -> 26 | N49: =+N42 -> 37 | P49: =+SUM(INDIRECT("'" & I49 & "'!" & "AQ26:AR62")) - SUM(E49:F55) -> 0
B50: =+Commodities!D49 -> IIDCO | C50: =+Commodities!E49 -> Mining Demand Cooling | D50: =+Commodities!F49 -> PJ | E50: =+SUM(INDIRECT("'" & $I50 & "'!" & J50 & $M50 & IF(ISBLANK($N50),"",":" & J50 & $N50))) -> 0 | F50: =+SUM(INDIRECT("'" & $I50 & "'!" & K50 & $M50 & IF(ISBLANK($N50),"",":" & K50 & $N50))) -> 0 | G50: =+SUM(INDIRECT("'" & $I50 & "'!" & L50 & $M50 & IF(ISBLANK($N50),"",":" & L50 & $N50))) -> 0 | I50: =+I49 -> Mining | J50: =+J43 -> AQ | K50: =+K43 -> AR | L50: =+L43 -> AS | M50: =+M43 -> 38 | N50: =+N43 -> 46
B51: =+Commodities!D50 -> IIDSH | C51: =+Commodities!E50 -> Mining Demand Spatial Heat | D51: =+Commodities!F50 -> PJ | E51: =+SUM(INDIRECT("'" & $I51 & "'!" & J51 & $M51 & IF(ISBLANK($N51),"",":" & J51 & $N51))) -> 0.078635221 | F51: =+SUM(INDIRECT("'" & $I51 & "'!" & K51 & $M51 & IF(ISBLANK($N51),"",":" & K51 & $N51))) -> 0 | G51: =+SUM(INDIRECT("'" & $I51 & "'!" & L51 & $M51 & IF(ISBLANK($N51),"",":" & L51 & $N51))) -> 0 | I51: =+I50 -> Mining | J51: =+J44 -> AQ | K51: =+K44 -> AR | L51: =+L44 -> AS | M51: =+M44 -> 47 | N51: =+N44 -> 58
B52: =+Commodities!D51 -> IIDLA | C52: =+Commodities!E51 -> Mining Demand Light | D52: =+Commodities!F51 -> PJ | E52: =+SUM(INDIRECT("'" & $I52 & "'!" & J52 & $M52 & IF(ISBLANK($N52),"",":" & J52 & $N52))) -> 0.77688511 | F52: =+SUM(INDIRECT("'" & $I52 & "'!" & K52 & $M52 & IF(ISBLANK($N52),"",":" & K52 & $N52))) -> 0 | G52: =+SUM(INDIRECT("'" & $I52 & "'!" & L52 & $M52 & IF(ISBLANK($N52),"",":" & L52 & $N52))) -> 0 | I52: =+I51 -> Mining | J52: =+J45 -> AQ | K52: =+K45 -> AR | L52: =+L45 -> AS | M52: =+M45 -> 59
B53: =+Commodities!D52 -> IIDEM | C53: =+Commodities!E52 -> Mining Demand Electric Motors | D53: =+Commodities!F52 -> PJ | E53: =+SUM(INDIRECT("'" & $I53 & "'!" & J53 & $M53 & IF(ISBLANK($N53),"",":" & J53 & $N53))) -> 6.9919345 | F53: =+SUM(INDIRECT("'" & $I53 & "'!" & K53 & $M53 & IF(ISBLANK($N53),"",":" & K53 & $N53))) -> 0 | G53: =+SUM(INDIRECT("'" & $I53 & "'!" & L53 & $M53 & IF(ISBLANK($N53),"",":" & L53 & $N53))) -> 0 | I53: =+I52 -> Mining | J53: =+J46 -> AQ | K53: =+K46 -> AR | L53: =+L46 -> AS | M53: =+M46 -> 60
B54: =+Commodities!D53 -> IIDTF | C54: =+Commodities!E53 -> Mining Demand Haulage Tractors, Trucks, Fishing boats, Forest machines | D54: =+Commodities!F53 -> PJ | E54: =+SUM(INDIRECT("'" & $I54 & "'!" & J54 & $M54 & IF(ISBLANK($N54),"",":" & J54 & $N54))) -> 1.0723815 | F54: =+SUM(INDIRECT("'" & $I54 & "'!" & K54 & $M54 & IF(ISBLANK($N54),"",":" & K54 & $N54))) -> 0 | G54: =+SUM(INDIRECT("'" & $I54 & "'!" & L54 & $M54 & IF(ISBLANK($N54),"",":" & L54 & $N54))) -> 0 | I54: =+I53 -> Mining | J54: =+J47 -> AQ | K54: =+K47 -> AR | L54: =+L47 -> AS | M54: =+M47 -> 61
B55: =+Commodities!D54 -> IIDFL | C55: =+Commodities!E54 -> Mining Demand Haulage Forklifts | D55: =+Commodities!F54 -> PJ | E55: =+SUM(INDIRECT("'" & $I55 & "'!" & J55 & $M55 & IF(ISBLANK($N55),"",":" & J55 & $N55))) -> 0 | F55: =+SUM(INDIRECT("'" & $I55 & "'!" & K55 & $M55 & IF(ISBLANK($N55),"",":" & K55 & $N55))) -> 0 | G55: =+SUM(INDIRECT("'" & $I55 & "'!" & L55 & $M55 & IF(ISBLANK($N55),"",":" & L55 & $N55))) -> 0 | I55: =+I54 -> Mining | J55: =+J48 -> AQ | K55: =+K48 -> AR | L55: =+L48 -> AS | M55: =+M48 -> 62
B56: =+Commodities!D55 -> IFDPH | C56: =+Commodities!E55 -> Food industry Demand Process heat | D56: =+Commodities!F55 -> PJ | E56: =+SUM(INDIRECT("'" & $I56 & "'!" & J56 & $M56 & IF(ISBLANK($N56),"",":" & J56 & $N56))) -> 105.52313 | F56: =+SUM(INDIRECT("'" & $I56 & "'!" & K56 & $M56 & IF(ISBLANK($N56),"",":" & K56 & $N56))) -> 0 | G56: =+SUM(INDIRECT("'" & $I56 & "'!" & L56 & $M56 & IF(ISBLANK($N56),"",":" & L56 & $N56))) -> 0 | I56: =Commodities!AE13 -> Food | J56: =+J49 -> AQ | K56: =+K49 -> AR | L56: =+L49 -> AS | M56: =+M49 -> 26 | N56: =+N49 -> 37 | P56: =+SUM(INDIRECT("'" & I56 & "'!" & "AQ26:AR62")) - SUM(E56:F62) -> 0
B57: =+Commodities!D56 -> IFDCO | C57: =+Commodities!E56 -> Food industry Demand Cooling | D57: =+Commodities!F56 -> PJ | E57: =+SUM(INDIRECT("'" & $I57 & "'!" & J57 & $M57 & IF(ISBLANK($N57),"",":" & J57 & $N57))) -> 11.51242 | F57: =+SUM(INDIRECT("'" & $I57 & "'!" & K57 & $M57 & IF(ISBLANK($N57),"",":" & K57 & $N57))) -> 0 | G57: =+SUM(INDIRECT("'" & $I57 & "'!" & L57 & $M57 & IF(ISBLANK($N57),"",":" & L57 & $N57))) -> 0 | I57: =+I56 -> Food | J57: =+J50 -> AQ | K57: =+K50 -> AR | L57: =+L50 -> AS | M57: =+M50 -> 38 | N57: =+N50 -> 46
B58: =+Commodities!D57 -> IFDSH | C58: =+Commodities!E57 -> Food industry Demand Spatial Heat | D58: =+Commodities!F57 -> PJ | E58: =+SUM(INDIRECT("'" & $I58 & "'!" & J58 & $M58 & IF(ISBLANK($N58),"",":" & J58 & $N58))) -> 17.295338 | F58: =+SUM(INDIRECT("'" & $I58 & "'!" & K58 & $M58 & IF(ISBLANK($N58),"",":" & K58 & $N58))) -> 0 | G58: =+SUM(INDIRECT("'" & $I58 & "'!" & L58 & $M58 & IF(ISBLANK($N58),"",":" & L58 & $N58))) -> 0 | I58: =+I57 -> Food | J58: =+J51 -> AQ | K58: =+K51 -> AR | L58: =+L51 -> AS | M58: =+M51 -> 47 | N58: =+N51 -> 58
B59: =+Commodities!D58 -> IFDLA | C59: =+Commodities!E58 -> Food industry Demand Light | D59: =+Commodities!F58 -> PJ | E59: =+SUM(INDIRECT("'" & $I59 & "'!" & J59 & $M59 & IF(ISBLANK($N59),"",":" & J59 & $N59))) -> 5.0472092 | F59: =+SUM(INDIRECT("'" & $I59 & "'!" & K59 & $M59 & IF(ISBLANK($N59),"",":" & K59 & $N59))) -> 0 | G59: =+SUM(INDIRECT("'" & $I59 & "'!" & L59 & $M59 & IF(ISBLANK($N59),"",":" & L59 & $N59))) -> 0 | I59: =+I58 -> Food | J59: =+J52 -> AQ | K59: =+K52 -> AR | L59: =+L52 -> AS | M59: =+M52 -> 59
B60: =+Commodities!D59 -> IFDEM | C60: =+Commodities!E59 -> Food industry Demand Electric Motors | D60: =+Commodities!F59 -> PJ | E60: =+SUM(INDIRECT("'" & $I60 & "'!" & J60 & $M60 & IF(ISBLANK($N60),"",":" & J60 & $N60))) -> 44.163002 | F60: =+SUM(INDIRECT("'" & $I60 & "'!" & K60 & $M60 & IF(ISBLANK($N60),"",":" & K60 & $N60))) -> 0 | G60: =+SUM(INDIRECT("'" & $I60 & "'!" & L60 & $M60 & IF(ISBLANK($N60),"",":" & L60 & $N60))) -> 0 | I60: =+I59 -> Food | J60: =+J53 -> AQ | K60: =+K53 -> AR | L60: =+L53 -> AS | M60: =+M53 -> 60
B61: =+Commodities!D60 -> IFDTF | C61: =+Commodities!E60 -> Food industry Demand Haulage Tractors, Trucks, Fishing boats, Forest machines | D61: =+Commodities!F60 -> PJ | E61: =+SUM(INDIRECT("'" & $I61 & "'!" & J61 & $M61 & IF(ISBLANK($N61),"",":" & J61 & $N61))) -> 12.997195 | F61: =+SUM(INDIRECT("'" & $I61 & "'!" & K61 & $M61 & IF(ISBLANK($N61),"",":" & K61 & $N61))) -> 0 | G61: =+SUM(INDIRECT("'" & $I61 & "'!" & L61 & $M61 & IF(ISBLANK($N61),"",":" & L61 & $N61))) -> 0 | I61: =+I60 -> Food | J61: =+J54 -> AQ | K61: =+K54 -> AR | L61: =+L54 -> AS | M61: =+M54 -> 61
B62: =+Commodities!D61 -> IFDFL | C62: =+Commodities!E61 -> Food industry Demand Haulage Forklifts | D62: =+Commodities!F61 -> PJ | E62: =+SUM(INDIRECT("'" & $I62 & "'!" & J62 & $M62 & IF(ISBLANK($N62),"",":" & J62 & $N62))) -> 0.89761033 | F62: =+SUM(INDIRECT("'" & $I62 & "'!" & K62 & $M62 & IF(ISBLANK($N62),"",":" & K62 & $N62))) -> 0 | G62: =+SUM(INDIRECT("'" & $I62 & "'!" & L62 & $M62 & IF(ISBLANK($N62),"",":" & L62 & $N62))) -> 0 | I62: =+I61 -> Food | J62: =+J55 -> AQ | K62: =+K55 -> AR | L62: =+L55 -> AS | M62: =+M55 -> 62
B63: =+Commodities!D62 -> IRDPH | C63: =+Commodities!E62 -> Paper & Pulp industry Demand Process heat | D63: =+Commodities!F62 -> PJ | E63: =+SUM(INDIRECT("'" & $I63 & "'!" & J63 & $M63 & IF(ISBLANK($N63),"",":" & J63 & $N63))) -> 144.18834 | F63: =+SUM(INDIRECT("'" & $I63 & "'!" & K63 & $M63 & IF(ISBLANK($N63),"",":" & K63 & $N63))) -> 0 | G63: =+SUM(INDIRECT("'" & $I63 & "'!" & L63 & $M63 & IF(ISBLANK($N63),"",":" & L63 & $N63))) -> 0 | I63: =Commodities!AE14 -> PulpPaper | J63: =+J56 -> AQ | K63: =+K56 -> AR | L63: =+L56 -> AS | M63: =+M56 -> 26 | N63: =+N56 -> 37 | P63: =+SUM(INDIRECT("'" & I63 & "'!" & "AQ26:AR62")) - SUM(E63:F69) -> 0
B64: =+Commodities!D63 -> IRDCO | C64: =+Commodities!E63 -> Paper & Pulp industry Demand Cooling | D64: =+Commodities!F63 -> PJ | E64: =+SUM(INDIRECT("'" & $I64 & "'!" & J64 & $M64 & IF(ISBLANK($N64),"",":" & J64 & $N64))) -> 0 | F64: =+SUM(INDIRECT("'" & $I64 & "'!" & K64 & $M64 & IF(ISBLANK($N64),"",":" & K64 & $N64))) -> 0 | G64: =+SUM(INDIRECT("'" & $I64 & "'!" & L64 & $M64 & IF(ISBLANK($N64),"",":" & L64 & $N64))) -> 0 | I64: =+I63 -> PulpPaper | J64: =+J57 -> AQ | K64: =+K57 -> AR | L64: =+L57 -> AS | M64: =+M57 -> 38 | N64: =+N57 -> 46
B65: =+Commodities!D64 -> IRDSH | C65: =+Commodities!E64 -> Paper & Pulp industry Demand Spatial Heat | D65: =+Commodities!F64 -> PJ | E65: =+SUM(INDIRECT("'" & $I65 & "'!" & J65 & $M65 & IF(ISBLANK($N65),"",":" & J65 & $N65))) -> 17.296047 | F65: =+SUM(INDIRECT("'" & $I65 & "'!" & K65 & $M65 & IF(ISBLANK($N65),"",":" & K65 & $N65))) -> 0 | G65: =+SUM(INDIRECT("'" & $I65 & "'!" & L65 & $M65 & IF(ISBLANK($N65),"",":" & L65 & $N65))) -> 0 | I65: =+I64 -> PulpPaper | J65: =+J58 -> AQ | K65: =+K58 -> AR | L65: =+L58 -> AS | M65: =+M58 -> 47 | N65: =+N58 -> 58
B66: =+Commodities!D65 -> IRDLA | C66: =+Commodities!E65 -> Paper & Pulp industry Demand Light | D66: =+Commodities!F65 -> PJ | E66: =+SUM(INDIRECT("'" & $I66 & "'!" & J66 & $M66 & IF(ISBLANK($N66),"",":" & J66 & $N66))) -> 8.7469239 | F66: =+SUM(INDIRECT("'" & $I66 & "'!" & K66 & $M66 & IF(ISBLANK($N66),"",":" & K66 & $N66))) -> 0 | G66: =+SUM(INDIRECT("'" & $I66 & "'!" & L66 & $M66 & IF(ISBLANK($N66),"",":" & L66 & $N66))) -> 0 | I66: =+I65 -> PulpPaper | J66: =+J59 -> AQ | K66: =+K59 -> AR | L66: =+L59 -> AS | M66: =+M59 -> 59
B67: =+Commodities!D66 -> IRDEM | C67: =+Commodities!E66 -> Paper & Pulp industry Demand Electric Motors | D67: =+Commodities!F66 -> PJ | E67: =+SUM(INDIRECT("'" & $I67 & "'!" & J67 & $M67 & IF(ISBLANK($N67),"",":" & J67 & $N67))) -> 78.722283 | F67: =+SUM(INDIRECT("'" & $I67 & "'!" & K67 & $M67 & IF(ISBLANK($N67),"",":" & K67 & $N67))) -> 0 | G67: =+SUM(INDIRECT("'" & $I67 & "'!" & L67 & $M67 & IF(ISBLANK($N67),"",":" & L67 & $N67))) -> 0 | I67: =+I66 -> PulpPaper | J67: =+J60 -> AQ | K67: =+K60 -> AR | L67: =+L60 -> AS | M67: =+M60 -> 60
B68: =+Commodities!D67 -> IRDTF | C68: =+Commodities!E67 -> Paper & Pulp industry Demand Haulage Tractors, Trucks, Fishing boats, Forest machines | D68: =+Commodities!F67 -> PJ | E68: =+SUM(INDIRECT("'" & $I68 & "'!" & J68 & $M68 & IF(ISBLANK($N68),"",":" & J68 & $N68))) -> 2.9168752 | F68: =+SUM(INDIRECT("'" & $I68 & "'!" & K68 & $M68 & IF(ISBLANK($N68),"",":" & K68 & $N68))) -> 0 | G68: =+SUM(INDIRECT("'" & $I68 & "'!" & L68 & $M68 & IF(ISBLANK($N68),"",":" & L68 & $N68))) -> 0 | I68: =+I67 -> PulpPaper | J68: =+J61 -> AQ | K68: =+K61 -> AR | L68: =+L61 -> AS | M68: =+M61 -> 61
B69: =+Commodities!D68 -> IRDFL | C69: =+Commodities!E68 -> Paper & Pulp industry Demand Haulage Forklifts | D69: =+Commodities!F68 -> PJ | E69: =+SUM(INDIRECT("'" & $I69 & "'!" & J69 & $M69 & IF(ISBLANK($N69),"",":" & J69 & $N69))) -> 0.27619991 | F69: =+SUM(INDIRECT("'" & $I69 & "'!" & K69 & $M69 & IF(ISBLANK($N69),"",":" & K69 & $N69))) -> 0 | G69: =+SUM(INDIRECT("'" & $I69 & "'!" & L69 & $M69 & IF(ISBLANK($N69),"",":" & L69 & $N69))) -> 0 | I69: =+I68 -> PulpPaper | J69: =+J62 -> AQ | K69: =+K62 -> AR | L69: =+L62 -> AS | M69: =+M62 -> 62
B70: =+Commodities!D69 -> IWDPH | C70: =+Commodities!E69 -> Wood products industry Demand Process heat | D70: =+Commodities!F69 -> PJ | E70: =+SUM(INDIRECT("'" & $I70 & "'!" & J70 & $M70 & IF(ISBLANK($N70),"",":" & J70 & $N70))) -> 45.383234 | F70: =+SUM(INDIRECT("'" & $I70 & "'!" & K70 & $M70 & IF(ISBLANK($N70),"",":" & K70 & $N70))) -> 0 | G70: =+SUM(INDIRECT("'" & $I70 & "'!" & L70 & $M70 & IF(ISBLANK($N70),"",":" & L70 & $N70))) -> 0 | I70: =Commodities!AE15 -> Wood | J70: =+J63 -> AQ | K70: =+K63 -> AR | L70: =+L63 -> AS | M70: =+M63 -> 26 | N70: =+N63 -> 37 | P70: =+SUM(INDIRECT("'" & I70 & "'!" & "AQ26:AR62")) - SUM(E70:F76) -> 0
B71: =+Commodities!D70 -> IWDCO | C71: =+Commodities!E70 -> Wood products industry Demand Cooling | D71: =+Commodities!F70 -> PJ | E71: =+SUM(INDIRECT("'" & $I71 & "'!" & J71 & $M71 & IF(ISBLANK($N71),"",":" & J71 & $N71))) -> 0 | F71: =+SUM(INDIRECT("'" & $I71 & "'!" & K71 & $M71 & IF(ISBLANK($N71),"",":" & K71 & $N71))) -> 0 | G71: =+SUM(INDIRECT("'" & $I71 & "'!" & L71 & $M71 & IF(ISBLANK($N71),"",":" & L71 & $N71))) -> 0 | I71: =+I70 -> Wood | J71: =+J64 -> AQ | K71: =+K64 -> AR | L71: =+L64 -> AS | M71: =+M64 -> 38 | N71: =+N64 -> 46
B72: =+Commodities!D71 -> IWDSH | C72: =+Commodities!E71 -> Wood products industry Demand Spatial Heat | D72: =+Commodities!F71 -> PJ | E72: =+SUM(INDIRECT("'" & $I72 & "'!" & J72 & $M72 & IF(ISBLANK($N72),"",":" & J72 & $N72))) -> 4.0686323 | F72: =+SUM(INDIRECT("'" & $I72 & "'!" & K72 & $M72 & IF(ISBLANK($N72),"",":" & K72 & $N72))) -> 0 | G72: =+SUM(INDIRECT("'" & $I72 & "'!" & L72 & $M72 & IF(ISBLANK($N72),"",":" & L72 & $N72))) -> 0 | I72: =+I71 -> Wood | J72: =+J65 -> AQ | K72: =+K65 -> AR | L72: =+L65 -> AS | M72: =+M65 -> 47 | N72: =+N65 -> 58
B73: =+Commodities!D72 -> IWDLA | C73: =+Commodities!E72 -> Wood products industry Demand Light | D73: =+Commodities!F72 -> PJ | E73: =+SUM(INDIRECT("'" & $I73 & "'!" & J73 & $M73 & IF(ISBLANK($N73),"",":" & J73 & $N73))) -> 1.6236157 | F73: =+SUM(INDIRECT("'" & $I73 & "'!" & K73 & $M73 & IF(ISBLANK($N73),"",":" & K73 & $N73))) -> 0 | G73: =+SUM(INDIRECT("'" & $I73 & "'!" & L73 & $M73 & IF(ISBLANK($N73),"",":" & L73 & $N73))) -> 0 | I73: =+I72 -> Wood | J73: =+J66 -> AQ | K73: =+K66 -> AR | L73: =+L66 -> AS | M73: =+M66 -> 59
B74: =+Commodities!D73 -> IWDEM | C74: =+Commodities!E73 -> Wood products industry Demand Electric Motors | D74: =+Commodities!F73 -> PJ | E74: =+SUM(INDIRECT("'" & $I74 & "'!" & J74 & $M74 & IF(ISBLANK($N74),"",":" & J74 & $N74))) -> 14.612415 | F74: =+SUM(INDIRECT("'" & $I74 & "'!" & K74 & $M74 & IF(ISBLANK($N74),"",":" & K74 & $N74))) -> 0 | G74: =+SUM(INDIRECT("'" & $I74 & "'!" & L74 & $M74 & IF(ISBLANK($N74),"",":" & L74 & $N74))) -> 0 | I74: =+I73 -> Wood | J74: =+J67 -> AQ | K74: =+K67 -> AR | L74: =+L67 -> AS | M74: =+M67 -> 60
B75: =+Commodities!D74 -> IWDTF | C75: =+Commodities!E74 -> Wood products industry Demand Haulage Tractors, Trucks, Fishing boats, Forest machines | D75: =+Commodities!F74 -> PJ | E75: =+SUM(INDIRECT("'" & $I75 & "'!" & J75 & $M75 & IF(ISBLANK($N75),"",":" & J75 & $N75))) -> 1.758707 | F75: =+SUM(INDIRECT("'" & $I75 & "'!" & K75 & $M75 & IF(ISBLANK($N75),"",":" & K75 & $N75))) -> 0 | G75: =+SUM(INDIRECT("'" & $I75 & "'!" & L75 & $M75 & IF(ISBLANK($N75),"",":" & L75 & $N75))) -> 0 | I75: =+I74 -> Wood | J75: =+J68 -> AQ | K75: =+K68 -> AR | L75: =+L68 -> AS | M75: =+M68 -> 61
B76: =+Commodities!D75 -> IWDFL | C76: =+Commodities!E75 -> Wood products industry Demand Haulage Forklifts | D76: =+Commodities!F75 -> PJ | E76: =+SUM(INDIRECT("'" & $I76 & "'!" & J76 & $M76 & IF(ISBLANK($N76),"",":" & J76 & $N76))) -> 0.034528927 | F76: =+SUM(INDIRECT("'" & $I76 & "'!" & K76 & $M76 & IF(ISBLANK($N76),"",":" & K76 & $N76))) -> 0 | G76: =+SUM(INDIRECT("'" & $I76 & "'!" & L76 & $M76 & IF(ISBLANK($N76),"",":" & L76 & $N76))) -> 0 | I76: =+I75 -> Wood | J76: =+J69 -> AQ | K76: =+K69 -> AR | L76: =+L69 -> AS | M76: =+M69 -> 62
B77: =+Commodities!D76 -> ILDPH | C77: =+Commodities!E76 -> Textile & Leather Demand Process heat | D77: =+Commodities!F76 -> PJ | E77: =+SUM(INDIRECT("'" & $I77 & "'!" & J77 & $M77 & IF(ISBLANK($N77),"",":" & J77 & $N77))) -> 13.216703 | F77: =+SUM(INDIRECT("'" & $I77 & "'!" & K77 & $M77 & IF(ISBLANK($N77),"",":" & K77 & $N77))) -> 0 | G77: =+SUM(INDIRECT("'" & $I77 & "'!" & L77 & $M77 & IF(ISBLANK($N77),"",":" & L77 & $N77))) -> 0 | I77: =Commodities!AE16 -> TextileLeather | J77: =+J70 -> AQ | K77: =+K70 -> AR | L77: =+L70 -> AS | M77: =+M70 -> 26 | N77: =+N70 -> 37 | P77: =+SUM(INDIRECT("'" & I77 & "'!" & "AQ26:AR62")) - SUM(E77:F83) -> 0
B78: =+Commodities!D77 -> ILDCO | C78: =+Commodities!E77 -> Textile & Leather Demand Cooling | D78: =+Commodities!F77 -> PJ | E78: =+SUM(INDIRECT("'" & $I78 & "'!" & J78 & $M78 & IF(ISBLANK($N78),"",":" & J78 & $N78))) -> 0.81524183 | F78: =+SUM(INDIRECT("'" & $I78 & "'!" & K78 & $M78 & IF(ISBLANK($N78),"",":" & K78 & $N78))) -> 0 | G78: =+SUM(INDIRECT("'" & $I78 & "'!" & L78 & $M78 & IF(ISBLANK($N78),"",":" & L78 & $N78))) -> 0 | I78: =+I77 -> TextileLeather | J78: =+J71 -> AQ | K78: =+K71 -> AR | L78: =+L71 -> AS | M78: =+M71 -> 38 | N78: =+N71 -> 46
B79: =+Commodities!D78 -> ILDSH | C79: =+Commodities!E78 -> Textile & Leather Demand Spatial Heat | D79: =+Commodities!F78 -> PJ | E79: =+SUM(INDIRECT("'" & $I79 & "'!" & J79 & $M79 & IF(ISBLANK($N79),"",":" & J79 & $N79))) -> 2.759715 | F79: =+SUM(INDIRECT("'" & $I79 & "'!" & K79 & $M79 & IF(ISBLANK($N79),"",":" & K79 & $N79))) -> 0 | G79: =+SUM(INDIRECT("'" & $I79 & "'!" & L79 & $M79 & IF(ISBLANK($N79),"",":" & L79 & $N79))) -> 0 | I79: =+I78 -> TextileLeather | J79: =+J72 -> AQ | K79: =+K72 -> AR | L79: =+L72 -> AS | M79: =+M72 -> 47 | N79: =+N72 -> 58
B80: =+Commodities!D79 -> ILDLA | C80: =+Commodities!E79 -> Textile & Leather Demand Light | D80: =+Commodities!F79 -> PJ | E80: =+SUM(INDIRECT("'" & $I80 & "'!" & J80 & $M80 & IF(ISBLANK($N80),"",":" & J80 & $N80))) -> 1.5189893 | F80: =+SUM(INDIRECT("'" & $I80 & "'!" & K80 & $M80 & IF(ISBLANK($N80),"",":" & K80 & $N80))) -> 0 | G80: =+SUM(INDIRECT("'" & $I80 & "'!" & L80 & $M80 & IF(ISBLANK($N80),"",":" & L80 & $N80))) -> 0 | I80: =+I79 -> TextileLeather | J80: =+J73 -> AQ | K80: =+K73 -> AR | L80: =+L73 -> AS | M80: =+M73 -> 59
B81: =+Commodities!D80 -> ILDEM | C81: =+Commodities!E80 -> Textile & Leather Demand Electric Motors | D81: =+Commodities!F80 -> PJ | E81: =+SUM(INDIRECT("'" & $I81 & "'!" & J81 & $M81 & IF(ISBLANK($N81),"",":" & J81 & $N81))) -> 4.3782585 | F81: =+SUM(INDIRECT("'" & $I81 & "'!" & K81 & $M81 & IF(ISBLANK($N81),"",":" & K81 & $N81))) -> 0 | G81: =+SUM(INDIRECT("'" & $I81 & "'!" & L81 & $M81 & IF(ISBLANK($N81),"",":" & L81 & $N81))) -> 0 | I81: =+I80 -> TextileLeather | J81: =+J74 -> AQ | K81: =+K74 -> AR | L81: =+L74 -> AS | M81: =+M74 -> 60
B82: =+Commodities!D81 -> ILDTF | C82: =+Commodities!E81 -> Textile & Leather Demand Haulage Tractors, Trucks, Fishing boats, Forest machines | D82: =+Commodities!F81 -> PJ | E82: =+SUM(INDIRECT("'" & $I82 & "'!" & J82 & $M82 & IF(ISBLANK($N82),"",":" & J82 & $N82))) -> 1.3726509 | F82: =+SUM(INDIRECT("'" & $I82 & "'!" & K82 & $M82 & IF(ISBLANK($N82),"",":" & K82 & $N82))) -> 0 | G82: =+SUM(INDIRECT("'" & $I82 & "'!" & L82 & $M82 & IF(ISBLANK($N82),"",":" & L82 & $N82))) -> 0 | I82: =+I81 -> TextileLeather | J82: =+J75 -> AQ | K82: =+K75 -> AR | L82: =+L75 -> AS | M82: =+M75 -> 61
B83: =+Commodities!D82 -> ILDFL | C83: =+Commodities!E82 -> Textile & Leather Demand Haulage Forklifts | D83: =+Commodities!F82 -> PJ | E83: =+SUM(INDIRECT("'" & $I83 & "'!" & J83 & $M83 & IF(ISBLANK($N83),"",":" & J83 & $N83))) -> 0.034528927 | F83: =+SUM(INDIRECT("'" & $I83 & "'!" & K83 & $M83 & IF(ISBLANK($N83),"",":" & K83 & $N83))) -> 0 | G83: =+SUM(INDIRECT("'" & $I83 & "'!" & L83 & $M83 & IF(ISBLANK($N83),"",":" & L83 & $N83))) -> 0 | I83: =+I82 -> TextileLeather | J83: =+J76 -> AQ | K83: =+K76 -> AR | L83: =+L76 -> AS | M83: =+M76 -> 62
B84: =+Commodities!D83 -> INDPH | C84: =+Commodities!E83 -> Construction Demand Process heat | D84: =+Commodities!F83 -> PJ | E84: =+SUM(INDIRECT("'" & $I84 & "'!" & J84 & $M84 & IF(ISBLANK($N84),"",":" & J84 & $N84))) -> 21.392277 | F84: =+SUM(INDIRECT("'" & $I84 & "'!" & K84 & $M84 & IF(ISBLANK($N84),"",":" & K84 & $N84))) -> 0 | G84: =+SUM(INDIRECT("'" & $I84 & "'!" & L84 & $M84 & IF(ISBLANK($N84),"",":" & L84 & $N84))) -> 0 | I84: =Commodities!AE17 -> Construction | J84: =+J77 -> AQ | K84: =+K77 -> AR | L84: =+L77 -> AS | M84: =+M77 -> 26 | N84: =+N77 -> 37 | P84: =+SUM(INDIRECT("'" & I84 & "'!" & "AQ26:AR62")) - SUM(E84:F90) -> 0
B85: =+Commodities!D84 -> INDCO | C85: =+Commodities!E84 -> Construction Demand Cooling | D85: =+Commodities!F84 -> PJ | E85: =+SUM(INDIRECT("'" & $I85 & "'!" & J85 & $M85 & IF(ISBLANK($N85),"",":" & J85 & $N85))) -> 0 | F85: =+SUM(INDIRECT("'" & $I85 & "'!" & K85 & $M85 & IF(ISBLANK($N85),"",":" & K85 & $N85))) -> 0 | G85: =+SUM(INDIRECT("'" & $I85 & "'!" & L85 & $M85 & IF(ISBLANK($N85),"",":" & L85 & $N85))) -> 0 | I85: =+I84 -> Construction | J85: =+J78 -> AQ | K85: =+K78 -> AR | L85: =+L78 -> AS | M85: =+M78 -> 38 | N85: =+N78 -> 46
B86: =+Commodities!D85 -> INDSH | C86: =+Commodities!E85 -> Construction Demand Spatial Heat | D86: =+Commodities!F85 -> PJ | E86: =+SUM(INDIRECT("'" & $I86 & "'!" & J86 & $M86 & IF(ISBLANK($N86),"",":" & J86 & $N86))) -> 0.54378334 | F86: =+SUM(INDIRECT("'" & $I86 & "'!" & K86 & $M86 & IF(ISBLANK($N86),"",":" & K86 & $N86))) -> 0 | G86: =+SUM(INDIRECT("'" & $I86 & "'!" & L86 & $M86 & IF(ISBLANK($N86),"",":" & L86 & $N86))) -> 0 | I86: =+I85 -> Construction | J86: =+J79 -> AQ | K86: =+K79 -> AR | L86: =+L79 -> AS | M86: =+M79 -> 47 | N86: =+N79 -> 58
B87: =+Commodities!D86 -> INDLA | C87: =+Commodities!E86 -> Construction Demand Light | D87: =+Commodities!F86 -> PJ | E87: =+SUM(INDIRECT("'" & $I87 & "'!" & J87 & $M87 & IF(ISBLANK($N87),"",":" & J87 & $N87))) -> 2.4327141 | F87: =+SUM(INDIRECT("'" & $I87 & "'!" & K87 & $M87 & IF(ISBLANK($N87),"",":" & K87 & $N87))) -> 0 | G87: =+SUM(INDIRECT("'" & $I87 & "'!" & L87 & $M87 & IF(ISBLANK($N87),"",":" & L87 & $N87))) -> 0 | I87: =+I86 -> Construction | J87: =+J80 -> AQ | K87: =+K80 -> AR | L87: =+L80 -> AS | M87: =+M80 -> 59
B88: =+Commodities!D87 -> INDEM | C88: =+Commodities!E87 -> Construction Demand Electric Motors | D88: =+Commodities!F87 -> PJ | E88: =+SUM(INDIRECT("'" & $I88 & "'!" & J88 & $M88 & IF(ISBLANK($N88),"",":" & J88 & $N88))) -> 11.304916 | F88: =+SUM(INDIRECT("'" & $I88 & "'!" & K88 & $M88 & IF(ISBLANK($N88),"",":" & K88 & $N88))) -> 0 | G88: =+SUM(INDIRECT("'" & $I88 & "'!" & L88 & $M88 & IF(ISBLANK($N88),"",":" & L88 & $N88))) -> 0 | I88: =+I87 -> Construction | J88: =+J81 -> AQ | K88: =+K81 -> AR | L88: =+L81 -> AS | M88: =+M81 -> 60
B89: =+Commodities!D88 -> INDTF | C89: =+Commodities!E88 -> Construction Demand Haulage Tractors, Trucks, Fishing boats, Forest machines | D89: =+Commodities!F88 -> PJ | E89: =+SUM(INDIRECT("'" & $I89 & "'!" & J89 & $M89 & IF(ISBLANK($N89),"",":" & J89 & $N89))) -> 0 | F89: =+SUM(INDIRECT("'" & $I89 & "'!" & K89 & $M89 & IF(ISBLANK($N89),"",":" & K89 & $N89))) -> 0 | G89: =+SUM(INDIRECT("'" & $I89 & "'!" & L89 & $M89 & IF(ISBLANK($N89),"",":" & L89 & $N89))) -> 0 | I89: =+I88 -> Construction | J89: =+J82 -> AQ | K89: =+K82 -> AR | L89: =+L82 -> AS | M89: =+M82 -> 61
B90: =+Commodities!D89 -> INDFL | C90: =+Commodities!E89 -> Construction Demand Haulage Forklifts | D90: =+Commodities!F89 -> PJ | E90: =+SUM(INDIRECT("'" & $I90 & "'!" & J90 & $M90 & IF(ISBLANK($N90),"",":" & J90 & $N90))) -> 0 | F90: =+SUM(INDIRECT("'" & $I90 & "'!" & K90 & $M90 & IF(ISBLANK($N90),"",":" & K90 & $N90))) -> 0 | G90: =+SUM(INDIRECT("'" & $I90 & "'!" & L90 & $M90 & IF(ISBLANK($N90),"",":" & L90 & $N90))) -> 0 | I90: =+I89 -> Construction | J90: =+J83 -> AQ | K90: =+K83 -> AR | L90: =+L83 -> AS | M90: =+M83 -> 62
B91: =+Commodities!D90 -> IODPH | C91: =+Commodities!E90 -> Other comm Demand Process heat | D91: =+Commodities!F90 -> PJ | E91: =+SUM(INDIRECT("'" & $I91 & "'!" & J91 & $M91 & IF(ISBLANK($N91),"",":" & J91 & $N91))) -> 39.716867 | F91: =+SUM(INDIRECT("'" & $I91 & "'!" & K91 & $M91 & IF(ISBLANK($N91),"",":" & K91 & $N91))) -> 0 | G91: =+SUM(INDIRECT("'" & $I91 & "'!" & L91 & $M91 & IF(ISBLANK($N91),"",":" & L91 & $N91))) -> 0 | I91: =Commodities!AE18 -> Other | J91: =+J84 -> AQ | K91: =+K84 -> AR | L91: =+L84 -> AS | M91: =+M84 -> 26 | N91: =+N84 -> 37 | P91: =+SUM(INDIRECT("'" & I91 & "'!" & "AQ26:AR62")) - SUM(E91:F97) -> 0
B92: =+Commodities!D91 -> IODCO | C92: =+Commodities!E91 -> Other comm Demand Cooling | D92: =+Commodities!F91 -> PJ | E92: =+SUM(INDIRECT("'" & $I92 & "'!" & J92 & $M92 & IF(ISBLANK($N92),"",":" & J92 & $N92))) -> 5.748326 | F92: =+SUM(INDIRECT("'" & $I92 & "'!" & K92 & $M92 & IF(ISBLANK($N92),"",":" & K92 & $N92))) -> 0 | G92: =+SUM(INDIRECT("'" & $I92 & "'!" & L92 & $M92 & IF(ISBLANK($N92),"",":" & L92 & $N92))) -> 0 | I92: =+I91 -> Other | J92: =+J85 -> AQ | K92: =+K85 -> AR | L92: =+L85 -> AS | M92: =+M85 -> 38 | N92: =+N85 -> 46
B93: =+Commodities!D92 -> IODSH | C93: =+Commodities!E92 -> Other comm Demand Spatial Heat | D93: =+Commodities!F92 -> PJ | E93: =+SUM(INDIRECT("'" & $I93 & "'!" & J93 & $M93 & IF(ISBLANK($N93),"",":" & J93 & $N93))) -> 7.9722598 | F93: =+SUM(INDIRECT("'" & $I93 & "'!" & K93 & $M93 & IF(ISBLANK($N93),"",":" & K93 & $N93))) -> 0 | G93: =+SUM(INDIRECT("'" & $I93 & "'!" & L93 & $M93 & IF(ISBLANK($N93),"",":" & L93 & $N93))) -> 0 | I93: =+I92 -> Other | J93: =+J86 -> AQ | K93: =+K86 -> AR | L93: =+L86 -> AS | M93: =+M86 -> 47 | N93: =+N86 -> 58
B94: =+Commodities!D93 -> IODLA | C94: =+Commodities!E93 -> Other comm Demand Light | D94: =+Commodities!F93 -> PJ | E94: =+SUM(INDIRECT("'" & $I94 & "'!" & J94 & $M94 & IF(ISBLANK($N94),"",":" & J94 & $N94))) -> 10.080588 | F94: =+SUM(INDIRECT("'" & $I94 & "'!" & K94 & $M94 & IF(ISBLANK($N94),"",":" & K94 & $N94))) -> 0 | G94: =+SUM(INDIRECT("'" & $I94 & "'!" & L94 & $M94 & IF(ISBLANK($N94),"",":" & L94 & $N94))) -> 0 | I94: =+I93 -> Other | J94: =+J87 -> AQ | K94: =+K87 -> AR | L94: =+L87 -> AS | M94: =+M87 -> 59
B95: =+Commodities!D94 -> IODEM | C95: =+Commodities!E94 -> Other comm Demand Electric Motors | D95: =+Commodities!F94 -> PJ | E95: =+SUM(INDIRECT("'" & $I95 & "'!" & J95 & $M95 & IF(ISBLANK($N95),"",":" & J95 & $N95))) -> 38.432208 | F95: =+SUM(INDIRECT("'" & $I95 & "'!" & K95 & $M95 & IF(ISBLANK($N95),"",":" & K95 & $N95))) -> 0 | G95: =+SUM(INDIRECT("'" & $I95 & "'!" & L95 & $M95 & IF(ISBLANK($N95),"",":" & L95 & $N95))) -> 0 | I95: =+I94 -> Other | J95: =+J88 -> AQ | K95: =+K88 -> AR | L95: =+L88 -> AS | M95: =+M88 -> 60
B96: =+Commodities!D95 -> IODTF | C96: =+Commodities!E95 -> Other comm Demand Haulage Tractors, Trucks, Fishing boats, Forest machines | D96: =+Commodities!F95 -> PJ | E96: =+SUM(INDIRECT("'" & $I96 & "'!" & J96 & $M96 & IF(ISBLANK($N96),"",":" & J96 & $N96))) -> 10.294803 | F96: =+SUM(INDIRECT("'" & $I96 & "'!" & K96 & $M96 & IF(ISBLANK($N96),"",":" & K96 & $N96))) -> 0 | G96: =+SUM(INDIRECT("'" & $I96 & "'!" & L96 & $M96 & IF(ISBLANK($N96),"",":" & L96 & $N96))) -> 0 | I96: =+I95 -> Other | J96: =+J89 -> AQ | K96: =+K89 -> AR | L96: =+L89 -> AS | M96: =+M89 -> 61
B97: =+Commodities!D96 -> IODFL | C97: =+Commodities!E96 -> Other comm Demand Haulage Forklifts | D97: =+Commodities!F96 -> PJ | E97: =+SUM(INDIRECT("'" & $I97 & "'!" & J97 & $M97 & IF(ISBLANK($N97),"",":" & J97 & $N97))) -> 1.1784257 | F97: =+SUM(INDIRECT("'" & $I97 & "'!" & K97 & $M97 & IF(ISBLANK($N97),"",":" & K97 & $N97))) -> 0 | G97: =+SUM(INDIRECT("'" & $I97 & "'!" & L97 & $M97 & IF(ISBLANK($N97),"",":" & L97 & $N97))) -> 0 | I97: =+I96 -> Other | J97: =+J90 -> AQ | K97: =+K90 -> AR | L97: =+L90 -> AS | M97: =+M90 -> 62
B102: 2015 | C102: Demand
I103: Information for function INDIRECT():
B104: DEMAND | D104: Block size: | E104: 7
I105: This colour: Input
...

Sheet IronSteel
C2: Index: 1 - 9 | D2: 1 | E2: In sheets 'Commodities', 'Processes', 'Pivot Agg 1' and 'Energy matrix'
C4: Sheet: | D4: Commodities
C5: Sector: | D5: =+INDEX(Commodities!$X$6:$X$18,D2) -> Iron & Steel
D6: =+INDEX(Commodities!$Y$6:$Y$18,D2) -> 01 Iron and steel | F6: =+"Give 'Index' in cell " & SUBSTITUTE(CELL("address",D2),"$","") & "." -> Give 'Index' in cell D2.
F7: Values: 1 to 10.
C8: Sheet: | D8: Processes
C9: Sector: | D9: =+OFFSET(Processes!$M$11,D11,0) -> 01 Iron and steel
C10: Block size: | D10: =+ROW(Processes!$M$44) - ROW(Processes!$M$7) -> 37
C11: Block offset: | D11: =+$D$10*$D$2-$D$10 -> 0
C13: Sheet: | D13: Energy matrix
C14: Sector: | D14: =+INDEX('Energy matrix'!$C$4:$N$4,1,D2) -> Iron and steel
G19: Relaxation factor for calibration | AK19: 2010 | AX19: 2015 | BK19: 2019
G20: 2010 | J20: 2015 | M20: 2019
G21: 1.001 | H21: 1.001 | I21: 1.001 | J21: 1.01 | K21: 1.01 | L21: 1.01 | M21: 1.01 | N21: 1.01 | O21: 1.01 | AN21: Energy service demand | BA21: Energy service demand | BN21: Energy service demand
AN22: AZ1 | AO22: AZ2 | AP22: AZ3 | BA22: AZ1 | BB22: AZ2 | BC22: AZ3 | BN22: AZ1 | BO22: AZ2 | BP22: AZ3
F23: ~FI_T | AN23: {=INDEX(RegSplit!$B$4:$AN$6,MATCH(AN22,RegSplit!$A$4:$A$6,0),MATCH($D$6&AK19,RegSplit!$B$2:$AN$2&RegSplit!$B$3:$AN$3,0))} -> 1 | AO23: {=INDEX(RegSplit!$B$4:$AN$6,MATCH(AO22,RegSplit!$A$4:$A$6,0),MATCH($D$6&AK19,RegSplit!$B$2:$AN$2&RegSplit!$B$3:$AN$3,0))} -> 0 | AP23: {=INDEX(RegSplit!$B$4:$AN$6,MATCH(AP22,RegSplit!$A$4:$A$6,0),MATCH($D$6&AK19,RegSplit!$B$2:$AN$2&RegSplit!$B$3:$AN$3,0))} -> 0 | BA23: {=INDEX(RegSplit!$B$4:$AN$6,MATCH(BA22,RegSplit!$A$4:$A$6,0),MATCH($D$6&AX19,RegSplit!$B$2:$AN$2&RegSplit!$B$3:$AN$3,0))} -> 1 | BB23: {=INDEX(RegSplit!$B$4:$AN$6,MATCH(BB22,RegSplit!$A$4:$A$6,0),MATCH($D$6&AX19,RegSplit!$B$2:$AN$2&RegSplit!$B$3:$AN$3,0))} -> 0 | BC23: {=INDEX(RegSplit!$B$4:$AN$6,MATCH(BC22,RegSplit!$A$4:$A$6,0),MATCH($D$6&AX19,RegSplit!$B$2:$AN$2&RegSplit!$B$3:$AN$3,0))} -> 0 | BN23: {=INDEX(RegSplit!$B$4:$AN$6,MATCH(BN22,RegSplit!$A$4:$A$6,0),MATCH($D$6&BK19,RegSplit!$B$2:$AN$2&RegSplit!$B$3:$AN$3,0))} -> 1 | BO23: {=INDEX(RegSplit!$B$4:$AN$6,MATCH(BO22,RegSplit!$A$4:$A$6,0),MATCH($D$6&BK19,RegSplit!$B$2:$AN$2&RegSplit!$B$3:$AN$3,0))} -> 0 | BP23: {=INDEX(RegSplit!$B$4:$AN$6,MATCH(BP22,RegSplit!$A$4:$A$6,0),MATCH($D$6&BK19,RegSplit!$B$2:$AN$2&RegSplit!$B$3:$AN$3,0))} -> 0
C24: TechName | D24: *TechDesc | E24: Comm-IN | F24: Comm-OUT | G24: STOCK~AZ1 | H24: STOCK~AZ2 | I24: STOCK~AZ3 | J24: STOCK~AZ1~2015 | K24: STOCK~AZ2~2015 | L24: STOCK~AZ3~2015 | M24: STOCK~AZ1~2019 | N24: STOCK~AZ2~2019 | O24: STOCK~AZ3~2019 | P24: STOCK~AZ1~2020 | Q24: STOCK~AZ2~2020 | R24: STOCK~AZ3~2020 | S24: STOCK~AZ1~2034 | T24: STOCK~AZ2~2034 | U24: STOCK~AZ3~2034 | V24: STOCK~0 | W24: EFF~AZ1 | X24: EFF~AZ2 | Y24: EFF~AZ3 | Z24: CAPUNIT | AA24: AFA | AB24: LIFE | AC24: Share-I~UP | AD24: Share-I~UP~2014 | AE24: Share-I~UP~0 | AM24: Fuel demand by energy service | AQ24: Energy service demand | AT24: Fuel demand (calculated) | AZ24: Fuel demand by energy service | BD24: Energy service demand | BG24: Fuel demand (calculated) | BM24: Fuel demand by energy service | BQ24: Energy service demand | BT24: Fuel demand (calculated)
C25: *Unit | G25: MW | H25: MW | J25: MW | K25: MW | M25: MW | N25: MW | P25: MW | Q25: MW | S25: MW | T25: MW | V25: Interpolation | W25: PJ/PJ | X25: PJ/PJ | Z25: KW/PJ | AB25: Year | AE25: Interpolation | AG25: 2010 | AH25: 2012 | AI25: 2014 | AL25: PJ | AM25: Demand base year DK | AN25: AZ1 | AO25: AZ2 | AP25: AZ3 | AQ25: AZ1 | AR25: AZ2 | AS25: AZ3 | AT25: AZ1 | AU25: AZ2 | AV25: AZ3 | AY25: PJ | AZ25: Demand DK | BA25: AZ1 | BB25: AZ2 | BC25: AZ3 | BD25: AZ1 | BE25: AZ2 | BF25: AZ3 | BG25: AZ1 | BH25: AZ2 | BI25: AZ3 | BL25: PJ | BM25: Demand base year DK | BN25: AZ1 | BO25: AZ2 | BP25: AZ3 | BQ25: AZ1 | BR25: AZ2 | BS25: AZ3 | BT25: AZ1 | BU25: AZ2 | BV25: AZ3
C26: =+IF(OFFSET(Processes!B7,$D$11,0)="*","*",OFFSET(Processes!D7,$D$11,0)) -> INDSDPHBNGAE1 | D26: =+OFFSET(Processes!E7,$D$11,0) -> Iron & Steel Heat Medium Temp. Boiler - Nat. Gas Existing 1 | E26: =+Processes!O7 -> INDSNG1,INDSNG2,INDNGA | F26: =+OFFSET(Processes!$M$12,$D$11,0) & Processes!P7 -> ISDPH | G26: =ROUNDUP(AN26/($Z26*$AA26)*G$21*W26,3) -> 12292.316 | H26: =ROUNDUP(AO26/($Z26*$AA26)*H$21*X26,3) -> 0 | I26: =ROUNDUP(AP26/($Z26*$AA26)*I$21*Y26,3) -> 0 | J26: =ROUNDUP(BA26/($Z26*$AA26)*J$21*W26,3) -> 11706.984 | K26: =ROUNDUP(BB26/($Z26*$AA26)*K$21*X26,3) -> 0 | L26: =ROUNDUP(BC26/($Z26*$AA26)*L$21*Y26,3) -> 0 | M26: =ROUNDUP(BN26/($Z26*$AA26)*M$21*W26,3) -> 11291.944 | N26: =ROUNDUP(BO26/($Z26*$AA26)*N$21*X26,3) -> 0 | O26: =ROUNDUP(BP26/($Z26*$AA26)*O$21*Y26,3) -> 0 | P26: =M26 -> 11291.944 | Q26: =N26 -> 0 | R26: =O26 -> 0 | S26: =IF($AB26=20,0,M26/5)*IF(M26=0,0,1) -> 0 | T26: =IF($AB26=20,0,N26/5)*IF(N26=0,0,1) -> 0 | U26: =IF($AB26=20,0,O26/5)*IF(O26=0,0,1) -> 0 | V26: 5 | W26: =I131 -> 0.98 | X26: =W26 -> 0.98 | Y26: =X26 -> 0.98 | Z26: =3.6*8760/1000000 -> 0.031536 | AA26: 0.5 | AB26: 20 | AG26: =((G26*Z26*AA26/W26)+(H26*Z26*AA26/X26))/$G$21 -> 197.58327 | AH26: =((J26*Z26*AA26/W26)+(K26*Z26*AA26/X26))/$J$21 -> 186.498 | AI26: =((M26*AA26*Z26/W26)+(N26*Z26*AA26/X26))/$M$21 -> 179.88621 | AK26: =F26 -> ISDPH | AL26: NGA | AM26: =(J77+I77)/1000 -> 197.58326 | AN26: =AM26*$AN$23 -> 197.58326 | AO26: =AM26*$AO$23 -> 0 | AP26: =AM26*$AP$23 -> 0 | AQ26: =AN26*$W26 -> 193.63159 | AR26: =AO26*$X26 -> 0 | AS26: =AP26*$Y26 -> 0 | AT26: =IFERROR(AQ26/W26,0) -> 197.58326 | AU26: =IFERROR(AR26/X26,0) -> 0 | AV26: =IFERROR(AS26/Y26,0) -> 0 | AX26: =AK26 -> ISDPH | AY26: NGA | AZ26: =(J97+I97)/1000 -> 186.498 | BA26: =AZ26*$AN$23 -> 186.498 | BB26: =AZ26*$BB$23 -> 0 | BC26: =AZ26*$BC$23 -> 0 | BD26: =IFERROR(J26*$Z26*AA26/J$21,0) -> 182.76804 | BE26: =IFERROR(K26*$Z26*AA26/K$21,0) -> 0 | BF26: =IFERROR(L26*$Z26*AA26/L$21,0) -> 0 | BG26: =IFERROR(BD26/W26,0) -> 186.498 | BH26: =IFERROR(BE26/X26,0) -> 0 | BI26: =IFERROR(BF26/Y26,0) -> 0 | BK26: =AK26 -> ISDPH | BL26: NGA | BM26: =(J117+I117)/1000 -> 179.88621 | BN26: =BM26*$AN$23 -> 179.88621 | BO26: =BM26*$BB$23 -> 0 | BP26: =BM26*$BC$23 -> 0 | BQ26: =IFERROR(M26*$Z26*$AA26/M$21,0) -> 176.28849 | BR26: =IFERROR(N26*$Z26*$AA26/N$21,0) -> 0 | BS26: =IFERROR(O26*$Z26*$AA26/O$21,0) -> 0 | BT26: =IFERROR(BQ26/W26,0) -> 179.88621 | BU26: =IFERROR(BR26/X26,0) -> 0 | BV26: =IFERROR(BS26/Y26,0) -> 0
C27: =+IF(OFFSET(Processes!B8,$D$11,0)="*","*",OFFSET(Processes!D8,$D$11,0)) -> INDSDPHBCOAE1 | D27: =+OFFSET(Processes!E8,$D$11,0) -> Iron & Steel Heat Medium Temp. Boiler - Coal Existing 1 | E27: =+Processes!O8 -> INDCOA | F27: =+OFFSET(Processes!$M$12,$D$11,0) & Processes!P8 -> ISDPH | G27: =ROUNDUP(AN27/($Z27*$AA27)*G$21*W27,3) -> 1745.933 | H27: =ROUNDUP(AO27/($Z27*$AA27)*H$21*X27,3) -> 0 | I27: =ROUNDUP(AP27/($Z27*$AA27)*I$21*Y27,3) -> 0 | J27: =ROUNDUP(BA27/($Z27*$AA27)*J$21*W27,3) -> 2283.556 | K27: =ROUNDUP(BB27/($Z27*$AA27)*K$21*X27,3) -> 0 | L27: =ROUNDUP(BC27/($Z27*$AA27)*L$21*Y27,3) -> 0 | M27: =ROUNDUP(BN27/($Z27*$AA27)*M$21*W27,3) -> 1695.593 | N27: =ROUNDUP(BO27/($Z27*$AA27)*N$21*X27,3) -> 0 | O27: =ROUNDUP(BP27/($Z27*$AA27)*O$21*Y27,3) -> 0 | P27: =M27 -> 1695.593 | Q27: =N27 -> 0 | R27: =O27 -> 0 | S27: =IF($AB27=20,0,M27/5)*IF(M27=0,0,1) -> 0 | T27: =IF($AB27=20,0,N27/5)*IF(N27=0,0,1) -> 0 | U27: =IF($AB27=20,0,O27/5)*IF(O27=0,0,1) -> 0 | V27: 5 | W27: =D131 -> 0.931 | X27: =W27 -> 0.931 | Y27: =X27 -> 0.931 | Z27: =3.6*8760/1000000 -> 0.031536 | AA27: =$AA$26 -> 0.5 | AB27: 20 | AG27: =((G27*Z27*AA27/W27)+(H27*Z27*AA27/X27))/$G$21 -> 29.540676 | AH27: =((J27*Z27*AA27/W27)+(K27*Z27*AA27/X27))/$J$21 -> 38.292809 | AI27: =((M27*AA27*Z27/W27)+(N27*Z27*AA27/X27))/$M$21 -> 28.433294 | AL27: COA | AM27: =D77/1000 -> 29.540659 | AN27: =AM27*$AN$23 -> 29.540659 | AO27: =AM27*$AO$23 -> 0 | AP27: =AM27*$AP$23 -> 0 | AQ27: =IFERROR(G27*$Z27*$AA27/G$21,0) -> 27.502369 | AR27: =IFERROR(H27*$Z27*$AA27/H$21,0) -> 0 | AS27: =IFERROR(I27*$Z27*$AA27/I$21,0) -> 0 | AT27: =IFERROR(AQ27/W27,0) -> 29.540676 | AU27: =IFERROR(AR27/X27,0) -> 0 | AV27: =IFERROR(AS27/Y27,0) -> 0 | AY27: COA | AZ27: =D97/1000 -> 38.292796 | BA27: =AZ27*$AN$23 -> 38.292796 | BB27: =AZ27*$BB$23 -> 0 | BC27: =AZ27*$BC$23 -> 0 | BD27: =IFERROR(J27*$Z27*AA27/J$21,0) -> 35.650605 | BE27: =IFERROR(K27*$Z27*AA27/K$21,0) -> 0 | BF27: =IFERROR(L27*$Z27*AA27/L$21,0) -> 0 | BG27: =IFERROR(BD27/W27,0) -> 38.292809 | BH27: =IFERROR(BE27/X27,0) -> 0 | BI27: =IFERROR(BF27/Y27,0) -> 0 | BL27: COA | BM27: =D117/1000 -> 28.433279 | BN27: =BM27*$AN$23 -> 28.433279 | BO27: =BM27*$BB$23 -> 0 | BP27: =BM27*$BC$23 -> 0 | BQ27: =IFERROR(M27*$Z27*$AA27/M$21,0) -> 26.471396 | BR27: =IFERROR(N27*$Z27*$AA27/N$21,0) -> 0 | BS27: =IFERROR(O27*$Z27*$AA27/O$21,0) -> 0 | BT27: =IFERROR(BQ27/W27,0) -> 28.433294 | BU27: =IFERROR(BR27/X27,0) -> 0 | BV27: =IFERROR(BS27/Y27,0) -> 0
C28: =+IF(OFFSET(Processes!B9,$D$11,0)="*","*",OFFSET(Processes!D9,$D$11,0)) -> INDSDPHBDSLE1 | D28: =+OFFSET(Processes!E9,$D$11,0) -> Iron & Steel Heat Medium Temp. Boiler - Diesel Existing 1 | E28: =+Processes!O9 -> INDDSB1,INDDSB2,INDDSL | F28: =+OFFSET(Processes!$M$12,$D$11,0) & Processes!P9 -> ISDPH | G28: =ROUNDUP(AN28/($Z28*$AA28)*G$21*W28,3) -> 27.264 | H28: =ROUNDUP(AO28/($Z28*$AA28)*H$21*X28,3) -> 0 | I28: =ROUNDUP(AP28/($Z28*$AA28)*I$21*Y28,3) -> 0 | J28: =ROUNDUP(BA28/($Z28*$AA28)*J$21*W28,3) -> 50.956 | K28: =ROUNDUP(BB28/($Z28*$AA28)*K$21*X28,3) -> 0 | L28: =ROUNDUP(BC28/($Z28*$AA28)*L$21*Y28,3) -> 0 | M28: =ROUNDUP(BN28/($Z28*$AA28)*M$21*W28,3) -> 6.468 | N28: =ROUNDUP(BO28/($Z28*$AA28)*N$21*X28,3) -> 0 | O28: =ROUNDUP(BP28/($Z28*$AA28)*O$21*Y28,3) -> 0 | P28: =M28 -> 6.468 | Q28: =N28 -> 0 | R28: =O28 -> 0 | S28: =IF($AB28=20,0,M28/5)*IF(M28=0,0,1) -> 0 | T28: =IF($AB28=20,0,N28/5)*IF(N28=0,0,1) -> 0 | U28: =IF($AB28=20,0,O28/5)*IF(O28=0,0,1) -> 0 | V28: 5 | W28: =F131 -> 0.9408 | X28: =W28 -> 0.9408 | Y28: =X28 -> 0.9408 | Z28: =3.6*8760/1000000 -> 0.031536 | AA28: =$AA$26 -> 0.5 | AB28: 20 | AG28: =((G28*Z28*AA28/W28)+(H28*Z28*AA28/X28))/$G$21 -> 0.45649371 | AH28: =((J28*Z28*AA28/W28)+(K28*Z28*AA28/X28))/$J$21 -> 0.84557719 | AI28: =((M28*AA28*Z28/W28)+(N28*Z28*AA28/X28))/$M$21 -> 0.10733168 | AL28: DSL | AM28: =(F77+L77)/1000 -> 0.4564805 | AN28: =AM28*$AN$23 -> 0.4564805 | AO28: =AM28*$AO$23 -> 0 | AP28: =AM28*$AP$23 -> 0 | AQ28: =IFERROR(G28*$Z28*$AA28/G$21,0) -> 0.42946928 | AR28: =IFERROR(H28*$Z28*$AA28/H$21,0) -> 0 | AS28: =IFERROR(I28*$Z28*$AA28/I$21,0) -> 0 | AT28: =IFERROR(AQ28/W28,0) -> 0.45649371 | AU28: =IFERROR(AR28/X28,0) -> 0 | AV28: =IFERROR(AS28/Y28,0) -> 0 | AY28: DSL | AZ28: =(F97+L97)/1000 -> 0.8455765 | BA28: =AZ28*$AN$23 -> 0.8455765 | BB28: =AZ28*$BB$23 -> 0 | BC28: =AZ28*$BC$23 -> 0 | BD28: =IFERROR(J28*$Z28*AA28/J$21,0) -> 0.79551902 | BE28: =IFERROR(K28*$Z28*AA28/K$21,0) -> 0 | BF28: =IFERROR(L28*$Z28*AA28/L$21,0) -> 0 | BG28: =IFERROR(BD28/W28,0) -> 0.84557719 | BH28: =IFERROR(BE28/X28,0) -> 0 | BI28: =IFERROR(BF28/Y28,0) -> 0 | BL28: DSL | BM28: =(F117+L117)/1000 -> 0.1073175 | BN28: =BM28*$AN$23 -> 0.1073175 | BO28: =BM28*$BB$23 -> 0 | BP28: =BM28*$BC$23 -> 0 | BQ28: =IFERROR(M28*$Z28*$AA28/M$21,0) -> 0.10097765 | BR28: =IFERROR(N28*$Z28*$AA28/N$21,0) -> 0 | BS28: =IFERROR(O28*$Z28*$AA28/O$21,0) -> 0 | BT28: =IFERROR(BQ28/W28,0) -> 0.10733168 | BU28: =IFERROR(BR28/X28,0) -> 0 | BV28: =IFERROR(BS28/Y28,0) -> 0
C29: =+IF(OFFSET(Processes!B10,$D$11,0)="*","*",OFFSET(Processes!D10,$D$11,0)) -> INDSDPHBWPEE1 | D29: =+OFFSET(Processes!E10,$D$11,0) -> Iron & Steel Heat Medium Temp. Boiler - Wood Pellets Existing 1 | E29: =+Processes!O10 -> INDWPE | F29: =+OFFSET(Processes!$M$12,$D$11,0) & Processes!P10 -> ISDPH | G29: =ROUNDUP(AN29/($Z29*$AA29)*G$21*W29,3) -> 0 | H29: =ROUNDUP(AO29/($Z29*$AA29)*H$21*X29,3) -> 0 | I29: =ROUNDUP(AP29/($Z29*$AA29)*I$21*Y29,3) -> 0 | J29: =ROUNDUP(BA29/($Z29*$AA29)*J$21*W29,3) -> 3.362 | K29: =ROUNDUP(BB29/($Z29*$AA29)*K$21*X29,3) -> 0 | L29: =ROUNDUP(BC29/($Z29*$AA29)*L$21*Y29,3) -> 0 | M29: =ROUNDUP(BN29/($Z29*$AA29)*M$21*W29,3) -> 0.214 | N29: =ROUNDUP(BO29/($Z29*$AA29)*N$21*X29,3) -> 0 | O29: =ROUNDUP(BP29/($Z29*$AA29)*O$21*Y29,3) -> 0 | P29: =M29 -> 0.214 | Q29: =N29 -> 0 | R29: =O29 -> 0 | S29: =IF($AB29=20,0,M29/5)*IF(M29=0,0,1) -> 0 | T29: =IF($AB29=20,0,N29/5)*IF(N29=0,0,1) -> 0 | U29: =IF($AB29=20,0,O29/5)*IF(O29=0,0,1) -> 0 | V29: 5 | W29: =$K$131 -> 0.833 | X29: =$W$29 -> 0.833 | Y29: =$W$29 -> 0.833 | Z29: =3.6*8760/1000000 -> 0.031536 | AA29: =$AA$26 -> 0.5 | AB29: 20 | AC29: 0.5 | AD29: 0.5 | AE29: 5 | AG29: =((G29*Z29*AA29/W29)+(H29*Z29*AA29/X29))/$G$21 -> 0 | AH29: =((J29*Z29*AA29/W29)+(K29*Z29*AA29/X29))/$J$21 -> 0.063009777 | AI29: =((M29*AA29*Z29/W29)+(N29*Z29*AA29/X29))/$M$21 -> 0.0040107354 | AL29: WPE | AM29: =M77/1000 -> 0 | AN29: =AM29*$AN$23 -> 0 | AO29: =AM29*$AO$23 -> 0 | AP29: =AM29*$AP$23 -> 0 | AQ29: =IFERROR(G29*$Z29*$AA29/G$21,0) -> 0 | AR29: =IFERROR(H29*$Z29*$AA29/H$21,0) -> 0 | AS29: =IFERROR(I29*$Z29*$AA29/I$21,0) -> 0 | AT29: =IFERROR(AQ29/W29,0) -> 0 | AU29: =IFERROR(AR29/X29,0) -> 0 | AV29: =IFERROR(AS29/Y29,0) -> 0 | AY29: WPE | AZ29: =M97/1000 -> 0.063 | BA29: =AZ29*$AN$23 -> 0.063 | BB29: =AZ29*$BB$23 -> 0 | BC29: =AZ29*$BC$23 -> 0 | BD29: =IFERROR(J29*$Z29*AA29/J$21,0) -> 0.052487145 | BE29: =IFERROR(K29*$Z29*AA29/K$21,0) -> 0 | BF29: =IFERROR(L29*$Z29*AA29/L$21,0) -> 0 | BG29: =IFERROR(BD29/W29,0) -> 0.063009777 | BH29: =IFERROR(BE29/X29,0) -> 0 | BI29: =IFERROR(BF29/Y29,0) -> 0 | BL29: WPE | BM29: =M117/1000 -> 0.004 | BN29: =BM29*$AN$23 -> 0.004 | BO29: =BM29*$BB$23 -> 0 | BP29: =BM29*$BC$23 -> 0 | BQ29: =IFERROR(M29*$Z29*$AA29/M$21,0) -> 0.0033409426 | BR29: =IFERROR(N29*$Z29*$AA29/N$21,0) -> 0 | BS29: =IFERROR(O29*$Z29*$AA29/O$21,0) -> 0 | BT29: =IFERROR(BQ29/W29,0) -> 0.0040107354 | BU29: =IFERROR(BR29/X29,0) -> 0 | BV29: =IFERROR(BS29/Y29,0) -> 0
E30: =+Processes!O11 -> INDWCH | P30: =M30 -> 0 | Q30: =N30 -> 0 | R30: =O30 -> 0 | S30: =IF($AB30=20,0,M30/5)*IF(M30=0,0,1) -> 0 | T30: =IF($AB30=20,0,N30/5)*IF(N30=0,0,1) -> 0 | U30: =IF($AB30=20,0,O30/5)*IF(O30=0,0,1) -> 0 | V30: =IF(S30>0,0.001,"") | W30: =$K$131 -> 0.833 | X30: =$W$29 -> 0.833 | Y30: =$W$29 -> 0.833 | AC30: =1-AC29 -> 0.5 | AD30: =1-AD29 -> 0.5 | AE30: 5 | AG30: =((G30*Z30*AA30/W30)+(H30*Z30*AA30/X30))/$G$21 -> 0 | AH30: =((J30*Z30*AA30/W30)+(K30*Z30*AA30/X30))/$J$21 -> 0 | AI30: =((M30*AA30*Z30/W30)+(N30*Z30*AA30/X30))/$M$21 -> 0 | AL30: WCH | AQ30: =IFERROR(G30*$Z30*$AA30/G$21,0) -> 0 | AR30: =IFERROR(H30*$Z30*$AA30/H$21,0) -> 0 | AS30: =IFERROR(I30*$Z30*$AA30/I$21,0) -> 0 | AY30: WCH | BA30: =AZ30*$AN$23 -> 0 | BD30: =IFERROR(J30*$Z30*AA30/J$21,0) -> 0 | BE30: =IFERROR(K30*$Z30*AA30/K$21,0) -> 0 | BF30: =IFERROR(L30*$Z30*AA30/L$21,0) -> 0 | BG30: =IFERROR(BD30/W30,0) -> 0 | BH30: =IFERROR(BE30/X30,0) -> 0 | BI30: =IFERROR(BF30/Y30,0) -> 0 | BL30: WCH | BQ30: =IFERROR(M30*$Z30*$AA30/M$21,0) -> 0 | BR30: =IFERROR(N30*$Z30*$AA30/N$21,0) -> 0 | BS30: =IFERROR(O30*$Z30*$AA30/O$21,0) -> 0 | BT30: =IFERROR(BQ30/W30,0) -> 0 | BU30: =IFERROR(BR30/X30,0) -> 0 | BV30: =IFERROR(BS30/Y30,0) -> 0
C31: =+IF(OFFSET(Processes!B12,$D$11,0)="*","*",OFFSET(Processes!D12,$D$11,0)) -> INDSDPHBBGAE1 | D31: =+OFFSET(Processes!E12,$D$11,0) -> Iron & Steel Heat Medium Temp. Boiler - Biogas Existing 1 | E31: =+Processes!O12 -> INDBGA | F31: =+OFFSET(Processes!$M$12,$D$11,0) & Processes!P12 -> ISDPH | G31: =ROUNDUP(AN31/($Z31*$AA31)*G$21*W31,3) -> 0 | H31: =ROUNDUP(AO31/($Z31*$AA31)*H$21*X31,3) -> 0 | I31: =ROUNDUP(AP31/($Z31*$AA31)*I$21*Y31,3) -> 0 | J31: =ROUNDUP(BA31/($Z31*$AA31)*J$21*W31,3) -> 0.063 | K31: =ROUNDUP(BB31/($Z31*$AA31)*K$21*X31,3) -> 0 | L31: =ROUNDUP(BC31/($Z31*$AA31)*L$21*Y31,3) -> 0 | M31: =ROUNDUP(BN31/($Z31*$AA31)*M$21*W31,3) -> 0 | N31: =ROUNDUP(BO31/($Z31*$AA31)*N$21*X31,3) -> 0 | O31: =ROUNDUP(BP31/($Z31*$AA31)*O$21*Y31,3) -> 0 | P31: =M31 -> 0 | Q31: =N31 -> 0 | R31: =O31 -> 0 | S31: =IF($AB31=20,0,M31/5)*IF(M31=0,0,1) -> 0 | T31: =IF($AB31=20,0,N31/5)*IF(N31=0,0,1) -> 0 | U31: =IF($AB31=20,0,O31/5)*IF(O31=0,0,1) -> 0 | V31: 5 | W31: =J131 -> 0.98 | X31: =W31 -> 0.98 | Y31: =X31 -> 0.98 | Z31: =3.6*8760/1000000 -> 0.031536 | AA31: =$AA$26 -> 0.5 | AB31: 20 | AG31: =((G31*Z31*AA31/W31)+(H31*Z31*AA31/X31))/$G$21 -> 0 | AH31: =((J31*Z31*AA31/W31)+(K31*Z31*AA31/X31))/$J$21 -> 0.0010036209 | AI31: =((M31*AA31*Z31/W31)+(N31*Z31*AA31/X31))/$M$21 -> 0 | AL31: BGA | AM31: =K77/1000 -> 0 | AN31: =AM31*$AN$23 -> 0 | AO31: =AM31*$AO$23 -> 0 | AP31: =AM31*$AP$23 -> 0 | AQ31: =IFERROR(G31*$Z31*$AA31/G$21,0) -> 0 | AR31: =IFERROR(H31*$Z31*$AA31/H$21,0) -> 0 | AS31: =IFERROR(I31*$Z31*$AA31/I$21,0) -> 0 | AT31: =IFERROR(AQ31/W31,0) -> 0 | AU31: =IFERROR(AR31/X31,0) -> 0 | AV31: =IFERROR(AS31/Y31,0) -> 0 | AY31: BGA | AZ31: =K97/1000 -> 0.001 | BA31: =AZ31*$AN$23 -> 0.001 | BB31: =AZ31*$BB$23 -> 0 | BC31: =AZ31*$BC$23 -> 0 | BD31: =IFERROR(J31*$Z31*AA31/J$21,0) -> 0.00098354851 | BE31: =IFERROR(K31*$Z31*AA31/K$21,0) -> 0 | BF31: =IFERROR(L31*$Z31*AA31/L$21,0) -> 0 | BG31: =IFERROR(BD31/W31,0) -> 0.0010036209 | BH31: =IFERROR(BE31/X31,0) -> 0 | BI31: =IFERROR(BF31/Y31,0) -> 0 | BL31: BGA | BM31: =K117/1000 -> 0 | BN31: =BM31*$AN$23 -> 0 | BO31: =BM31*$BB$23 -> 0 | BP31: =BM31*$BC$23 -> 0 | BQ31: =IFERROR(M31*$Z31*$AA31/M$21,0) -> 0 | BR31: =IFERROR(N31*$Z31*$AA31/N$21,0) -> 0 | BS31: =IFERROR(O31*$Z31*$AA31/O$21,0) -> 0 | BT31: =IFERROR(BQ31/W31,0) -> 0 | BU31: =IFERROR(BR31/X31,0) -> 0 | BV31: =IFERROR(BS31/Y31,0) -> 0
C32: =+IF(OFFSET(Processes!B13,$D$11,0)="*","*",OFFSET(Processes!D13,$D$11,0)) -> INDSDPHBHFOE1 | D32: =+OFFSET(Processes!E13,$D$11,0) -> Iron & Steel Heat Medium Temp. Boiler - Heavy Fuel Oil Existing 1 | E32: =+Processes!O13 -> INDHFO | F32: =+OFFSET(Processes!$M$12,$D$11,0) & Processes!P13 -> ISDPH | G32: =ROUNDUP(AN32/($Z32*$AA32)*G$21*W32,3) -> 11.924 | H32: =ROUNDUP(AO32/($Z32*$AA32)*H$21*X32,3) -> 0 | I32: =ROUNDUP(AP32/($Z32*$AA32)*I$21*Y32,3) -> 0 | J32: =ROUNDUP(BA32/($Z32*$AA32)*J$21*W32,3) -> 0 | K32: =ROUNDUP(BB32/($Z32*$AA32)*K$21*X32,3) -> 0 | L32: =ROUNDUP(BC32/($Z32*$AA32)*L$21*Y32,3) -> 0 | M32: =ROUNDUP(BN32/($Z32*$AA32)*M$21*W32,3) -> 0 | N32: =ROUNDUP(BO32/($Z32*$AA32)*N$21*X32,3) -> 0 | O32: =ROUNDUP(BP32/($Z32*$AA32)*O$21*Y32,3) -> 0 | P32: =M32 -> 0 | Q32: =N32 -> 0 | R32: =O32 -> 0 | S32: =IF($AB32=20,0,M32/5)*IF(M32=0,0,1) -> 0 | T32: =IF($AB32=20,0,N32/5)*IF(N32=0,0,1) -> 0 | U32: =IF($AB32=20,0,O32/5)*IF(O32=0,0,1) -> 0 | V32: 5 | W32: =E131 -> 0.931 | X32: =W32 -> 0.931 | Y32: =X32 -> 0.931 | Z32: =3.6*8760/1000000 -> 0.031536 | AA32: =$AA$26 -> 0.5 | AB32: 20 | AG32: =((G32*Z32*AA32/W32)+(H32*Z32*AA32/X32))/$G$21 -> 0.20175059 | AH32: =((J32*Z32*AA32/W32)+(K32*Z32*AA32/X32))/$J$21 -> 0 | AI32: =((M32*AA32*Z32/W32)+(N32*Z32*AA32/X32))/$M$21 -> 0 | AL32: HFO | AM32: =E77/1000 -> 0.20174 | AN32: =AM32*$AN$23 -> 0.20174 | AO32: =AM32*$AO$23 -> 0 | AP32: =AM32*$AP$23 -> 0 | AQ32: =IFERROR(G32*$Z32*$AA32/G$21,0) -> 0.1878298 | AR32: =IFERROR(H32*$Z32*$AA32/H$21,0) -> 0 | AS32: =IFERROR(I32*$Z32*$AA32/I$21,0) -> 0 | AT32: =IFERROR(AQ32/W32,0) -> 0.20175059 | AU32: =IFERROR(AR32/X32,0) -> 0 | AV32: =IFERROR(AS32/Y32,0) -> 0 | AY32: HFO | AZ32: =E97/1000 -> 0 | BA32: =AZ32*$AN$23 -> 0 | BB32: =AZ32*$BB$23 -> 0 | BC32: =AZ32*$BC$23 -> 0 | BD32: =IFERROR(J32*$Z32*AA32/J$21,0) -> 0 | BE32: =IFERROR(K32*$Z32*AA32/K$21,0) -> 0 | BF32: =IFERROR(L32*$Z32*AA32/L$21,0) -> 0 | BG32: =IFERROR(BD32/W32,0) -> 0 | BH32: =IFERROR(BE32/X32,0) -> 0 | BI32: =IFERROR(BF32/Y32,0) -> 0 | BL32: HFO | BM32: =E117/1000 -> 0 | BN32: =BM32*$AN$23 -> 0 | BO32: =BM32*$BB$23 -> 0 | BP32: =BM32*$BC$23 -> 0 | BQ32: =IFERROR(M32*$Z32*$AA32/M$21,0) -> 0 | BR32: =IFERROR(N32*$Z32*$AA32/N$21,0) -> 0 | BS32: =IFERROR(O32*$Z32*$AA32/O$21,0) -> 0 | BT32: =IFERROR(BQ32/W32,0) -> 0 | BU32: =IFERROR(BR32/X32,0) -> 0 | BV32: =IFERROR(BS32/Y32,0) -> 0
C33: =+IF(OFFSET(Processes!B14,$D$11,0)="*","*",OFFSET(Processes!D14,$D$11,0)) -> INDSDPHBLPGE1 | D33: =+OFFSET(Processes!E14,$D$11,0) -> Iron & Steel Heat Medium Temp. Boiler - Liquified Petroleum Gas Existing 1 | E33: =+Processes!O14 -> INDLPG | F33: =+OFFSET(Processes!$M$12,$D$11,0) & Processes!P14 -> ISDPH | G33: =ROUNDUP(AN33/($Z33*$AA33)*G$21*W33,3) -> 40.809 | H33: =ROUNDUP(AO33/($Z33*$AA33)*H$21*X33,3) -> 0 | I33: =ROUNDUP(AP33/($Z33*$AA33)*I$21*Y33,3) -> 0 | J33: =ROUNDUP(BA33/($Z33*$AA33)*J$21*W33,3) -> 0.712 | K33: =ROUNDUP(BB33/($Z33*$AA33)*K$21*X33,3) -> 0 | L33: =ROUNDUP(BC33/($Z33*$AA33)*L$21*Y33,3) -> 0 | M33: =ROUNDUP(BN33/($Z33*$AA33)*M$21*W33,3) -> 0.676 | N33: =ROUNDUP(BO33/($Z33*$AA33)*N$21*X33,3) -> 0 | O33: =ROUNDUP(BP33/($Z33*$AA33)*O$21*Y33,3) -> 0 | P33: =M33 -> 0.676 | Q33: =N33 -> 0 | R33: =O33 -> 0 | S33: =IF($AB33=20,0,M33/5)*IF(M33=0,0,1) -> 0 | T33: =IF($AB33=20,0,N33/5)*IF(N33=0,0,1) -> 0 | U33: =IF($AB33=20,0,O33/5)*IF(O33=0,0,1) -> 0 | V33: 5 | W33: =H131 -> 0.98 | X33: =W33 -> 0.98 | Y33: =X33 -> 0.98 | Z33: =3.6*8760/1000000 -> 0.031536 | AA33: =$AA$26 -> 0.5 | AB33: 20 | AG33: =((G33*Z33*AA33/W33)+(H33*Z33*AA33/X33))/$G$21 -> 0.65595253 | AH33: =((J33*Z33*AA33/W33)+(K33*Z33*AA33/X33))/$J$21 -> 0.01134251 | AI33: =((M33*AA33*Z33/W33)+(N33*Z33*AA33/X33))/$M$21 -> 0.010769012 | AL33: LPG | AM33: =H77/1000 -> 0.65594175 | AN33: =AM33*$AN$23 -> 0.65594175 | AO33: =AM33*$AO$23 -> 0 | AP33: =AM33*$AP$23 -> 0 | AQ33: =IFERROR(G33*$Z33*$AA33/G$21,0) -> 0.64283348 | AR33: =IFERROR(H33*$Z33*$AA33/H$21,0) -> 0 | AS33: =IFERROR(I33*$Z33*$AA33/I$21,0) -> 0 | AT33: =IFERROR(AQ33/W33,0) -> 0.65595253 | AU33: =IFERROR(AR33/X33,0) -> 0 | AV33: =IFERROR(AS33/Y33,0) -> 0 | AY33: LPG | AZ33: =H97/1000 -> 0.0113415 | BA33: =AZ33*$AN$23 -> 0.0113415 | BB33: =AZ33*$BB$23 -> 0 | BC33: =AZ33*$BC$23 -> 0 | BD33: =IFERROR(J33*$Z33*AA33/J$21,0) -> 0.011115659 | BE33: =IFERROR(K33*$Z33*AA33/K$21,0) -> 0 | BF33: =IFERROR(L33*$Z33*AA33/L$21,0) -> 0 | BG33: =IFERROR(BD33/W33,0) -> 0.01134251 | BH33: =IFERROR(BE33/X33,0) -> 0 | BI33: =IFERROR(BF33/Y33,0) -> 0 | BL33: LPG | BM33: =H117/1000 -> 0.0107685 | BN33: =BM33*$AN$23 -> 0.0107685 | BO33: =BM33*$BB$23 -> 0 | BP33: =BM33*$BC$23 -> 0 | BQ33: =IFERROR(M33*$Z33*$AA33/M$21,0) -> 0.010553632 | BR33: =IFERROR(N33*$Z33*$AA33/N$21,0) -> 0 | BS33: =IFERROR(O33*$Z33*$AA33/O$21,0) -> 0 | BT33: =IFERROR(BQ33/W33,0) -> 0.010769012 | BU33: =IFERROR(BR33/X33,0) -> 0 | BV33: =IFERROR(BS33/Y33,0) -> 0
C34: =+IF(OFFSET(Processes!B15,$D$11,0)="*","*",OFFSET(Processes!D15,$D$11,0)) -> INDSDPHBWSTE1 | D34: =+OFFSET(Processes!E15,$D$11,0) -> Iron & Steel Heat Medium Temp. Boiler - Waste Existing 1 | E34: =+Processes!O15 -> INDWST | F34: =+OFFSET(Processes!$M$12,$D$11,0) & Processes!P15 -> ISDPH | G34: =ROUNDUP(AN34/($Z34*$AA34)*G$21*W34,3) -> 0 | H34: =ROUNDUP(AO34/($Z34*$AA34)*H$21*X34,3) -> 0 | I34: =ROUNDUP(AP34/($Z34*$AA34)*I$21*Y34,3) -> 0 | J34: =ROUNDUP(BA34/($Z34*$AA34)*J$21*W34,3) -> 0 | K34: =ROUNDUP(BB34/($Z34*$AA34)*K$21*X34,3) -> 0 | L34: =ROUNDUP(BC34/($Z34*$AA34)*L$21*Y34,3) -> 0 | M34: =ROUNDUP(BN34/($Z34*$AA34)*M$21*W34,3) -> 0 | N34: =ROUNDUP(BO34/($Z34*$AA34)*N$21*X34,3) -> 0 | O34: =ROUNDUP(BP34/($Z34*$AA34)*O$21*Y34,3) -> 0 | P34: =M34 -> 0 | Q34: =N34 -> 0 | R34: =O34 -> 0 | S34: =IF($AB34=20,0,M34/5)*IF(M34=0,0,1) -> 0 | T34: =IF($AB34=20,0,N34/5)*IF(N34=0,0,1) -> 0 | U34: =IF($AB34=20,0,O34/5)*IF(O34=0,0,1) -> 0 | V34: 5 | W34: =L131 -> 0.931 | X34: =W34 -> 0.931 | Y34: =X34 -> 0.931 | Z34: =3.6*8760/1000000 -> 0.031536 | AA34: =$AA$26 -> 0.5 | AB34: 20 | AG34: =((G34*Z34*AA34/W34)+(H34*Z34*AA34/X34))/$G$21 -> 0 | AH34: =((J34*Z34*AA34/W34)+(K34*Z34*AA34/X34))/$J$21 -> 0 | AI34: =((M34*AA34*Z34/W34)+(N34*Z34*AA34/X34))/$M$21 -> 0 | AL34: WST | AM34: =$N77/1000 -> 0 | AN34: =AM34*$AN$23 -> 0 | AO34: =AM34*$AO$23 -> 0 | AP34: =AM34*$AP$23 -> 0 | AQ34: =IFERROR(G34*$Z34*$AA34/G$21,0) -> 0 | AR34: =IFERROR(H34*$Z34*$AA34/H$21,0) -> 0 | AS34: =IFERROR(I34*$Z34*$AA34/I$21,0) -> 0 | AT34: =IFERROR(AQ34/W34,0) -> 0 | AU34: =IFERROR(AR34/X34,0) -> 0 | AV34: =IFERROR(AS34/Y34,0) -> 0 | AY34: WST | AZ34: =$N97/1000 -> 0 | BA34: =AZ34*$AN$23 -> 0 | BB34: =AZ34*$BB$23 -> 0 | BC34: =AZ34*$BC$23 -> 0 | BD34: =IFERROR(J34*$Z34*AA34/J$21,0) -> 0 | BE34: =IFERROR(K34*$Z34*AA34/K$21,0) -> 0 | BF34: =IFERROR(L34*$Z34*AA34/L$21,0) -> 0 | BG34: =IFERROR(BD34/W34,0) -> 0 | BH34: =IFERROR(BE34/X34,0) -> 0 | BI34: =IFERROR(BF34/Y34,0) -> 0 | BL34: WST | BM34: =$N117/1000 -> 0 | BN34: =BM34*$AN$23 -> 0 | BO34: =BM34*$BB$23 -> 0 | BP34: =BM34*$BC$23 -> 0 | BQ34: =IFERROR(M34*$Z34*$AA34/M$21,0) -> 0 | BR34: =IFERROR(N34*$Z34*$AA34/N$21,0) -> 0 | BS34: =IFERROR(O34*$Z34*$AA34/O$21,0) -> 0 | BT34: =IFERROR(BQ34/W34,0) -> 0 | BU34: =IFERROR(BR34/X34,0) -> 0 | BV34: =IFERROR(BS34/Y34,0) -> 0
C35: =+IF(OFFSET(Processes!B16,$D$11,0)="*","*",OFFSET(Processes!D16,$D$11,0)) -> INDSDPHBHETE1 | D35: =+OFFSET(Processes!E16,$D$11,0) -> Iron & Steel Heat Medium Temp. Boiler - Dist. Heat Existing 1 | E35: =+Processes!O16 -> INDHCE | F35: =+OFFSET(Processes!$M$12,$D$11,0) & Processes!P16 -> ISDPH | G35: =ROUNDUP(AN35/($Z35*$AA35)*G$21*W35,3) -> 0 | H35: =ROUNDUP(AO35/($Z35*$AA35)*H$21*X35,3) -> 0 | I35: =ROUNDUP(AP35/($Z35*$AA35)*I$21*Y35,3) -> 0 | J35: =ROUNDUP(BA35/($Z35*$AA35)*J$21*W35,3) -> 0 | K35: =ROUNDUP(BB35/($Z35*$AA35)*K$21*X35,3) -> 0 | L35: =ROUNDUP(BC35/($Z35*$AA35)*L$21*Y35,3) -> 0 | M35: =ROUNDUP(BN35/($Z35*$AA35)*M$21*W35,3) -> 0 | N35: =ROUNDUP(BO35/($Z35*$AA35)*N$21*X35,3) -> 0 | O35: =ROUNDUP(BP35/($Z35*$AA35)*O$21*Y35,3) -> 0 | P35: =M35 -> 0 | Q35: =N35 -> 0 | R35: =O35 -> 0 | S35: =IF($AB35=20,0,M35/5)*IF(M35=0,0,1) -> 0 | T35: =IF($AB35=20,0,N35/5)*IF(N35=0,0,1) -> 0 | U35: =IF($AB35=20,0,O35/5)*IF(O35=0,0,1) -> 0 | V35: 5 | W35: =$N$131 -> 0.9408 | X35: =$W$35 -> 0.9408 | Y35: =$W$35 -> 0.9408 | Z35: =3.6*8760/1000000 -> 0.031536 | AA35: =$AA$26 -> 0.5 | AB35: 20 | AG35: =((G35*Z35*AA35/W35)+(H35*Z35*AA35/X35))/$G$21 -> 0 | AH35: =((J35*Z35*AA35/W35)+(K35*Z35*AA35/X35))/$J$21 -> 0 | AI35: =((M35*AA35*Z35/W35)+(N35*Z35*AA35/X35))/$M$21 -> 0 | AL35: HCE | AM35: =P77/1000 -> 0 | AN35: =AM35 -> 0 | AO35: 0 | AP35: 0 | AQ35: =IFERROR(G35*$Z35*$AA35/G$21,0) -> 0 | AR35: =IFERROR(H35*$Z35*$AA35/H$21,0) -> 0 | AS35: =IFERROR(I35*$Z35*$AA35/I$21,0) -> 0 | AT35: =AN35-AQ35 -> 0 | AU35: =AO35-AR35 -> 0 | AV35: =AP35-AS35 -> 0 | AY35: HCE | AZ35: =P97/1000 -> 0 | BA35: =AZ35*$AN$23 -> 0 | BB35: 0 | BC35: 0 | BD35: =IFERROR(J35*$Z35*AA35/J$21,0) -> 0 | BE35: =IFERROR(K35*$Z35*AA35/K$21,0) -> 0 | BF35: =IFERROR(L35*$Z35*AA35/L$21,0) -> 0 | BG35: =IFERROR(BD35/W35,0) -> 0 | BH35: =IFERROR(BE35/X35,0) -> 0 | BI35: =IFERROR(BF35/Y35,0) -> 0 | BL35: HCE | BM35: =P117/1000 -> 0 | BN35: =BM35 -> 0 | BO35: 0 | BP35: 0 | BQ35: =IFERROR(M35*$Z35*$AA35/M$21,0) -> 0 | BR35: =IFERROR(N35*$Z35*$AA35/N$21,0) -> 0 | BS35: =IFERROR(O35*$Z35*$AA35/O$21,0) -> 0 | BT35: =IFERROR(BQ35/W35,0) -> 0 | BU35: =IFERROR(BR35/X35,0) -> 0 | BV35: =IFERROR(BS35/Y35,0) -> 0
C36: =+IF(OFFSET(Processes!B17,$D$11,0)="*","*",OFFSET(Processes!D17,$D$11,0)) -> INDSDPHBHETE2 | D36: =+OFFSET(Processes!E17,$D$11,0) -> Iron & Steel Heat Medium Temp. Boiler - Dist. Heat Existing 2 | E36: =+Processes!O17 -> INDHDE | F36: =+OFFSET(Processes!$M$12,$D$11,0) & Processes!P17 -> ISDPH | P36: =M36 -> 0 | Q36: =N36 -> 0 | R36: =O36 -> 0 | S36: =IF($AB36=20,0,M36/5)*IF(M36=0,0,1) -> 0 | T36: =IF($AB36=20,0,N36/5)*IF(N36=0,0,1) -> 0 | U36: =IF($AB36=20,0,O36/5)*IF(O36=0,0,1) -> 0 | V36: 5 | W36: =$N$131 -> 0.9408 | X36: =$W$35 -> 0.9408 | Y36: =$W$35 -> 0.9408 | Z36: =3.6*8760/1000000 -> 0.031536 | AA36: =$AA$26 -> 0.5 | AB36: 20 | AG36: =((G36*Z36*AA36/W36)+(H36*Z36*AA36/X36))/$G$21 -> 0 | AH36: =((J36*Z36*AA36/W36)+(K36*Z36*AA36/X36))/$J$21 -> 0 | AI36: =((M36*AA36*Z36/W36)+(N36*Z36*AA36/X36))/$M$21 -> 0 | AL36: HDE | AN36: =AM36 -> 0 | AO36: 0 | AP36: 0 | AQ36: =IFERROR(G36*$Z36*$AA36/G$21,0) -> 0 | AR36: =IFERROR(H36*$Z36*$AA36/H$21,0) -> 0 | AS36: =IFERROR(I36*$Z36*$AA36/I$21,0) -> 0 | AY36: HDE | BA36: =AZ36*$AN$23 -> 0 | BB36: 0 | BC36: 0 | BD36: =IFERROR(J36*$Z36*AA36/J$21,0) -> 0 | BE36: =IFERROR(K36*$Z36*AA36/K$21,0) -> 0 | BF36: =IFERROR(L36*$Z36*AA36/L$21,0) -> 0 | BL36: HDE | BN36: =BM36 -> 0 | BO36: 0 | BP36: 0 | BQ36: =IFERROR(M36*$Z36*$AA36/M$21,0) -> 0 | BR36: =IFERROR(N36*$Z36*$AA36/N$21,0) -> 0 | BS36: =IFERROR(O36*$Z36*$AA36/O$21,0) -> 0
C37: =+IF(OFFSET(Processes!B18,$D$11,0)="*","*",OFFSET(Processes!D18,$D$11,0)) -> INDSDPHBELCE1 | D37: =+OFFSET(Processes!E18,$D$11,0) -> Iron & Steel Heat Medium Temp. Boiler - Electricity Existing 1 | E37: =+Processes!O18 -> INDELC | F37: =+OFFSET(Processes!$M$12,$D$11,0) & Processes!P18 -> ISDPH | G37: =ROUNDUP(AN37/($Z37*$AA37)*G$21*W37,3) -> 922.331 | H37: =ROUNDUP(AO37/($Z37*$AA37)*H$21*X37,3) -> 0 | I37: =ROUNDUP(AP37/($Z37*$AA37)*I$21*Y37,3) -> 0 | J37: =ROUNDUP(BA37/($Z37*$AA37)*J$21*W37,3) -> 895.244 | K37: =ROUNDUP(BB37/($Z37*$AA37)*K$21*X37,3) -> 0 | L37: =ROUNDUP(BC37/($Z37*$AA37)*L$21*Y37,3) -> 0 | M37: =ROUNDUP(BN37/($Z37*$AA37)*M$21*W37,3) -> 837.16 | N37: =ROUNDUP(BO37/($Z37*$AA37)*N$21*X37,3) -> 0 | O37: =ROUNDUP(BP37/($Z37*$AA37)*O$21*Y37,3) -> 0 | P37: =M37 -> 837.16 | Q37: =N37 -> 0 | R37: =O37 -> 0 | S37: =IF($AB37=20,0,M37/5)*IF(M37=0,0,1) -> 0 | T37: =IF($AB37=20,0,N37/5)*IF(N37=0,0,1) -> 0 | U37: =IF($AB37=20,0,O37/5)*IF(O37=0,0,1) -> 0 | V37: 5 | W37: =M131 -> 0.931 | X37: =W37 -> 0.931 | Y37: =X37 -> 0.931 | Z37: =3.6*8760/1000000 -> 0.031536 | AA37: =$AA$26 -> 0.5 | AB37: 20 | AG37: =((G37*Z37*AA37/W37)+(H37*Z37*AA37/X37))/$G$21 -> 15.605571 | AH37: =((J37*Z37*AA37/W37)+(K37*Z37*AA37/X37))/$J$21 -> 15.012291 | AI37: =((M37*AA37*Z37/W37)+(N37*Z37*AA37/X37))/$M$21 -> 14.038284 | AL37: ELC | AM37: =O77/1000 -> 15.605568 | AN37: =AM37*$AN$23 -> 15.605568 | AO37: =AM37*$AO$23 -> 0 | AP37: =AM37*$AP$23 -> 0 | AQ37: =IFERROR(G37*$Z37*$AA37/G$21,0) -> 14.528786 | AR37: =IFERROR(H37*$Z37*$AA37/H$21,0) -> 0 | AS37: =IFERROR(I37*$Z37*$AA37/I$21,0) -> 0 | AT37: =IFERROR(AQ37/W37,0) -> 15.605571 | AU37: =IFERROR(AR37/X37,0) -> 0 | AV37: =IFERROR(AS37/Y37,0) -> 0 | AY37: ELC | AZ37: =O97/1000 -> 15.012288 | BA37: =AZ37*$AN$23 -> 15.012288 | BB37: =AZ37*$BB$23 -> 0 | BC37: =AZ37*$BC$23 -> 0 | BD37: =IFERROR(J37*$Z37*AA37/J$21,0) -> 13.976443 | BE37: =IFERROR(K37*$Z37*AA37/K$21,0) -> 0 | BF37: =IFERROR(L37*$Z37*AA37/L$21,0) -> 0 | BG37: =IFERROR(BD37/W37,0) -> 15.012291 | BH37: =IFERROR(BE37/X37,0) -> 0 | BI37: =IFERROR(BF37/Y37,0) -> 0 | BL37: ELC | BM37: =O117/1000 -> 14.038272 | BN37: =BM37*$AN$23 -> 14.038272 | BO37: =BM37*$BB$23 -> 0 | BP37: =BM37*$BC$23 -> 0 | BQ37: =IFERROR(M37*$Z37*$AA37/M$21,0) -> 13.069642 | BR37: =IFERROR(N37*$Z37*$AA37/N$21,0) -> 0 | BS37: =IFERROR(O37*$Z37*$AA37/O$21,0) -> 0 | BT37: =IFERROR(BQ37/W37,0) -> 14.038284 | BU37: =IFERROR(BR37/X37,0) -> 0 | BV37: =IFERROR(BS37/Y37,0) -> 0
C38: =+IF(OFFSET(Processes!B19,$D$11,0)="*","*",OFFSET(Processes!D19,$D$11,0)) -> INDSDCOBNGAE1 | D38: =+OFFSET(Processes!E19,$D$11,0) -> Iron & Steel Heat High Temp. Boiler - Nat. Gas Existing 1 | E38: =+Processes!O19 -> INDSNG1,INDSNG2,INDNGA | F38: =+OFFSET(Processes!$M$12,$D$11,0) & Processes!P19 -> ISDCO | G38: =ROUNDUP(AN38/($Z38*$AA38)*G$21*W38,3) -> 0 | H38: =ROUNDUP(AO38/($Z38*$AA38)*H$21*X38,3) -> 0 | I38: =ROUNDUP(AP38/($Z38*$AA38)*I$21*Y38,3) -> 0 | J38: =ROUNDUP(BA38/($Z38*$AA38)*J$21*W38,3) -> 0 | K38: =ROUNDUP(BB38/($Z38*$AA38)*K$21*X38,3) -> 0 | L38: =ROUNDUP(BC38/($Z38*$AA38)*L$21*Y38,3) -> 0 | M38: =ROUNDUP(BN38/($Z38*$AA38)*M$21*W38,3) -> 0 | N38: =ROUNDUP(BO38/($Z38*$AA38)*N$21*X38,3) -> 0 | O38: =ROUNDUP(BP38/($Z38*$AA38)*O$21*Y38,3) -> 0 | P38: =M38 -> 0 | Q38: =N38 -> 0 | R38: =O38 -> 0 | S38: =IF($AB38=20,0,M38/5)*IF(M38=0,0,1) -> 0 | T38: =IF($AB38=20,0,N38/5)*IF(N38=0,0,1) -> 0 | U38: =IF($AB38=20,0,O38/5)*IF(O38=0,0,1) -> 0 | V38: 5 | W38: =I132 -> 0.9604 | X38: =W38 -> 0.9604 | Y38: =X38 -> 0.9604 | Z38: =3.6*8760/1000000 -> 0.031536 | AA38: =$AA$26 -> 0.5 | AB38: 20 | AG38: =((G38*Z38*AA38/W38)+(H38*Z38*AA38/X38))/$G$21 -> 0 | AH38: =((J38*Z38*AA38/W38)+(K38*Z38*AA38/X38))/$J$21 -> 0 | AI38: =((M38*AA38*Z38/W38)+(N38*Z38*AA38/X38))/$M$21 -> 0 | AK38: =F38 -> ISDCO | AL38: NGA | AM38: =(J78+I78)/1000 -> 0 | AN38: =AM38*$AN$23 -> 0 | AO38: =AM38*(1-$AN$23) -> 0 | AQ38: =IFERROR(G38*$Z38*$AA38/G$21,0) -> 0 | AR38: =IFERROR(H38*$Z38*$AA38/H$21,0) -> 0 | AS38: =IFERROR(I38*$Z38*$AA38/I$21,0) -> 0 | AT38: =IFERROR(AQ38/W38,0) -> 0 | AU38: =IFERROR(AR38/X38,0) -> 0 | AV38: =IFERROR(AS38/Y38,0) -> 0 | AX38: =AK38 -> ISDCO | AY38: NGA | AZ38: =(J98+I98)/1000 -> 0 | BA38: =AZ38*$AN$23 -> 0 | BB38: =AZ38*$BB$23 -> 0 | BC38: =AZ38*$BC$23 -> 0 | BD38: =IFERROR(J38*$Z38*AA38/J$21,0) -> 0 | BE38: =IFERROR(K38*$Z38*AA38/K$21,0) -> 0 | BF38: =IFERROR(L38*$Z38*AA38/L$21,0) -> 0 | BG38: =IFERROR(BD38/W38,0) -> 0 | BH38: =IFERROR(BE38/X38,0) -> 0 | BI38: =IFERROR(BF38/Y38,0) -> 0 | BK38: =AK38 -> ISDCO | BL38: NGA | BM38: =(J118+I188)/1000 -> 0 | BN38: =BM38*$AN$23 -> 0 | BO38: =BM38*$BB$23 -> 0 | BP38: =BM38*$BC$23 -> 0 | BQ38: =IFERROR(M38*$Z38*$AA38/M$21,0) -> 0 | BR38: =IFERROR(N38*$Z38*$AA38/N$21,0) -> 0 | BS38: =IFERROR(O38*$Z38*$AA38/O$21,0) -> 0 | BT38: =IFERROR(BQ38/W38,0) -> 0 | BU38: =IFERROR(BR38/X38,0) -> 0 | BV38: =IFERROR(BS38/Y38,0) -> 0
C39: =+IF(OFFSET(Processes!B20,$D$11,0)="*","*",OFFSET(Processes!D20,$D$11,0)) -> INDSDCOBCOAE1 | D39: =+OFFSET(Processes!E20,$D$11,0) -> Iron & Steel Heat High Temp. Boiler - Coal Existing 1 | E39: =+Processes!O20 -> INDCOA | F39: =+OFFSET(Processes!$M$12,$D$11,0) & Processes!P20 -> ISDCO | G39: =ROUNDUP(AN39/($Z39*$AA39)*G$21*W39,3) -> 0 | H39: =ROUNDUP(AO39/($Z39*$AA39)*H$21*X39,3) -> 0 | I39: =ROUNDUP(AP39/($Z39*$AA39)*I$21*Y39,3) -> 0 | J39: =ROUNDUP(BA39/($Z39*$AA39)*J$21*W39,3) -> 0 | K39: =ROUNDUP(BB39/($Z39*$AA39)*K$21*X39,3) -> 0 | L39: =ROUNDUP(BC39/($Z39*$AA39)*L$21*Y39,3) -> 0 | M39: =ROUNDUP(BN39/($Z39*$AA39)*M$21*W39,3) -> 0 | N39: =ROUNDUP(BO39/($Z39*$AA39)*N$21*X39,3) -> 0 | O39: =ROUNDUP(BP39/($Z39*$AA39)*O$21*Y39,3) -> 0 | P39: =M39 -> 0 | Q39: =N39 -> 0 | R39: =O39 -> 0 | S39: =IF($AB39=20,0,M39/5)*IF(M39=0,0,1) -> 0 | T39: =IF($AB39=20,0,N39/5)*IF(N39=0,0,1) -> 0 | U39: =IF($AB39=20,0,O39/5)*IF(O39=0,0,1) -> 0 | V39: 5 | W39: =D132 -> 0.91238 | X39: =W39 -> 0.91238 | Y39: =X39 -> 0.91238 | Z39: =3.6*8760/1000000 -> 0.031536 | AA39: =$AA$26 -> 0.5 | AB39: 20 | AG39: =((G39*Z39*AA39/W39)+(H39*Z39*AA39/X39))/$G$21 -> 0 | AH39: =((J39*Z39*AA39/W39)+(K39*Z39*AA39/X39))/$J$21 -> 0 | AI39: =((M39*AA39*Z39/W39)+(N39*Z39*AA39/X39))/$M$21 -> 0 | AL39: COA | AM39: =D78/1000 -> 0 | AN39: =AM39*$AN$23 -> 0 | AO39: =AM39*(1-$AN$23) -> 0 | AQ39: =IFERROR(G39*$Z39*$AA39/G$21,0) -> 0 | AR39: =IFERROR(H39*$Z39*$AA39/H$21,0) -> 0 | AS39: =IFERROR(I39*$Z39*$AA39/I$21,0) -> 0 | AT39: =IFERROR(AQ39/W39,0) -> 0 | AU39: =IFERROR(AR39/X39,0) -> 0 | AV39: =IFERROR(AS39/Y39,0) -> 0 | AY39: COA | AZ39: =D98/1000 -> 0 | BA39: =AZ39*$AN$23 -> 0 | BB39: =AZ39*$BB$23 -> 0 | BC39: =AZ39*$BC$23 -> 0 | BD39: =IFERROR(J39*$Z39*AA39/J$21,0) -> 0 | BE39: =IFERROR(K39*$Z39*AA39/K$21,0) -> 0 | BF39: =IFERROR(L39*$Z39*AA39/L$21,0) -> 0 | BG39: =IFERROR(BD39/W39,0) -> 0 | BH39: =IFERROR(BE39/X39,0) -> 0 | BI39: =IFERROR(BF39/Y39,0) -> 0 | BL39: COA | BM39: =D118/1000 -> 0 | BN39: =BM39*$AN$23 -> 0 | BO39: =BM39*$BB$23 -> 0 | BP39: =BM39*$BC$23 -> 0 | BQ39: =IFERROR(M39*$Z39*$AA39/M$21,0) -> 0 | BR39: =IFERROR(N39*$Z39*$AA39/N$21,0) -> 0 | BS39: =IFERROR(O39*$Z39*$AA39/O$21,0) -> 0 | BT39: =IFERROR(BQ39/W39,0) -> 0 | BU39: =IFERROR(BR39/X39,0) -> 0 | BV39: =IFERROR(BS39/Y39,0) -> 0
C40: =+IF(OFFSET(Processes!B21,$D$11,0)="*","*",OFFSET(Processes!D21,$D$11,0)) -> INDSDCOBDSLE1 | D40: =+OFFSET(Processes!E21,$D$11,0) -> Iron & Steel Heat High Temp. Boiler - Diesel Existing 1 | E40: =+Processes!O21 -> INDDSB1,INDDSB2,INDDSL | F40: =+OFFSET(Processes!$M$12,$D$11,0) & Processes!P21 -> ISDCO | G40: =ROUNDUP(AN40/($Z40*$AA40)*G$21*W40,3) -> 0 | H40: =ROUNDUP(AO40/($Z40*$AA40)*H$21*X40,3) -> 0 | I40: =ROUNDUP(AP40/($Z40*$AA40)*I$21*Y40,3) -> 0 | J40: =ROUNDUP(BA40/($Z40*$AA40)*J$21*W40,3) -> 0 | K40: =ROUNDUP(BB40/($Z40*$AA40)*K$21*X40,3) -> 0 | L40: =ROUNDUP(BC40/($Z40*$AA40)*L$21*Y40,3) -> 0 | M40: =ROUNDUP(BN40/($Z40*$AA40)*M$21*W40,3) -> 0 | N40: =ROUNDUP(BO40/($Z40*$AA40)*N$21*X40,3) -> 0 | O40: =ROUNDUP(BP40/($Z40*$AA40)*O$21*Y40,3) -> 0 | P40: =M40 -> 0 | Q40: =N40 -> 0 | R40: =O40 -> 0 | S40: =IF($AB40=20,0,M40/5)*IF(M40=0,0,1) -> 0 | T40: =IF($AB40=20,0,N40/5)*IF(N40=0,0,1) -> 0 | U40: =IF($AB40=20,0,O40/5)*IF(O40=0,0,1) -> 0 | V40: 5 | W40: =F132 -> 0.921984 | X40: =W40 -> 0.921984 | Y40: =X40 -> 0.921984 | Z40: =3.6*8760/1000000 -> 0.031536 | AA40: =$AA$26 -> 0.5 | AB40: 20 | AG40: =((G40*Z40*AA40/W40)+(H40*Z40*AA40/X40))/$G$21 -> 0 | AH40: =((J40*Z40*AA40/W40)+(K40*Z40*AA40/X40))/$J$21 -> 0 | AI40: =((M40*AA40*Z40/W40)+(N40*Z40*AA40/X40))/$M$21 -> 0 | AL40: DSL | AM40: =(F78+L78)/1000 -> 0 | AN40: =AM40*$AN$23 -> 0 | AO40: =AM40*(1-$AN$23) -> 0 | AQ40: =IFERROR(G40*$Z40*$AA40/G$21,0) -> 0 | AR40: =IFERROR(H40*$Z40*$AA40/H$21,0) -> 0 | AS40: =IFERROR(I40*$Z40*$AA40/I$21,0) -> 0 | AT40: =IFERROR(AQ40/W40,0) -> 0 | AU40: =IFERROR(AR40/X40,0) -> 0 | AV40: =IFERROR(AS40/Y40,0) -> 0 | AY40: DSL | AZ40: =(F98+L98)/1000 -> 0 | BA40: =AZ40*$AN$23 -> 0 | BB40: =AZ40*$BB$23 -> 0 | BC40: =AZ40*$BC$23 -> 0 | BD40: =IFERROR(J40*$Z40*AA40/J$21,0) -> 0 | BE40: =IFERROR(K40*$Z40*AA40/K$21,0) -> 0 | BF40: =IFERROR(L40*$Z40*AA40/L$21,0) -> 0 | BG40: =IFERROR(BD40/W40,0) -> 0 | BH40: =IFERROR(BE40/X40,0) -> 0 | BI40: =IFERROR(BF40/Y40,0) -> 0 | BL40: DSL | BM40: =(F118+L118)/1000 -> 0 | BN40: =BM40*$AN$23 -> 0 | BO40: =BM40*$BB$23 -> 0 | BP40: =BM40*$BC$23 -> 0 | BQ40: =IFERROR(M40*$Z40*$AA40/M$21,0) -> 0 | BR40: =IFERROR(N40*$Z40*$AA40/N$21,0) -> 0 | BS40: =IFERROR(O40*$Z40*$AA40/O$21,0) -> 0 | BT40: =IFERROR(BQ40/W40,0) -> 0 | BU40: =IFERROR(BR40/X40,0) -> 0 | BV40: =IFERROR(BS40/Y40,0) -> 0
C41: =+IF(OFFSET(Processes!B22,$D$11,0)="*","*",OFFSET(Processes!D22,$D$11,0)) -> INDSDCOBWPEE1 | D41: =+OFFSET(Processes!E22,$D$11,0) -> Iron & Steel Heat High Temp. Boiler - Wood Pellets Existing 1 | E41: =+Processes!O22 -> INDWPE | F41: =+OFFSET(Processes!$M$12,$D$11,0) & Processes!P22 -> ISDCO | G41: =ROUNDUP(AN41/($Z41*$AA41)*G$21*W41,3) -> 0 | H41: =ROUNDUP(AO41/($Z41*$AA41)*H$21*X41,3) -> 0 | I41: =ROUNDUP(AP41/($Z41*$AA41)*I$21*Y41,3) -> 0 | J41: =ROUNDUP(BA41/($Z41*$AA41)*J$21*W41,3) -> 0 | K41: =ROUNDUP(BB41/($Z41*$AA41)*K$21*X41,3) -> 0 | L41: =ROUNDUP(BC41/($Z41*$AA41)*L$21*Y41,3) -> 0 | M41: =ROUNDUP(BN41/($Z41*$AA41)*M$21*W41,3) -> 0 | N41: =ROUNDUP(BO41/($Z41*$AA41)*N$21*X41,3) -> 0 | O41: =ROUNDUP(BP41/($Z41*$AA41)*O$21*Y41,3) -> 0 | P41: =M41 -> 0 | Q41: =N41 -> 0 | R41: =O41 -> 0 | S41: =IF($AB41=20,0,M41/5)*IF(M41=0,0,1) -> 0 | T41: =IF($AB41=20,0,N41/5)*IF(N41=0,0,1) -> 0 | U41: =IF($AB41=20,0,O41/5)*IF(O41=0,0,1) -> 0 | V41: 5 | W41: =K132 -> 0.81634 | X41: =W41 -> 0.81634 | Y41: =X41 -> 0.81634 | Z41: =3.6*8760/1000000 -> 0.031536 | AA41: =$AA$26 -> 0.5 | AB41: 20 | AC41: 0.5 | AD41: 0.5 | AE41: 5 | AG41: =((G41*Z41*AA41/W41)+(H41*Z41*AA41/X41))/$G$21 -> 0 | AH41: =((J41*Z41*AA41/W41)+(K41*Z41*AA41/X41))/$J$21 -> 0 | AI41: =((M41*AA41*Z41/W41)+(N41*Z41*AA41/X41))/$M$21 -> 0 | AL41: WPE | AM41: =M78/1000 -> 0 | AN41: =AM41*$AN$23 -> 0 | AO41: =AM41*(1-$AN$23) -> 0 | AQ41: =IFERROR(G41*$Z41*$AA41/G$21,0) -> 0 | AR41: =IFERROR(H41*$Z41*$AA41/H$21,0) -> 0 | AS41: =IFERROR(I41*$Z41*$AA41/I$21,0) -> 0 | AT41: =IFERROR(AQ41/W41,0) -> 0 | AU41: =IFERROR(AR41/X41,0) -> 0 | AV41: =IFERROR(AS41/Y41,0) -> 0 | AY41: WPE | AZ41: =M98/1000 -> 0 | BA41: =AZ41*$AN$23 -> 0 | BB41: =AZ41*$BB$23 -> 0 | BC41: =AZ41*$BC$23 -> 0 | BD41: =IFERROR(J41*$Z41*AA41/J$21,0) -> 0 | BE41: =IFERROR(K41*$Z41*AA41/K$21,0) -> 0 | BF41: =IFERROR(L41*$Z41*AA41/L$21,0) -> 0 | BG41: =IFERROR(BD41/W41,0) -> 0 | BH41: =IFERROR(BE41/X41,0) -> 0 | BI41: =IFERROR(BF41/Y41,0) -> 0 | BL41: WPE | BM41: =M118/1000 -> 0 | BN41: =BM41*$AN$23 -> 0 | BO41: =BM41*$BB$23 -> 0 | BP41: =BM41*$BC$23 -> 0 | BQ41: =IFERROR(M41*$Z41*$AA41/M$21,0) -> 0 | BR41: =IFERROR(N41*$Z41*$AA41/N$21,0) -> 0 | BS41: =IFERROR(O41*$Z41*$AA41/O$21,0) -> 0 | BT41: =IFERROR(BQ41/W41,0) -> 0 | BU41: =IFERROR(BR41/X41,0) -> 0 | BV41: =IFERROR(BS41/Y41,0) -> 0
E42: =+Processes!O23 -> INDWCH | P42: =M42 -> 0 | Q42: =N42 -> 0 | R42: =O42 -> 0 | S42: =IF($AB42=20,0,M42/5)*IF(M42=0,0,1) -> 0 | T42: =IF($AB42=20,0,N42/5)*IF(N42=0,0,1) -> 0 | U42: =IF($AB42=20,0,O42/5)*IF(O42=0,0,1) -> 0 | V42: =IF(S42>0,0.001,"") | AC42: =1-AC41 -> 0.5 | AD42: =1-AD41 -> 0.5 | AE42: 5 | AL42: WCH | AQ42: =IFERROR(G42*$Z42*$AA42/G$21,0) -> 0 | AR42: =IFERROR(H42*$Z42*$AA42/H$21,0) -> 0 | AS42: =IFERROR(I42*$Z42*$AA42/I$21,0) -> 0 | AY42: WCH | BA42: =AZ42*$AN$23 -> 0 | BB42: =AZ42*$BB$23 -> 0 | BC42: =AZ42*$BC$23 -> 0 | BD42: =IFERROR(J42*$Z42*AA42/J$21,0) -> 0 | BE42: =IFERROR(K42*$Z42*AA42/K$21,0) -> 0 | BF42: =IFERROR(L42*$Z42*AA42/L$21,0) -> 0 | BG42: =IFERROR(BD42/W42,0) -> 0 | BH42: =IFERROR(BE42/X42,0) -> 0 | BI42: =IFERROR(BF42/Y42,0) -> 0 | BL42: WCH | BO42: =BM42*$BB$23 -> 0 | BP42: =BM42*$BC$23 -> 0 | BQ42: =IFERROR(M42*$Z42*$AA42/M$21,0) -> 0 | BR42: =IFERROR(N42*$Z42*$AA42/N$21,0) -> 0 | BS42: =IFERROR(O42*$Z42*$AA42/O$21,0) -> 0 | BT42: =IFERROR(BQ42/W42,0) -> 0 | BU42: =IFERROR(BR42/X42,0) -> 0 | BV42: =IFERROR(BS42/Y42,0) -> 0
C43: =+IF(OFFSET(Processes!B24,$D$11,0)="*","*",OFFSET(Processes!D24,$D$11,0)) -> INDSDCOBHFOE1 | D43: =+OFFSET(Processes!E24,$D$11,0) -> Iron & Steel Heat High Temp. Boiler - Heavy Fuel Oil Existing 1 | E43: =+Processes!O24 -> INDHFO | F43: =+OFFSET(Processes!$M$12,$D$11,0) & Processes!P24 -> ISDCO | G43: =ROUNDUP(AN43/($Z43*$AA43)*G$21*W43,3) -> 0 | H43: =ROUNDUP(AO43/($Z43*$AA43)*H$21*X43,3) -> 0 | I43: =ROUNDUP(AP43/($Z43*$AA43)*I$21*Y43,3) -> 0 | J43: =ROUNDUP(BA43/($Z43*$AA43)*J$21*W43,3) -> 0 | K43: =ROUNDUP(BB43/($Z43*$AA43)*K$21*X43,3) -> 0 | L43: =ROUNDUP(BC43/($Z43*$AA43)*L$21*Y43,3) -> 0 | M43: =ROUNDUP(BN43/($Z43*$AA43)*M$21*W43,3) -> 0 | N43: =ROUNDUP(BO43/($Z43*$AA43)*N$21*X43,3) -> 0 | O43: =ROUNDUP(BP43/($Z43*$AA43)*O$21*Y43,3) -> 0 | P43: =M43 -> 0 | Q43: =N43 -> 0 | R43: =O43 -> 0 | S43: =IF($AB43=20,0,M43/5)*IF(M43=0,0,1) -> 0 | T43: =IF($AB43=20,0,N43/5)*IF(N43=0,0,1) -> 0 | U43: =IF($AB43=20,0,O43/5)*IF(O43=0,0,1) -> 0 | V43: 5 | W43: =E132 -> 0.91238 | X43: =W43 -> 0.91238 | Y43: =X43 -> 0.91238 | Z43: =3.6*8760/1000000 -> 0.031536 | AA43: =$AA$26 -> 0.5 | AB43: 20 | AG43: =((G43*Z43*AA43/W43)+(H43*Z43*AA43/X43))/$G$21 -> 0 | AH43: =((J43*Z43*AA43/W43)+(K43*Z43*AA43/X43))/$J$21 -> 0 | AI43: =((M43*AA43*Z43/W43)+(N43*Z43*AA43/X43))/$M$21 -> 0 | AL43: HFO | AM43: =E78/1000 -> 0 | AN43: =AM43*$AN$23 -> 0 | AO43: =AM43*(1-$AN$23) -> 0 | AQ43: =IFERROR(G43*$Z43*$AA43/G$21,0) -> 0 | AR43: =IFERROR(H43*$Z43*$AA43/H$21,0) -> 0 | AS43: =IFERROR(I43*$Z43*$AA43/I$21,0) -> 0 | AT43: =IFERROR(AQ43/W43,0) -> 0 | AU43: =IFERROR(AR43/X43,0) -> 0 | AV43: =IFERROR(AS43/Y43,0) -> 0 | AY43: HFO | AZ43: =E98/1000 -> 0 | BA43: =AZ43*$AN$23 -> 0 | BB43: =AZ43*$BB$23 -> 0 | BC43: =AZ43*$BC$23 -> 0 | BD43: =IFERROR(J43*$Z43*AA43/J$21,0) -> 0 | BE43: =IFERROR(K43*$Z43*AA43/K$21,0) -> 0 | BF43: =IFERROR(L43*$Z43*AA43/L$21,0) -> 0 | BG43: =IFERROR(BD43/W43,0) -> 0 | BH43: =IFERROR(BE43/X43,0) -> 0 | BI43: =IFERROR(BF43/Y43,0) -> 0 | BL43: HFO | BM43: =E118/1000 -> 0 | BN43: =BM43*$AN$23 -> 0 | BO43: =BM43*$BB$23 -> 0 | BP43: =BM43*$BC$23 -> 0 | BQ43: =IFERROR(M43*$Z43*$AA43/M$21,0) -> 0 | BR43: =IFERROR(N43*$Z43*$AA43/N$21,0) -> 0 | BS43: =IFERROR(O43*$Z43*$AA43/O$21,0) -> 0 | BT43: =IFERROR(BQ43/W43,0) -> 0 | BU43: =IFERROR(BR43/X43,0) -> 0 | BV43: =IFERROR(BS43/Y43,0) -> 0
C44: =+IF(OFFSET(Processes!B25,$D$11,0)="*","*",OFFSET(Processes!D25,$D$11,0)) -> INDSDCOBLPGE1 | D44: =+OFFSET(Processes!E25,$D$11,0) -> Iron & Steel Heat High Temp. Boiler - Liquified Petroleum Gas Existing 1 | E44: =+Processes!O25 -> INDLPG | F44: =+OFFSET(Processes!$M$12,$D$11,0) & Processes!P25 -> ISDCO | G44: =ROUNDUP(AN44/($Z44*$AA44)*G$21*W44,3) -> 0 | H44: =ROUNDUP(AO44/($Z44*$AA44)*H$21*X44,3) -> 0 | I44: =ROUNDUP(AP44/($Z44*$AA44)*I$21*Y44,3) -> 0 | J44: =ROUNDUP(BA44/($Z44*$AA44)*J$21*W44,3) -> 0 | K44: =ROUNDUP(BB44/($Z44*$AA44)*K$21*X44,3) -> 0 | L44: =ROUNDUP(BC44/($Z44*$AA44)*L$21*Y44,3) -> 0 | M44: =ROUNDUP(BN44/($Z44*$AA44)*M$21*W44,3) -> 0 | N44: =ROUNDUP(BO44/($Z44*$AA44)*N$21*X44,3) -> 0 | O44: =ROUNDUP(BP44/($Z44*$AA44)*O$21*Y44,3) -> 0 | P44: =M44 -> 0 | Q44: =N44 -> 0 | R44: =O44 -> 0 | S44: =IF($AB44=20,0,M44/5)*IF(M44=0,0,1) -> 0 | T44: =IF($AB44=20,0,N44/5)*IF(N44=0,0,1) -> 0 | U44: =IF($AB44=20,0,O44/5)*IF(O44=0,0,1) -> 0 | V44: 5 | W44: =H132 -> 0.9604 | X44: =W44 -> 0.9604 | Y44: =X44 -> 0.9604 | Z44: =3.6*8760/1000000 -> 0.031536 | AA44: =$AA$26 -> 0.5 | AB44: 20 | AG44: =((G44*Z44*AA44/W44)+(H44*Z44*AA44/X44))/$G$21 -> 0 | AH44: =((J44*Z44*AA44/W44)+(K44*Z44*AA44/X44))/$J$21 -> 0 | AI44: =((M44*AA44*Z44/W44)+(N44*Z44*AA44/X44))/$M$21 -> 0 | AL44: LPG | AM44: =H78/1000 -> 0 | AN44: =AM44*$AN$23 -> 0 | AO44: =AM44*(1-$AN$23) -> 0 | AQ44: =IFERROR(G44*$Z44*$AA44/G$21,0) -> 0 | AR44: =IFERROR(H44*$Z44*$AA44/H$21,0) -> 0 | AS44: =IFERROR(I44*$Z44*$AA44/I$21,0) -> 0 | AT44: =IFERROR(AQ44/W44,0) -> 0 | AU44: =IFERROR(AR44/X44,0) -> 0 | AV44: =IFERROR(AS44/Y44,0) -> 0 | AY44: LPG | AZ44: =H98/1000 -> 0 | BA44: =AZ44*$AN$23 -> 0 | BB44: =AZ44*$BB$23 -> 0 | BC44: =AZ44*$BC$23 -> 0 | BD44: =IFERROR(J44*$Z44*AA44/J$21,0) -> 0 | BE44: =IFERROR(K44*$Z44*AA44/K$21,0) -> 0 | BF44: =IFERROR(L44*$Z44*AA44/L$21,0) -> 0 | BG44: =IFERROR(BD44/W44,0) -> 0 | BH44: =IFERROR(BE44/X44,0) -> 0 | BI44: =IFERROR(BF44/Y44,0) -> 0 | BL44: LPG | BM44: =H118/1000 -> 0 | BN44: =BM44*$AN$23 -> 0 | BO44: =BM44*$BB$23 -> 0 | BP44: =BM44*$BC$23 -> 0 | BQ44: =IFERROR(M44*$Z44*$AA44/M$21,0) -> 0 | BR44: =IFERROR(N44*$Z44*$AA44/N$21,0) -> 0 | BS44: =IFERROR(O44*$Z44*$AA44/O$21,0) -> 0 | BT44: =IFERROR(BQ44/W44,0) -> 0 | BU44: =IFERROR(BR44/X44,0) -> 0 | BV44: =IFERROR(BS44/Y44,0) -> 0
C45: =+IF(OFFSET(Processes!B26,$D$11,0)="*","*",OFFSET(Processes!D26,$D$11,0)) -> INDSDCOBWSTE1 | D45: =+OFFSET(Processes!E26,$D$11,0) -> Iron & Steel Heat High Temp. Boiler - Waste Existing 1 | E45: =+Processes!O26 -> INDWST | F45: =+OFFSET(Processes!$M$12,$D$11,0) & Processes!P26 -> ISDCO | G45: =ROUNDUP(AN45/($Z45*$AA45)*G$21*W45,3) -> 0 | H45: =ROUNDUP(AO45/($Z45*$AA45)*H$21*X45,3) -> 0 | I45: =ROUNDUP(AP45/($Z45*$AA45)*I$21*Y45,3) -> 0 | J45: =ROUNDUP(BA45/($Z45*$AA45)*J$21*W45,3) -> 0 | K45: =ROUNDUP(BB45/($Z45*$AA45)*K$21*X45,3) -> 0 | L45: =ROUNDUP(BC45/($Z45*$AA45)*L$21*Y45,3) -> 0 | M45: =ROUNDUP(BN45/($Z45*$AA45)*M$21*W45,3) -> 0 | N45: =ROUNDUP(BO45/($Z45*$AA45)*N$21*X45,3) -> 0 | O45: =ROUNDUP(BP45/($Z45*$AA45)*O$21*Y45,3) -> 0 | P45: =M45 -> 0 | Q45: =N45 -> 0 | R45: =O45 -> 0 | S45: =IF($AB45=20,0,M45/5)*IF(M45=0,0,1) -> 0 | T45: =IF($AB45=20,0,N45/5)*IF(N45=0,0,1) -> 0 | U45: =IF($AB45=20,0,O45/5)*IF(O45=0,0,1) -> 0 | V45: 5 | W45: =L132 -> 0.91238 | X45: =W45 -> 0.91238 | Y45: =X45 -> 0.91238 | Z45: =3.6*8760/1000000 -> 0.031536 | AA45: =$AA$26 -> 0.5 | AB45: 20 | AG45: =((G45*Z45*AA45/W45)+(H45*Z45*AA45/X45))/$G$21 -> 0 | AH45: =((J45*Z45*AA45/W45)+(K45*Z45*AA45/X45))/$J$21 -> 0 | AI45: =((M45*AA45*Z45/W45)+(N45*Z45*AA45/X45))/$M$21 -> 0 | AL45: WST | AM45: =$N78/1000 -> 0 | AN45: =AM45*$AN$23 -> 0 | AO45: =AM45*(1-$AN$23) -> 0 | AQ45: =IFERROR(G45*$Z45*$AA45/G$21,0) -> 0 | AR45: =IFERROR(H45*$Z45*$AA45/H$21,0) -> 0 | AS45: =IFERROR(I45*$Z45*$AA45/I$21,0) -> 0 | AT45: =IFERROR(AQ45/W45,0) -> 0 | AU45: =IFERROR(AR45/X45,0) -> 0 | AV45: =IFERROR(AS45/Y45,0) -> 0 | AY45: WST | AZ45: =$N98/1000 -> 0 | BA45: =AZ45*$AN$23 -> 0 | BB45: =AZ45*$BB$23 -> 0 | BC45: =AZ45*$BC$23 -> 0 | BD45: =IFERROR(J45*$Z45*AA45/J$21,0) -> 0 | BE45: =IFERROR(K45*$Z45*AA45/K$21,0) -> 0 | BF45: =IFERROR(L45*$Z45*AA45/L$21,0) -> 0 | BG45: =IFERROR(BD45/W45,0) -> 0 | BH45: =IFERROR(BE45/X45,0) -> 0 | BI45: =IFERROR(BF45/Y45,0) -> 0 | BL45: WST | BM45: =$N118/1000 -> 0 | BN45: =BM45*$AN$23 -> 0 | BO45: =BM45*$BB$23 -> 0 | BP45: =BM45*$BC$23 -> 0 | BQ45: =IFERROR(M45*$Z45*$AA45/M$21,0) -> 0 | BR45: =IFERROR(N45*$Z45*$AA45/N$21,0) -> 0 | BS45: =IFERROR(O45*$Z45*$AA45/O$21,0) -> 0 | BT45: =IFERROR(BQ45/W45,0) -> 0 | BU45: =IFERROR(BR45/X45,0) -> 0 | BV45: =IFERROR(BS45/Y45,0) -> 0
C46: =+IF(OFFSET(Processes!B27,$D$11,0)="*","*",OFFSET(Processes!D27,$D$11,0)) -> INDSDCOBELCE1 | D46: =+OFFSET(Processes!E27,$D$11,0) -> Iron & Steel Heat High Temp. Boiler - Electricity Existing 1 | E46: =+Processes!O27 -> INDELC | F46: =+OFFSET(Processes!$M$12,$D$11,0) & Processes!P27 -> ISDCO | G46: =ROUNDUP(AN46/($Z46*$AA46)*G$21*W46,3) -> 564.928 | H46: =ROUNDUP(AO46/($Z46*$AA46)*H$21*X46,3) -> 0 | I46: =ROUNDUP(AP46/($Z46*$AA46)*I$21*Y46,3) -> 0 | J46: =ROUNDUP(BA46/($Z46*$AA46)*J$21*W46,3) -> 548.337 | K46: =ROUNDUP(BB46/($Z46*$AA46)*K$21*X46,3) -> 0 | L46: =ROUNDUP(BC46/($Z46*$AA46)*L$21*Y46,3) -> 0 | M46: =ROUNDUP(BN46/($Z46*$AA46)*M$21*W46,3) -> 512.761 | N46: =ROUNDUP(BO46/($Z46*$AA46)*N$21*X46,3) -> 0 | O46: =ROUNDUP(BP46/($Z46*$AA46)*O$21*Y46,3) -> 0 | P46: =M46 -> 512.761 | Q46: =N46 -> 0 | R46: =O46 -> 0 | S46: =IF($AB46=20,0,M46/5)*IF(M46=0,0,1) -> 0 | T46: =IF($AB46=20,0,N46/5)*IF(N46=0,0,1) -> 0 | U46: =IF($AB46=20,0,O46/5)*IF(O46=0,0,1) -> 0 | V46: 5 | W46: =M132 -> 0.91238 | X46: =W46 -> 0.91238 | Y46: =X46 -> 0.91238 | Z46: =3.6*8760/1000000 -> 0.031536 | AA46: =$AA$26 -> 0.5 | AB46: 20 | AG46: =((G46*Z46*AA46/W46)+(H46*Z46*AA46/X46))/$G$21 -> 9.7534863 | AH46: =((J46*Z46*AA46/W46)+(K46*Z46*AA46/X46))/$J$21 -> 9.3826828 | AI46: =((M46*AA46*Z46/W46)+(N46*Z46*AA46/X46))/$M$21 -> 8.7739361 | AL46: ELC | AM46: =O78/1000 -> 9.75348 | AN46: =AM46*$AN$23 -> 9.75348 | AO46: =AM46*(1-$AN$23) -> 0 | AQ46: =IFERROR(G46*$Z46*$AA46/G$21,0) -> 8.8988858 | AR46: =IFERROR(H46*$Z46*$AA46/H$21,0) -> 0 | AS46: =IFERROR(I46*$Z46*$AA46/I$21,0) -> 0 | AT46: =IFERROR(AQ46/W46,0) -> 9.7534863 | AU46: =IFERROR(AR46/X46,0) -> 0 | AV46: =IFERROR(AS46/Y46,0) -> 0 | AY46: ELC | AZ46: =O98/1000 -> 9.38268 | BA46: =AZ46*$AN$23 -> 9.38268 | BB46: =AZ46*$BB$23 -> 0 | BC46: =AZ46*$BC$23 -> 0 | BD46: =IFERROR(J46*$Z46*AA46/J$21,0) -> 8.5605721 | BE46: =IFERROR(K46*$Z46*AA46/K$21,0) -> 0 | BF46: =IFERROR(L46*$Z46*AA46/L$21,0) -> 0 | BG46: =IFERROR(BD46/W46,0) -> 9.3826828 | BH46: =IFERROR(BE46/X46,0) -> 0 | BI46: =IFERROR(BF46/Y46,0) -> 0 | BL46: ELC | BM46: =O118/1000 -> 8.77392 | BN46: =BM46*$AN$23 -> 8.77392 | BO46: =BM46*$BB$23 -> 0 | BP46: =BM46*$BC$23 -> 0 | BQ46: =IFERROR(M46*$Z46*$AA46/M$21,0) -> 8.0051638 | BR46: =IFERROR(N46*$Z46*$AA46/N$21,0) -> 0 | BS46: =IFERROR(O46*$Z46*$AA46/O$21,0) -> 0 | BT46: =IFERROR(BQ46/W46,0) -> 8.7739361 | BU46: =IFERROR(BR46/X46,0) -> 0 | BV46: =IFERROR(BS46/Y46,0) -> 0
C47: =+IF(OFFSET(Processes!B28,$D$11,0)="*","*",OFFSET(Processes!D28,$D$11,0)) -> INDSDSHBNGAE1 | D47: =+OFFSET(Processes!E28,$D$11,0) -> Iron & Steel Heat Room Boiler - Nat. Gas Existing 1 | E47: =+Processes!O28 -> INDSNG1,INDSNG2,INDNGA | F47: =+OFFSET(Processes!$M$12,$D$11,0) & Processes!P28 -> ISDSH | G47: =ROUNDUP(AN47/($Z47*$AA47)*G$21*W47,3) -> 0 | H47: =ROUNDUP(AO47/($Z47*$AA47)*H$21*X47,3) -> 0 | I47: =ROUNDUP(AP47/($Z47*$AA47)*I$21*Y47,3) -> 0 | J47: =ROUNDUP(BA47/($Z47*$AA47)*J$21*W47,3) -> 0 | K47: =ROUNDUP(BB47/($Z47*$AA47)*K$21*X47,3) -> 0 | L47: =ROUNDUP(BC47/($Z47*$AA47)*L$21*Y47,3) -> 0 | M47: =ROUNDUP(BN47/($Z47*$AA47)*M$21*W47,3) -> 0 | N47: =ROUNDUP(BO47/($Z47*$AA47)*N$21*X47,3) -> 0 | O47: =ROUNDUP(BP47/($Z47*$AA47)*O$21*Y47,3) -> 0 | P47: =M47 -> 0 | Q47: =N47 -> 0 | R47: =O47 -> 0 | S47: =IF($AB47=20,0,M47/5)*IF(M47=0,0,1) -> 0 | T47: =IF($AB47=20,0,N47/5)*IF(N47=0,0,1) -> 0 | U47: =IF($AB47=20,0,O47/5)*IF(O47=0,0,1) -> 0 | V47: 5 | W47: =I136 -> 1 | X47: =W47 -> 1 | Y47: =X47 -> 1 | Z47: =3.6*8760/1000000 -> 0.031536 | AA47: =$AA$26 -> 0.5 | AB47: 20 | AG47: =((G47*Z47*AA47/W47)+(H47*Z47*AA47/X47))/$G$21 -> 0 | AH47: =((J47*Z47*AA47/W47)+(K47*Z47*AA47/X47))/$J$21 -> 0 | AI47: =((M47*AA47*Z47/W47)+(N47*Z47*AA47/X47))/$M$21 -> 0 | AK47: =F47 -> ISDSH | AL47: NGA | AM47: =(J82+I82)/1000 -> 0 | AN47: =AM47*$AN$23 -> 0 | AO47: =AM47*$AO$23 -> 0 | AP47: =AM47*$AP$23 -> 0 | AQ47: =IFERROR(G47*$Z47*$AA47/G$21,0) -> 0 | AR47: =IFERROR(H47*$Z47*$AA47/H$21,0) -> 0 | AS47: =IFERROR(I47*$Z47*$AA47/I$21,0) -> 0 | AT47: =IFERROR(AQ47/W47,0) -> 0 | AU47: =IFERROR(AR47/X47,0) -> 0 | AV47: =IFERROR(AS47/Y47,0) -> 0 | AX47: =AK47 -> ISDSH | AY47: NGA | AZ47: =(J102+I102)/1000 -> 0 | BA47: =AZ47*$AN$23 -> 0 | BB47: =AZ47*$BB$23 -> 0 | BC47: =AZ47*$BC$23 -> 0 | BD47: =IFERROR(J47*$Z47*AA47/J$21,0) -> 0 | BE47: =IFERROR(K47*$Z47*AA47/K$21,0) -> 0 | BF47: =IFERROR(L47*$Z47*AA47/L$21,0) -> 0 | BG47: =IFERROR(BD47/W47,0) -> 0 | BH47: =IFERROR(BE47/X47,0) -> 0 | BI47: =IFERROR(BF47/Y47,0) -> 0 | BK47: =AK47 -> ISDSH | BL47: NGA | BM47: =(J122+I122)/1000 -> 0 | BN47: =BM47*$AN$23 -> 0 | BO47: =BM47*$BB$23 -> 0 | BP47: =BM47*$BC$23 -> 0 | BQ47: =IFERROR(M47*$Z47*$AA47/M$21,0) -> 0 | BR47: =IFERROR(N47*$Z47*$AA47/N$21,0) -> 0 | BS47: =IFERROR(O47*$Z47*$AA47/O$21,0) -> 0 | BT47: =IFERROR(BQ47/W47,0) -> 0 | BU47: =IFERROR(BR47/X47,0) -> 0 | BV47: =IFERROR(BS47/Y47,0) -> 0
C48: =+IF(OFFSET(Processes!B29,$D$11,0)="*","*",OFFSET(Processes!D29,$D$11,0)) -> INDSDSHBCOAE1 | D48: =+OFFSET(Processes!E29,$D$11,0) -> Iron & Steel Heat Room Boiler - Coal Existing 1 | E48: =+Processes!O29 -> INDCOA | F48: =+OFFSET(Processes!$M$12,$D$11,0) & Processes!P29 -> ISDSH | G48: =ROUNDUP(AN48/($Z48*$AA48)*G$21*W48,3) -> 0 | H48: =ROUNDUP(AO48/($Z48*$AA48)*H$21*X48,3) -> 0 | I48: =ROUNDUP(AP48/($Z48*$AA48)*I$21*Y48,3) -> 0 | J48: =ROUNDUP(BA48/($Z48*$AA48)*J$21*W48,3) -> 0 | K48: =ROUNDUP(BB48/($Z48*$AA48)*K$21*X48,3) -> 0 | L48: =ROUNDUP(BC48/($Z48*$AA48)*L$21*Y48,3) -> 0 | M48: =ROUNDUP(BN48/($Z48*$AA48)*M$21*W48,3) -> 0 | N48: =ROUNDUP(BO48/($Z48*$AA48)*N$21*X48,3) -> 0 | O48: =ROUNDUP(BP48/($Z48*$AA48)*O$21*Y48,3) -> 0 | P48: =M48 -> 0 | Q48: =N48 -> 0 | R48: =O48 -> 0 | S48: =IF($AB48=20,0,M48/5)*IF(M48=0,0,1) -> 0 | T48: =IF($AB48=20,0,N48/5)*IF(N48=0,0,1) -> 0 | U48: =IF($AB48=20,0,O48/5)*IF(O48=0,0,1) -> 0 | V48: 5 | W48: =D136 -> 0.95 | X48: =W48 -> 0.95 | Y48: =X48 -> 0.95 | Z48: =3.6*8760/1000000 -> 0.031536 | AA48: =$AA$26 -> 0.5 | AB48: 20 | AG48: =((G48*Z48*AA48/W48)+(H48*Z48*AA48/X48))/$G$21 -> 0 | AH48: =((J48*Z48*AA48/W48)+(K48*Z48*AA48/X48))/$J$21 -> 0 | AI48: =((M48*AA48*Z48/W48)+(N48*Z48*AA48/X48))/$M$21 -> 0 | AL48: COA | AM48: =D82/1000 -> 0 | AN48: =AM48*$AN$23 -> 0 | AO48: =AM48*$AO$23 -> 0 | AP48: =AM48*$AP$23 -> 0 | AQ48: =IFERROR(G48*$Z48*$AA48/G$21,0) -> 0 | AR48: =IFERROR(H48*$Z48*$AA48/H$21,0) -> 0 | AS48: =IFERROR(I48*$Z48*$AA48/I$21,0) -> 0 | AT48: =IFERROR(AQ48/W48,0) -> 0 | AU48: =IFERROR(AR48/X48,0) -> 0 | AV48: =IFERROR(AS48/Y48,0) -> 0 | AY48: COA | AZ48: =D102/1000 -> 0 | BA48: =AZ48*$AN$23 -> 0 | BB48: =AZ48*$BB$23 -> 0 | BC48: =AZ48*$BC$23 -> 0 | BD48: =IFERROR(J48*$Z48*AA48/J$21,0) -> 0 | BE48: =IFERROR(K48*$Z48*AA48/K$21,0) -> 0 | BF48: =IFERROR(L48*$Z48*AA48/L$21,0) -> 0 | BG48: =IFERROR(BD48/W48,0) -> 0 | BH48: =IFERROR(BE48/X48,0) -> 0 | BI48: =IFERROR(BF48/Y48,0) -> 0 | BL48: COA | BM48: =D122/1000 -> 0 | BN48: =BM48*$AN$23 -> 0 | BO48: =BM48*$BB$23 -> 0 | BP48: =BM48*$BC$23 -> 0 | BQ48: =IFERROR(M48*$Z48*$AA48/M$21,0) -> 0 | BR48: =IFERROR(N48*$Z48*$AA48/N$21,0) -> 0 | BS48: =IFERROR(O48*$Z48*$AA48/O$21,0) -> 0 | BT48: =IFERROR(BQ48/W48,0) -> 0 | BU48: =IFERROR(BR48/X48,0) -> 0 | BV48: =IFERROR(BS48/Y48,0) -> 0
C49: =+IF(OFFSET(Processes!B30,$D$11,0)="*","*",OFFSET(Processes!D30,$D$11,0)) -> INDSDSHBDSLE1 | D49: =+OFFSET(Processes!E30,$D$11,0) -> Iron & Steel Heat Room Boiler - Diesel Existing 1 | E49: =+Processes!O30 -> INDDSB1,INDDSB2,INDDSL | F49: =+OFFSET(Processes!$M$12,$D$11,0) & Processes!P30 -> ISDSH | G49: =ROUNDUP(AN49/($Z49*$AA49)*G$21*W49,3) -> 0 | H49: =ROUNDUP(AO49/($Z49*$AA49)*H$21*X49,3) -> 0 | I49: =ROUNDUP(AP49/($Z49*$AA49)*I$21*Y49,3) -> 0 | J49: =ROUNDUP(BA49/($Z49*$AA49)*J$21*W49,3) -> 0 | K49: =ROUNDUP(BB49/($Z49*$AA49)*K$21*X49,3) -> 0 | L49: =ROUNDUP(BC49/($Z49*$AA49)*L$21*Y49,3) -> 0 | M49: =ROUNDUP(BN49/($Z49*$AA49)*M$21*W49,3) -> 0 | N49: =ROUNDUP(BO49/($Z49*$AA49)*N$21*X49,3) -> 0 | O49: =ROUNDUP(BP49/($Z49*$AA49)*O$21*Y49,3) -> 0 | P49: =M49 -> 0 | Q49: =N49 -> 0 | R49: =O49 -> 0 | S49: =IF($AB49=20,0,M49/5)*IF(M49=0,0,1) -> 0 | T49: =IF($AB49=20,0,N49/5)*IF(N49=0,0,1) -> 0 | U49: =IF($AB49=20,0,O49/5)*IF(O49=0,0,1) -> 0 | V49: 5 | W49: =F136 -> 0.96 | X49: =W49 -> 0.96 | Y49: =X49 -> 0.96 | Z49: =3.6*8760/1000000 -> 0.031536 | AA49: =$AA$26 -> 0.5 | AB49: 20 | AG49: =((G49*Z49*AA49/W49)+(H49*Z49*AA49/X49))/$G$21 -> 0 | AH49: =((J49*Z49*AA49/W49)+(K49*Z49*AA49/X49))/$J$21 -> 0 | AI49: =((M49*AA49*Z49/W49)+(N49*Z49*AA49/X49))/$M$21 -> 0 | AL49: DSL | AM49: =(F82+L82)/1000 -> 0 | AN49: =AM49*$AN$23 -> 0 | AO49: =AM49*$AO$23 -> 0 | AP49: =AM49*$AP$23 -> 0 | AQ49: =IFERROR(G49*$Z49*$AA49/G$21,0) -> 0 | AR49: =IFERROR(H49*$Z49*$AA49/H$21,0) -> 0 | AS49: =IFERROR(I49*$Z49*$AA49/I$21,0) -> 0 | AT49: =IFERROR(AQ49/W49,0) -> 0 | AU49: =IFERROR(AR49/X49,0) -> 0 | AV49: =IFERROR(AS49/Y49,0) -> 0 | AY49: DSL | AZ49: =(F102+L102)/1000 -> 0 | BA49: =AZ49*$AN$23 -> 0 | BB49: =AZ49*$BB$23 -> 0 | BC49: =AZ49*$BC$23 -> 0 | BD49: =IFERROR(J49*$Z49*AA49/J$21,0) -> 0 | BE49: =IFERROR(K49*$Z49*AA49/K$21,0) -> 0 | BF49: =IFERROR(L49*$Z49*AA49/L$21,0) -> 0 | BG49: =IFERROR(BD49/W49,0) -> 0 | BH49: =IFERROR(BE49/X49,0) -> 0 | BI49: =IFERROR(BF49/Y49,0) -> 0 | BL49: DSL | BM49: =(F122+L122)/1000 -> 0 | BN49: =BM49*$AN$23 -> 0 | BO49: =BM49*$BB$23 -> 0 | BP49: =BM49*$BC$23 -> 0 | BQ49: =IFERROR(M49*$Z49*$AA49/M$21,0) -> 0 | BR49: =IFERROR(N49*$Z49*$AA49/N$21,0) -> 0 | BS49: =IFERROR(O49*$Z49*$AA49/O$21,0) -> 0 | BT49: =IFERROR(BQ49/W49,0) -> 0 | BU49: =IFERROR(BR49/X49,0) -> 0 | BV49: =IFERROR(BS49/Y49,0) -> 0
C50: =+IF(OFFSET(Processes!B31,$D$11,0)="*","*",OFFSET(Processes!D31,$D$11,0)) -> INDSDSHBWPEE1 | D50: =+OFFSET(Processes!E31,$D$11,0) -> Iron & Steel Heat Room Boiler - Wood Pellets Existing 1 | E50: =+Processes!O31 -> INDWPE | F50: =+OFFSET(Processes!$M$12,$D$11,0) & Processes!P31 -> ISDSH | G50: =ROUNDUP(AN50/($Z50*$AA50)*G$21*W50,3) -> 0 | H50: =ROUNDUP(AO50/($Z50*$AA50)*H$21*X50,3) -> 0 | I50: =ROUNDUP(AP50/($Z50*$AA50)*I$21*Y50,3) -> 0 | J50: =ROUNDUP(BA50/($Z50*$AA50)*J$21*W50,3) -> 0 | K50: =ROUNDUP(BB50/($Z50*$AA50)*K$21*X50,3) -> 0 | L50: =ROUNDUP(BC50/($Z50*$AA50)*L$21*Y50,3) -> 0 | M50: =ROUNDUP(BN50/($Z50*$AA50)*M$21*W50,3) -> 0 | N50: =ROUNDUP(BO50/($Z50*$AA50)*N$21*X50,3) -> 0 | O50: =ROUNDUP(BP50/($Z50*$AA50)*O$21*Y50,3) -> 0 | P50: =M50 -> 0 | Q50: =N50 -> 0 | R50: =O50 -> 0 | S50: =IF($AB50=20,0,M50/5)*IF(M50=0,0,1) -> 0 | T50: =IF($AB50=20,0,N50/5)*IF(N50=0,0,1) -> 0 | U50: =IF($AB50=20,0,O50/5)*IF(O50=0,0,1) -> 0 | V50: 5 | W50: =K136 -> 0.85 | X50: =W50 -> 0.85 | Y50: =X50 -> 0.85 | Z50: =3.6*8760/1000000 -> 0.031536 | AA50: =$AA$26 -> 0.5 | AB50: 20 | AC50: 0.5 | AD50: 0.5 | AE50: 5 | AG50: =((G50*Z50*AA50/W50)+(H50*Z50*AA50/X50))/$G$21 -> 0 | AH50: =((J50*Z50*AA50/W50)+(K50*Z50*AA50/X50))/$J$21 -> 0 | AI50: =((M50*AA50*Z50/W50)+(N50*Z50*AA50/X50))/$M$21 -> 0 | AL50: WPE | AM50: =M82/1000 -> 0 | AN50: =AM50*$AN$23 -> 0 | AO50: =AM50*$AO$23 -> 0 | AP50: =AM50*$AP$23 -> 0 | AQ50: =IFERROR(G50*$Z50*$AA50/G$21,0) -> 0 | AR50: =IFERROR(H50*$Z50*$AA50/H$21,0) -> 0 | AS50: =IFERROR(I50*$Z50*$AA50/I$21,0) -> 0 | AT50: =IFERROR(AQ50/W50,0) -> 0 | AU50: =IFERROR(AR50/X50,0) -> 0 | AV50: =IFERROR(AS50/Y50,0) -> 0 | AY50: WPE | AZ50: =M102/1000 -> 0 | BA50: =AZ50*$AN$23 -> 0 | BB50: =AZ50*$BB$23 -> 0 | BC50: =AZ50*$BC$23 -> 0 | BD50: =IFERROR(J50*$Z50*AA50/J$21,0) -> 0 | BE50: =IFERROR(K50*$Z50*AA50/K$21,0) -> 0 | BF50: =IFERROR(L50*$Z50*AA50/L$21,0) -> 0 | BG50: =IFERROR(BD50/W50,0) -> 0 | BH50: =IFERROR(BE50/X50,0) -> 0 | BI50: =IFERROR(BF50/Y50,0) -> 0 | BL50: WPE | BM50: =M122/1000 -> 0 | BN50: =BM50*$AN$23 -> 0 | BO50: =BM50*$BB$23 -> 0 | BP50: =BM50*$BC$23 -> 0 | BQ50: =IFERROR(M50*$Z50*$AA50/M$21,0) -> 0 | BR50: =IFERROR(N50*$Z50*$AA50/N$21,0) -> 0 | BS50: =IFERROR(O50*$Z50*$AA50/O$21,0) -> 0 | BT50: =IFERROR(BQ50/W50,0) -> 0 | BU50: =IFERROR(BR50/X50,0) -> 0 | BV50: =IFERROR(BS50/Y50,0) -> 0
E51: =+Processes!O32 -> INDWCH | P51: =M51 -> 0 | Q51: =N51 -> 0 | R51: =O51 -> 0 | S51: =IF($AB51=20,0,M51/5)*IF(M51=0,0,1) -> 0 | T51: =IF($AB51=20,0,N51/5)*IF(N51=0,0,1) -> 0 | U51: =IF($AB51=20,0,O51/5)*IF(O51=0,0,1) -> 0 | V51: =IF(S51>0,0.001,"") | AC51: =1-AC50 -> 0.5 | AD51: =1-AD50 -> 0.5 | AE51: 5 | AL51: WCH | AN51: =AM51*$AN$23 -> 0 | AO51: =AM51*$AO$23 -> 0 | AP51: =AM51*$AP$23 -> 0 | AQ51: =IFERROR(G51*$Z51*$AA51/G$21,0) -> 0 | AR51: =IFERROR(H51*$Z51*$AA51/H$21,0) -> 0 | AS51: =IFERROR(I51*$Z51*$AA51/I$21,0) -> 0 | AY51: WCH | BB51: =AZ51*$BB$23 -> 0 | BC51: =AZ51*$BC$23 -> 0 | BD51: =IFERROR(J51*$Z51*AA51/J$21,0) -> 0 | BE51: =IFERROR(K51*$Z51*AA51/K$21,0) -> 0 | BF51: =IFERROR(L51*$Z51*AA51/L$21,0) -> 0 | BG51: =IFERROR(BD51/W51,0) -> 0 | BH51: =IFERROR(BE51/X51,0) -> 0 | BI51: =IFERROR(BF51/Y51,0) -> 0 | BL51: WCH | BO51: =BM51*$BB$23 -> 0 | BP51: =BM51*$BC$23 -> 0 | BQ51: =IFERROR(M51*$Z51*$AA51/M$21,0) -> 0 | BR51: =IFERROR(N51*$Z51*$AA51/N$21,0) -> 0 | BS51: =IFERROR(O51*$Z51*$AA51/O$21,0) -> 0 | BT51: =IFERROR(BQ51/W51,0) -> 0 | BU51: =IFERROR(BR51/X51,0) -> 0 | BV51: =IFERROR(BS51/Y51,0) -> 0
C52: =+IF(OFFSET(Processes!B33,$D$11,0)="*","*",OFFSET(Processes!D33,$D$11,0)) -> INDSDSHBBGAE1 | D52: =+OFFSET(Processes!E33,$D$11,0) -> Iron & Steel Heat Room Boiler - Biogas Existing 1 | E52: =+Processes!O33 -> INDBGA | F52: =+OFFSET(Processes!$M$12,$D$11,0) & Processes!P33 -> ISDSH | G52: =ROUNDUP(AN52/($Z52*$AA52)*G$21*W52,3) -> 0 | H52: =ROUNDUP(AO52/($Z52*$AA52)*H$21*X52,3) -> 0 | I52: =ROUNDUP(AP52/($Z52*$AA52)*I$21*Y52,3) -> 0 | J52: =ROUNDUP(BA52/($Z52*$AA52)*J$21*W52,3) -> 0 | K52: =ROUNDUP(BB52/($Z52*$AA52)*K$21*X52,3) -> 0 | L52: =ROUNDUP(BC52/($Z52*$AA52)*L$21*Y52,3) -> 0 | M52: =ROUNDUP(BN52/($Z52*$AA52)*M$21*W52,3) -> 0 | N52: =ROUNDUP(BO52/($Z52*$AA52)*N$21*X52,3) -> 0 | O52: =ROUNDUP(BP52/($Z52*$AA52)*O$21*Y52,3) -> 0 | P52: =M52 -> 0 | Q52: =N52 -> 0 | R52: =O52 -> 0 | S52: =IF($AB52=20,0,M52/5)*IF(M52=0,0,1) -> 0 | T52: =IF($AB52=20,0,N52/5)*IF(N52=0,0,1) -> 0 | U52: =IF($AB52=20,0,O52/5)*IF(O52=0,0,1) -> 0 | V52: 5 | W52: =J136 -> 1 | X52: =W52 -> 1 | Y52: =X52 -> 1 | Z52: =3.6*8760/1000000 -> 0.031536 | AA52: =$AA$26 -> 0.5 | AB52: 20 | AG52: =((G52*Z52*AA52/W52)+(H52*Z52*AA52/X52))/$G$21 -> 0 | AH52: =((J52*Z52*AA52/W52)+(K52*Z52*AA52/X52))/$J$21 -> 0 | AI52: =((M52*AA52*Z52/W52)+(N52*Z52*AA52/X52))/$M$21 -> 0 | AL52: BGA | AM52: =K82/1000 -> 0 | AN52: =AM52*$AN$23 -> 0 | AO52: =AM52*$AO$23 -> 0 | AP52: =AM52*$AP$23 -> 0 | AQ52: =IFERROR(G52*$Z52*$AA52/G$21,0) -> 0 | AR52: =IFERROR(H52*$Z52*$AA52/H$21,0) -> 0 | AS52: =IFERROR(I52*$Z52*$AA52/I$21,0) -> 0 | AT52: =IFERROR(AQ52/W52,0) -> 0 | AU52: =IFERROR(AR52/X52,0) -> 0 | AV52: =IFERROR(AS52/Y52,0) -> 0 | AY52: BGA | AZ52: =K102/1000 -> 0 | BA52: =AZ52*$AN$23 -> 0 | BB52: =AZ52*$BB$23 -> 0 | BC52: =AZ52*$BC$23 -> 0 | BD52: =IFERROR(J52*$Z52*AA52/J$21,0) -> 0 | BE52: =IFERROR(K52*$Z52*AA52/K$21,0) -> 0 | BF52: =IFERROR(L52*$Z52*AA52/L$21,0) -> 0 | BG52: =IFERROR(BD52/W52,0) -> 0 | BH52: =IFERROR(BE52/X52,0) -> 0 | BI52: =IFERROR(BF52/Y52,0) -> 0 | BL52: BGA | BM52: =K122/1000 -> 0 | BN52: =BM52*$AN$23 -> 0 | BO52: =BM52*$BB$23 -> 0 | BP52: =BM52*$BC$23 -> 0 | BQ52: =IFERROR(M52*$Z52*$AA52/M$21,0) -> 0 | BR52: =IFERROR(N52*$Z52*$AA52/N$21,0) -> 0 | BS52: =IFERROR(O52*$Z52*$AA52/O$21,0) -> 0 | BT52: =IFERROR(BQ52/W52,0) -> 0 | BU52: =IFERROR(BR52/X52,0) -> 0 | BV52: =IFERROR(BS52/Y52,0) -> 0
C53: =+IF(OFFSET(Processes!B34,$D$11,0)="*","*",OFFSET(Processes!D34,$D$11,0)) -> INDSDSHBHFOE1 | D53: =+OFFSET(Processes!E34,$D$11,0) -> Iron & Steel Heat Room Boiler - Heavy Fuel Oil Existing 1 | E53: =+Processes!O34 -> INDHFO | F53: =+OFFSET(Processes!$M$12,$D$11,0) & Processes!P34 -> ISDSH | G53: =ROUNDUP(AN53/($Z53*$AA53)*G$21*W53,3) -> 0 | H53: =ROUNDUP(AO53/($Z53*$AA53)*H$21*X53,3) -> 0 | I53: =ROUNDUP(AP53/($Z53*$AA53)*I$21*Y53,3) -> 0 | J53: =ROUNDUP(BA53/($Z53*$AA53)*J$21*W53,3) -> 0 | K53: =ROUNDUP(BB53/($Z53*$AA53)*K$21*X53,3) -> 0 | L53: =ROUNDUP(BC53/($Z53*$AA53)*L$21*Y53,3) -> 0 | M53: =ROUNDUP(BN53/($Z53*$AA53)*M$21*W53,3) -> 0 | N53: =ROUNDUP(BO53/($Z53*$AA53)*N$21*X53,3) -> 0 | O53: =ROUNDUP(BP53/($Z53*$AA53)*O$21*Y53,3) -> 0 | P53: =M53 -> 0 | Q53: =N53 -> 0 | R53: =O53 -> 0 | S53: =IF($AB53=20,0,M53/5)*IF(M53=0,0,1) -> 0 | T53: =IF($AB53=20,0,N53/5)*IF(N53=0,0,1) -> 0 | U53: =IF($AB53=20,0,O53/5)*IF(O53=0,0,1) -> 0 | V53: 5 | W53: =E136 -> 0.95 | X53: =W53 -> 0.95 | Y53: =X53 -> 0.95 | Z53: =3.6*8760/1000000 -> 0.031536 | AA53: =$AA$26 -> 0.5 | AB53: 20 | AG53: =((G53*Z53*AA53/W53)+(H53*Z53*AA53/X53))/$G$21 -> 0 | AH53: =((J53*Z53*AA53/W53)+(K53*Z53*AA53/X53))/$J$21 -> 0 | AI53: =((M53*AA53*Z53/W53)+(N53*Z53*AA53/X53))/$M$21 -> 0 | AL53: HFO | AM53: =E82/1000 -> 0 | AN53: =AM53*$AN$23 -> 0 | AO53: =AM53*$AO$23 -> 0 | AP53: =AM53*$AP$23 -> 0 | AQ53: =IFERROR(G53*$Z53*$AA53/G$21,0) -> 0 | AR53: =IFERROR(H53*$Z53*$AA53/H$21,0) -> 0 | AS53: =IFERROR(I53*$Z53*$AA53/I$21,0) -> 0 | AT53: =IFERROR(AQ53/W53,0) -> 0 | AU53: =IFERROR(AR53/X53,0) -> 0 | AV53: =IFERROR(AS53/Y53,0) -> 0 | AY53: HFO | AZ53: =E102/1000 -> 0 | BA53: =AZ53*$AN$23 -> 0 | BB53: =AZ53*$BB$23 -> 0 | BC53: =AZ53*$BC$23 -> 0 | BD53: =IFERROR(J53*$Z53*AA53/J$21,0) -> 0 | BE53: =IFERROR(K53*$Z53*AA53/K$21,0) -> 0 | BF53: =IFERROR(L53*$Z53*AA53/L$21,0) -> 0 | BG53: =IFERROR(BD53/W53,0) -> 0 | BH53: =IFERROR(BE53/X53,0) -> 0 | BI53: =IFERROR(BF53/Y53,0) -> 0 | BL53: HFO | BM53: =E122/1000 -> 0 | BN53: =BM53*$AN$23 -> 0 | BO53: =BM53*$BB$23 -> 0 | BP53: =BM53*$BC$23 -> 0 | BQ53: =IFERROR(M53*$Z53*$AA53/M$21,0) -> 0 | BR53: =IFERROR(N53*$Z53*$AA53/N$21,0) -> 0 | BS53: =IFERROR(O53*$Z53*$AA53/O$21,0) -> 0 | BT53: =IFERROR(BQ53/W53,0) -> 0 | BU53: =IFERROR(BR53/X53,0) -> 0 | BV53: =IFERROR(BS53/Y53,0) -> 0
C54: =+IF(OFFSET(Processes!B35,$D$11,0)="*","*",OFFSET(Processes!D35,$D$11,0)) -> INDSDSHBLPGE1 | D54: =+OFFSET(Processes!E35,$D$11,0) -> Iron & Steel Heat Room Boiler - Liquified Petroleum Gas Existing 1 | E54: =+Processes!O35 -> INDLPG | F54: =+OFFSET(Processes!$M$12,$D$11,0) & Processes!P35 -> ISDSH | G54: =ROUNDUP(AN54/($Z54*$AA54)*G$21*W54,3) -> 0 | H54: =ROUNDUP(AO54/($Z54*$AA54)*H$21*X54,3) -> 0 | I54: =ROUNDUP(AP54/($Z54*$AA54)*I$21*Y54,3) -> 0 | J54: =ROUNDUP(BA54/($Z54*$AA54)*J$21*W54,3) -> 0 | K54: =ROUNDUP(BB54/($Z54*$AA54)*K$21*X54,3) -> 0 | L54: =ROUNDUP(BC54/($Z54*$AA54)*L$21*Y54,3) -> 0 | M54: =ROUNDUP(BN54/($Z54*$AA54)*M$21*W54,3) -> 0 | N54: =ROUNDUP(BO54/($Z54*$AA54)*N$21*X54,3) -> 0 | O54: =ROUNDUP(BP54/($Z54*$AA54)*O$21*Y54,3) -> 0 | P54: =M54 -> 0 | Q54: =N54 -> 0 | R54: =O54 -> 0 | S54: =IF($AB54=20,0,M54/5)*IF(M54=0,0,1) -> 0 | T54: =IF($AB54=20,0,N54/5)*IF(N54=0,0,1) -> 0 | U54: =IF($AB54=20,0,O54/5)*IF(O54=0,0,1) -> 0 | V54: 5 | W54: =H136 -> 1 | X54: =W54 -> 1 | Y54: =X54 -> 1 | Z54: =3.6*8760/1000000 -> 0.031536 | AA54: =$AA$26 -> 0.5 | AB54: 20 | AG54: =((G54*Z54*AA54/W54)+(H54*Z54*AA54/X54))/$G$21 -> 0 | AH54: =((J54*Z54*AA54/W54)+(K54*Z54*AA54/X54))/$J$21 -> 0 | AI54: =((M54*AA54*Z54/W54)+(N54*Z54*AA54/X54))/$M$21 -> 0 | AL54: LPG | AM54: =H82/1000 -> 0 | AN54: =AM54*$AN$23 -> 0 | AO54: =AM54*$AO$23 -> 0 | AP54: =AM54*$AP$23 -> 0 | AQ54: =IFERROR(G54*$Z54*$AA54/G$21,0) -> 0 | AR54: =IFERROR(H54*$Z54*$AA54/H$21,0) -> 0 | AS54: =IFERROR(I54*$Z54*$AA54/I$21,0) -> 0 | AT54: =IFERROR(AQ54/W54,0) -> 0 | AU54: =IFERROR(AR54/X54,0) -> 0 | AV54: =IFERROR(AS54/Y54,0) -> 0 | AY54: LPG | AZ54: =H102/1000 -> 0 | BA54: =AZ54*$AN$23 -> 0 | BB54: =AZ54*$BB$23 -> 0 | BC54: =AZ54*$BC$23 -> 0 | BD54: =IFERROR(J54*$Z54*AA54/J$21,0) -> 0 | BE54: =IFERROR(K54*$Z54*AA54/K$21,0) -> 0 | BF54: =IFERROR(L54*$Z54*AA54/L$21,0) -> 0 | BG54: =IFERROR(BD54/W54,0) -> 0 | BH54: =IFERROR(BE54/X54,0) -> 0 | BI54: =IFERROR(BF54/Y54,0) -> 0 | BL54: LPG | BM54: =H122/1000 -> 0 | BN54: =BM54*$AN$23 -> 0 | BO54: =BM54*$BB$23 -> 0 | BP54: =BM54*$BC$23 -> 0 | BQ54: =IFERROR(M54*$Z54*$AA54/M$21,0) -> 0 | BR54: =IFERROR(N54*$Z54*$AA54/N$21,0) -> 0 | BS54: =IFERROR(O54*$Z54*$AA54/O$21,0) -> 0 | BT54: =IFERROR(BQ54/W54,0) -> 0 | BU54: =IFERROR(BR54/X54,0) -> 0 | BV54: =IFERROR(BS54/Y54,0) -> 0
C55: =+IF(OFFSET(Processes!B36,$D$11,0)="*","*",OFFSET(Processes!D36,$D$11,0)) -> INDSDSHBWSTE1 | D55: =+OFFSET(Processes!E36,$D$11,0) -> Iron & Steel Heat Room Boiler - Waste Existing 1 | E55: =+Processes!O36 -> INDWST | F55: =+OFFSET(Processes!$M$12,$D$11,0) & Processes!P36 -> ISDSH | G55: =ROUNDUP(AN55/($Z55*$AA55)*G$21*W55,3) -> 0 | H55: =ROUNDUP(AO55/($Z55*$AA55)*H$21*X55,3) -> 0 | I55: =ROUNDUP(AP55/($Z55*$AA55)*I$21*Y55,3) -> 0 | J55: =ROUNDUP(BA55/($Z55*$AA55)*J$21*W55,3) -> 0 | K55: =ROUNDUP(BB55/($Z55*$AA55)*K$21*X55,3) -> 0 | L55: =ROUNDUP(BC55/($Z55*$AA55)*L$21*Y55,3) -> 0 | M55: =ROUNDUP(BN55/($Z55*$AA55)*M$21*W55,3) -> 0 | N55: =ROUNDUP(BO55/($Z55*$AA55)*N$21*X55,3) -> 0 | O55: =ROUNDUP(BP55/($Z55*$AA55)*O$21*Y55,3) -> 0 | P55: =M55 -> 0 | Q55: =N55 -> 0 | R55: =O55 -> 0 | S55: =IF($AB55=20,0,M55/5)*IF(M55=0,0,1) -> 0 | T55: =IF($AB55=20,0,N55/5)*IF(N55=0,0,1) -> 0 | U55: =IF($AB55=20,0,O55/5)*IF(O55=0,0,1) -> 0 | V55: 5 | W55: =L136 -> 0.95 | X55: =W55 -> 0.95 | Y55: =X55 -> 0.95 | Z55: =3.6*8760/1000000 -> 0.031536 | AA55: =$AA$26 -> 0.5 | AB55: 20 | AG55: =((G55*Z55*AA55/W55)+(H55*Z55*AA55/X55))/$G$21 -> 0 | AH55: =((J55*Z55*AA55/W55)+(K55*Z55*AA55/X55))/$J$21 -> 0 | AI55: =((M55*AA55*Z55/W55)+(N55*Z55*AA55/X55))/$M$21 -> 0 | AL55: WST | AM55: =$N82/1000 -> 0 | AN55: =AM55*$AN$23 -> 0 | AO55: =AM55*$AO$23 -> 0 | AP55: =AM55*$AP$23 -> 0 | AQ55: =IFERROR(G55*$Z55*$AA55/G$21,0) -> 0 | AR55: =IFERROR(H55*$Z55*$AA55/H$21,0) -> 0 | AS55: =IFERROR(I55*$Z55*$AA55/I$21,0) -> 0 | AT55: =IFERROR(AQ55/W55,0) -> 0 | AU55: =IFERROR(AR55/X55,0) -> 0 | AV55: =IFERROR(AS55/Y55,0) -> 0 | AY55: WST | AZ55: =$N102/1000 -> 0 | BA55: =AZ55*$AN$23 -> 0 | BB55: =AZ55*$BB$23 -> 0 | BC55: =AZ55*$BC$23 -> 0 | BD55: =IFERROR(J55*$Z55*AA55/J$21,0) -> 0 | BE55: =IFERROR(K55*$Z55*AA55/K$21,0) -> 0 | BF55: =IFERROR(L55*$Z55*AA55/L$21,0) -> 0 | BG55: =IFERROR(BD55/W55,0) -> 0 | BH55: =IFERROR(BE55/X55,0) -> 0 | BI55: =IFERROR(BF55/Y55,0) -> 0 | BL55: WST | BM55: =$N122/1000 -> 0 | BN55: =BM55*$AN$23 -> 0 | BO55: =BM55*$BB$23 -> 0 | BP55: =BM55*$BC$23 -> 0 | BQ55: =IFERROR(M55*$Z55*$AA55/M$21,0) -> 0 | BR55: =IFERROR(N55*$Z55*$AA55/N$21,0) -> 0 | BS55: =IFERROR(O55*$Z55*$AA55/O$21,0) -> 0 | BT55: =IFERROR(BQ55/W55,0) -> 0 | BU55: =IFERROR(BR55/X55,0) -> 0 | BV55: =IFERROR(BS55/Y55,0) -> 0
C56: =+IF(OFFSET(Processes!B37,$D$11,0)="*","*",OFFSET(Processes!D37,$D$11,0)) -> INDSDSHBHETE1 | D56: =+OFFSET(Processes!E37,$D$11,0) -> Iron & Steel Heat Room Boiler - Dist. Heat Existing 1 | E56: =+Processes!O37 -> INDHCE | F56: =+OFFSET(Processes!$M$12,$D$11,0) & Processes!P37 -> ISDSH | G56: =ROUNDUP(AN56/($Z56*$AA56)*G$21*W56,3) -> 108.115 | H56: =ROUNDUP(AO56/($Z56*$AA56)*H$21*X56,3) -> 0 | I56: =ROUNDUP(AP56/($Z56*$AA56)*I$21*Y56,3) -> 0 | J56: =ROUNDUP(BA56/($Z56*$AA56)*J$21*W56,3) -> 93.468 | K56: =ROUNDUP(BB56/($Z56*$AA56)*K$21*X56,3) -> 0 | L56: =ROUNDUP(BC56/($Z56*$AA56)*L$21*Y56,3) -> 0 | M56: =ROUNDUP(BN56/($Z56*$AA56)*M$21*W56,3) -> 86.704 | N56: =ROUNDUP(BO56/($Z56*$AA56)*N$21*X56,3) -> 0 | O56: =ROUNDUP(BP56/($Z56*$AA56)*O$21*Y56,3) -> 0 | P56: =M56 -> 86.704 | Q56: =N56 -> 0 | R56: =O56 -> 0 | S56: =IF($AB56=20,0,M56/5)*IF(M56=0,0,1) -> 0 | T56: =IF($AB56=20,0,N56/5)*IF(N56=0,0,1) -> 0 | U56: =IF($AB56=20,0,O56/5)*IF(O56=0,0,1) -> 0 | V56: 5 | W56: =$N$136 -> 0.96 | X56: =$W$56 -> 0.96 | Y56: =$W$56 -> 0.96 | Z56: =3.6*8760/1000000 -> 0.031536 | AA56: =$AA$26 -> 0.5 | AB56: 20 | AG56: =((G56*Z56*AA56/W56)+(H56*Z56*AA56/X56))/$G$21 -> 1.7740149 | AH56: =((J56*Z56*AA56/W56)+(K56*Z56*AA56/X56))/$J$21 -> 1.5200118 | AI56: =((M56*AA56*Z56/W56)+(N56*Z56*AA56/X56))/$M$21 -> 1.4100131 | AL56: HCE | AM56: =P82/1000 -> 1.774 | AN56: =AM56 -> 1.774 | AO56: 0 | AP56: 0 | AQ56: =IFERROR(G56*$Z56*$AA56/G$21,0) -> 1.7030543 | AR56: =IFERROR(H56*$Z56*$AA56/H$21,0) -> 0 | AS56: =IFERROR(I56*$Z56*$AA56/I$21,0) -> 0 | AT56: =IFERROR(AQ56/W56,0) -> 1.7740149 | AU56: =IFERROR(AR56/X56,0) -> 0 | AV56: =IFERROR(AS56/Y56,0) -> 0 | AY56: HCE | AZ56: =P102/1000 -> 1.52 | BA56: =AZ56 -> 1.52 | BB56: 0 | BC56: 0 | BD56: =IFERROR(J56*$Z56*AA56/J$21,0) -> 1.4592113 | BE56: =IFERROR(K56*$Z56*AA56/K$21,0) -> 0 | BF56: =IFERROR(L56*$Z56*AA56/L$21,0) -> 0 | BG56: =IFERROR(BD56/W56,0) -> 1.5200118 | BH56: =IFERROR(BE56/X56,0) -> 0 | BI56: =IFERROR(BF56/Y56,0) -> 0 | BL56: HCE | BM56: =P122/1000 -> 1.41 | BN56: =BM56 -> 1.41 | BO56: 0 | BP56: 0 | BQ56: =IFERROR(M56*$Z56*$AA56/M$21,0) -> 1.3536125 | BR56: =IFERROR(N56*$Z56*$AA56/N$21,0) -> 0 | BS56: =IFERROR(O56*$Z56*$AA56/O$21,0) -> 0 | BT56: =IFERROR(BQ56/W56,0) -> 1.4100131 | BU56: =IFERROR(BR56/X56,0) -> 0 | BV56: =IFERROR(BS56/Y56,0) -> 0
C57: =+IF(OFFSET(Processes!B38,$D$11,0)="*","*",OFFSET(Processes!D38,$D$11,0)) -> INDSDSHBHETE2 | D57: =+OFFSET(Processes!E38,$D$11,0) -> Iron & Steel Heat Room Boiler - Dist. Heat Existing 2 | E57: =+Processes!O38 -> INDHDE | F57: =+OFFSET(Processes!$M$12,$D$11,0) & Processes!P38 -> ISDSH | P57: =M57 -> 0 | Q57: =N57 -> 0 | R57: =O57 -> 0 | S57: =IF($AB57=20,0,M57/5)*IF(M57=0,0,1) -> 0 | T57: =IF($AB57=20,0,N57/5)*IF(N57=0,0,1) -> 0 | U57: =IF($AB57=20,0,O57/5)*IF(O57=0,0,1) -> 0 | V57: 5 | W57: =$N$136 -> 0.96 | X57: =$W$56 -> 0.96 | Y57: =$W$56 -> 0.96 | Z57: =3.6*8760/1000000 -> 0.031536 | AA57: =$AA$26 -> 0.5 | AB57: 20 | AG57: =((G57*Z57*AA57/W57)+(H57*Z57*AA57/X57))/$G$21 -> 0 | AH57: =((J57*Z57*AA57/W57)+(K57*Z57*AA57/X57))/$J$21 -> 0 | AI57: =((M57*AA57*Z57/W57)+(N57*Z57*AA57/X57))/$M$21 -> 0 | AL57: HDE | AN57: =AM57 -> 0 | AO57: 0 | AP57: 0 | AQ57: =IFERROR(G57*$Z57*$AA57/G$21,0) -> 0 | AR57: =IFERROR(H57*$Z57*$AA57/H$21,0) -> 0 | AS57: =IFERROR(I57*$Z57*$AA57/I$21,0) -> 0 | AY57: HDE | BA57: =AZ57 -> 0 | BB57: 0 | BC57: 0 | BD57: =IFERROR(J57*$Z57*AA57/J$21,0) -> 0 | BE57: =IFERROR(K57*$Z57*AA57/K$21,0) -> 0 | BF57: =IFERROR(L57*$Z57*AA57/L$21,0) -> 0 | BL57: HDE | BN57: =BM57 -> 0 | BO57: 0 | BP57: 0 | BQ57: =IFERROR(M57*$Z57*$AA57/M$21,0) -> 0 | BR57: =IFERROR(N57*$Z57*$AA57/N$21,0) -> 0 | BS57: =IFERROR(O57*$Z57*$AA57/O$21,0) -> 0
C58: =+IF(OFFSET(Processes!B39,$D$11,0)="*","*",OFFSET(Processes!D39,$D$11,0)) -> INDSDSHBELCE1 | D58: =+OFFSET(Processes!E39,$D$11,0) -> Iron & Steel Heat Room Boiler - Electricity Existing 1 | E58: =+Processes!O39 -> INDELC | F58: =+OFFSET(Processes!$M$12,$D$11,0) & Processes!P39 -> ISDSH | G58: =ROUNDUP(AN58/($Z58*$AA58)*G$21*W58,3) -> 176.467 | H58: =ROUNDUP(AO58/($Z58*$AA58)*H$21*X58,3) -> 0 | I58: =ROUNDUP(AP58/($Z58*$AA58)*I$21*Y58,3) -> 0 | J58: =ROUNDUP(BA58/($Z58*$AA58)*J$21*W58,3) -> 171.284 | K58: =ROUNDUP(BB58/($Z58*$AA58)*K$21*X58,3) -> 0 | L58: =ROUNDUP(BC58/($Z58*$AA58)*L$21*Y58,3) -> 0 | M58: =ROUNDUP(BN58/($Z58*$AA58)*M$21*W58,3) -> 160.171 | N58: =ROUNDUP(BO58/($Z58*$AA58)*N$21*X58,3) -> 0 | O58: =ROUNDUP(BP58/($Z58*$AA58)*O$21*Y58,3) -> 0 | P58: =M58 -> 160.171 | Q58: =N58 -> 0 | R58: =O58 -> 0 | S58: =IF($AB58=20,0,M58/5)*IF(M58=0,0,1) -> 0 | T58: =IF($AB58=20,0,N58/5)*IF(N58=0,0,1) -> 0 | U58: =IF($AB58=20,0,O58/5)*IF(O58=0,0,1) -> 0 | V58: 5 | W58: =M136 -> 0.95 | X58: =W58 -> 0.95 | Y58: =X58 -> 0.95 | Z58: =3.6*8760/1000000 -> 0.031536 | AA58: =$AA$26 -> 0.5 | AB58: 20 | AG58: =((G58*Z58*AA58/W58)+(H58*Z58*AA58/X58))/$G$21 -> 2.9260546 | AH58: =((J58*Z58*AA58/W58)+(K58*Z58*AA58/X58))/$J$21 -> 2.8148057 | AI58: =((M58*AA58*Z58/W58)+(N58*Z58*AA58/X58))/$M$21 -> 2.6321796 | AL58: ELC | AM58: =O82/1000 -> 2.926044 | AN58: =AM58*$AN$23 -> 2.926044 | AO58: =AM58*$AO$23 -> 0 | AP58: =AM58*$AP$23 -> 0 | AQ58: =IFERROR(G58*$Z58*$AA58/G$21,0) -> 2.7797519 | AR58: =IFERROR(H58*$Z58*$AA58/H$21,0) -> 0 | AS58: =IFERROR(I58*$Z58*$AA58/I$21,0) -> 0 | AT58: =IFERROR(AQ58/W58,0) -> 2.9260546 | AU58: =IFERROR(AR58/X58,0) -> 0 | AV58: =IFERROR(AS58/Y58,0) -> 0 | AY58: ELC | AZ58: =O102/1000 -> 2.814804 | BA58: =AZ58*$AN$23 -> 2.814804 | BB58: =AZ58*$BB$23 -> 0 | BC58: =AZ58*$BC$23 -> 0 | BD58: =IFERROR(J58*$Z58*AA58/J$21,0) -> 2.6740655 | BE58: =IFERROR(K58*$Z58*AA58/K$21,0) -> 0 | BF58: =IFERROR(L58*$Z58*AA58/L$21,0) -> 0 | BG58: =IFERROR(BD58/W58,0) -> 2.8148057 | BH58: =IFERROR(BE58/X58,0) -> 0 | BI58: =IFERROR(BF58/Y58,0) -> 0 | BL58: ELC | BM58: =O122/1000 -> 2.632176 | BN58: =BM58*$AN$23 -> 2.632176 | BO58: =BM58*$BB$23 -> 0 | BP58: =BM58*$BC$23 -> 0 | BQ58: =IFERROR(M58*$Z58*$AA58/M$21,0) -> 2.5005706 | BR58: =IFERROR(N58*$Z58*$AA58/N$21,0) -> 0 | BS58: =IFERROR(O58*$Z58*$AA58/O$21,0) -> 0 | BT58: =IFERROR(BQ58/W58,0) -> 2.6321796 | BU58: =IFERROR(BR58/X58,0) -> 0 | BV58: =IFERROR(BS58/Y58,0) -> 0
C59: =+IF(OFFSET(Processes!B40,$D$11,0)="*","*",OFFSET(Processes!D40,$D$11,0)) -> INDSDLAAELCE1 | D59: =+OFFSET(Processes!E40,$D$11,0) -> Iron & Steel Electricity Light Appliance - Electricity Existing 1 | E59: =+Processes!O40 -> INDELC | F59: =+OFFSET(Processes!$M$12,$D$11,0) & Processes!P40 -> ISDLA | G59: =ROUNDUP(AN59/($Z59*$AA59)*G$21*W59,3) -> 1362.197 | H59: =ROUNDUP(AO59/($Z59*$AA59)*H$21*X59,3) -> 0 | I59: =ROUNDUP(AP59/($Z59*$AA59)*I$21*Y59,3) -> 0 | J59: =ROUNDUP(BA59/($Z59*$AA59)*J$21*W59,3) -> 1322.192 | K59: =ROUNDUP(BB59/($Z59*$AA59)*K$21*X59,3) -> 0 | L59: =ROUNDUP(BC59/($Z59*$AA59)*L$21*Y59,3) -> 0 | M59: =ROUNDUP(BN59/($Z59*$AA59)*M$21*W59,3) -> 1236.407 | N59: =ROUNDUP(BO59/($Z59*$AA59)*N$21*X59,3) -> 0 | O59: =ROUNDUP(BP59/($Z59*$AA59)*O$21*Y59,3) -> 0 | P59: =M59 -> 1236.407 | Q59: =N59 -> 0 | R59: =O59 -> 0 | S59: =IF($AB59=20,0,M59/5)*IF(M59=0,0,1) -> 0 | T59: =IF($AB59=20,0,N59/5)*IF(N59=0,0,1) -> 0 | U59: =IF($AB59=20,0,O59/5)*IF(O59=0,0,1) -> 0 | V59: 5 | W59: 1 | X59: 1 | Y59: 1 | Z59: =3.6*8760/1000000 -> 0.031536 | AA59: =$AA$26 -> 0.5 | AB59: 20 | AG59: =((G59*Z59*AA59/W59)+(H59*Z59*AA59/X59))/$G$21 -> 21.457665 | AH59: =((J59*Z59*AA59/W59)+(K59*Z59*AA59/X59))/$J$21 -> 20.641904 | AI59: =((M59*AA59*Z59/W59)+(N59*Z59*AA59/X59))/$M$21 -> 19.302639 | AK59: =F59 -> ISDLA | AL59: ELC | AM59: =O80/1000 -> 21.457656 | AN59: =AM59*$AN$23 -> 21.457656 | AO59: =AM59*$AO$23 -> 0 | AP59: =AM59*$AP$23 -> 0 | AQ59: =IFERROR(G59*$Z59*$AA59/G$21,0) -> 21.457665 | AR59: =IFERROR(H59*$Z59*$AA59/H$21,0) -> 0 | AS59: =IFERROR(I59*$Z59*$AA59/I$21,0) -> 0 | AT59: =IFERROR(AQ59/W59,0) -> 21.457665 | AU59: =IFERROR(AR59/X59,0) -> 0 | AV59: =IFERROR(AS59/Y59,0) -> 0 | AX59: =AK59 -> ISDLA | AY59: ELC | AZ59: =O100/1000 -> 20.641896 | BA59: =AZ59*$AN$23 -> 20.641896 | BB59: =AZ59*$BB$23 -> 0 | BC59: =AZ59*$BC$23 -> 0 | BD59: =IFERROR(J59*$Z59*AA59/J$21,0) -> 20.641904 | BE59: =IFERROR(K59*$Z59*AA59/K$21,0) -> 0 | BF59: =IFERROR(L59*$Z59*AA59/L$21,0) -> 0 | BG59: =IFERROR(BD59/W59,0) -> 20.641904 | BH59: =IFERROR(BE59/X59,0) -> 0 | BI59: =IFERROR(BF59/Y59,0) -> 0 | BK59: =AK59 -> ISDLA | BL59: ELC | BM59: =O120/1000 -> 19.302624 | BN59: =BM59*$AN$23 -> 19.302624 | BO59: =BM59*$BB$23 -> 0 | BP59: =BM59*$BC$23 -> 0 | BQ59: =IFERROR(M59*$Z59*$AA59/M$21,0) -> 19.302639 | BR59: =IFERROR(N59*$Z59*$AA59/N$21,0) -> 0 | BS59: =IFERROR(O59*$Z59*$AA59/O$21,0) -> 0 | BT59: =IFERROR(BQ59/W59,0) -> 19.302639 | BU59: =IFERROR(BR59/X59,0) -> 0 | BV59: =IFERROR(BS59/Y59,0) -> 0
C60: =+IF(OFFSET(Processes!B41,$D$11,0)="*","*",OFFSET(Processes!D41,$D$11,0)) -> INDSDEMMELCE1 | D60: =+OFFSET(Processes!E41,$D$11,0) -> Iron & Steel Electricity Motors - Electricity Existing 1 | E60: =+Processes!O41 -> INDELC | F60: =+OFFSET(Processes!$M$12,$D$11,0) & Processes!P41 -> ISDEM | G60: =ROUNDUP(AN60/($Z60*$AA60)*G$21*W60,3) -> 3033.984 | H60: =ROUNDUP(AO60/($Z60*$AA60)*H$21*X60,3) -> 0 | I60: =ROUNDUP(AP60/($Z60*$AA60)*I$21*Y60,3) -> 0 | J60: =ROUNDUP(BA60/($Z60*$AA60)*J$21*W60,3) -> 2944.881 | K60: =ROUNDUP(BB60/($Z60*$AA60)*K$21*X60,3) -> 0 | L60: =ROUNDUP(BC60/($Z60*$AA60)*L$21*Y60,3) -> 0 | M60: =ROUNDUP(BN60/($Z60*$AA60)*M$21*W60,3) -> 2753.814 | N60: =ROUNDUP(BO60/($Z60*$AA60)*N$21*X60,3) -> 0 | O60: =ROUNDUP(BP60/($Z60*$AA60)*O$21*Y60,3) -> 0 | P60: =M60 -> 2753.814 | Q60: =N60 -> 0 | R60: =O60 -> 0 | S60: =IF($AB60=20,0,M60/5)*IF(M60=0,0,1) -> 0 | T60: =IF($AB60=20,0,N60/5)*IF(N60=0,0,1) -> 0 | U60: =IF($AB60=20,0,O60/5)*IF(O60=0,0,1) -> 0 | V60: 5 | W60: 1 | X60: 1 | Y60: 1 | Z60: =3.6*8760/1000000 -> 0.031536 | AA60: =$AA$26 -> 0.5 | AB60: 20 | AG60: =((G60*Z60*AA60/W60)+(H60*Z60*AA60/X60))/$G$21 -> 47.792068 | AH60: =((J60*Z60*AA60/W60)+(K60*Z60*AA60/X60))/$J$21 -> 45.975132 | AI60: =((M60*AA60*Z60/W60)+(N60*Z60*AA60/X60))/$M$21 -> 42.992217 | AK60: =F60 -> ISDEM | AL60: ELC | AM60: =O81/1000 -> 47.792052 | AN60: =AM60*$AN$23 -> 47.792052 | AO60: =AM60*$AO$23 -> 0 | AP60: =AM60*$AP$23 -> 0 | AQ60: =IFERROR(G60*$Z60*$AA60/G$21,0) -> 47.792068 | AR60: =IFERROR(H60*$Z60*$AA60/H$21,0) -> 0 | AS60: =IFERROR(I60*$Z60*$AA60/I$21,0) -> 0 | AT60: =IFERROR(AQ60/W60,0) -> 47.792068 | AU60: =IFERROR(AR60/X60,0) -> 0 | AV60: =IFERROR(AS60/Y60,0) -> 0 | AX60: =AK60 -> ISDEM | AY60: ELC | AZ60: =O101/1000 -> 45.975132 | BA60: =AZ60*$AN$23 -> 45.975132 | BB60: =AZ60*$BB$23 -> 0 | BC60: =AZ60*$BC$23 -> 0 | BD60: =IFERROR(J60*$Z60*AA60/J$21,0) -> 45.975132 | BE60: =IFERROR(K60*$Z60*AA60/K$21,0) -> 0 | BF60: =IFERROR(L60*$Z60*AA60/L$21,0) -> 0 | BG60: =IFERROR(BD60/W60,0) -> 45.975132 | BH60: =IFERROR(BE60/X60,0) -> 0 | BI60: =IFERROR(BF60/Y60,0) -> 0 | BK60: =AK60 -> ISDEM | BL60: ELC | BM60: =O121/1000 -> 42.992208 | BN60: =BM60*$AN$23 -> 42.992208 | BO60: =BM60*$BB$23 -> 0 | BP60: =BM60*$BC$23 -> 0 | BQ60: =IFERROR(M60*$Z60*$AA60/M$21,0) -> 42.992217 | BR60: =IFERROR(N60*$Z60*$AA60/N$21,0) -> 0 | BS60: =IFERROR(O60*$Z60*$AA60/O$21,0) -> 0 | BT60: =IFERROR(BQ60/W60,0) -> 42.992217 | BU60: =IFERROR(BR60/X60,0) -> 0 | BV60: =IFERROR(BS60/Y60,0) -> 0
C61: =+IF(OFFSET(Processes!B42,$D$11,0)="*","*",OFFSET(Processes!D42,$D$11,0)) -> INDSDTFTDSLE1 | D61: =+OFFSET(Processes!E42,$D$11,0) -> Iron & Steel Tractors, Trucks, Fishing boats, Forest machines - Diesel Existing 1 | E61: =+Processes!O42 -> INDDSB1,INDDSB2,INDDSL | F61: =+OFFSET(Processes!$M$12,$D$11,0) & Processes!P42 -> ISDTF | G61: =ROUNDUP(AN61/($Z61*$AA61)*G$21*W61,3) -> 61.27 | H61: =ROUNDUP(AO61/($Z61*$AA61)*H$21*X61,3) -> 0 | I61: =ROUNDUP(AP61/($Z61*$AA61)*I$21*Y61,3) -> 0 | J61: =ROUNDUP(BA61/($Z61*$AA61)*J$21*W61,3) -> 162.488 | K61: =ROUNDUP(BB61/($Z61*$AA61)*K$21*X61,3) -> 0 | L61: =ROUNDUP(BC61/($Z61*$AA61)*L$21*Y61,3) -> 0 | M61: =ROUNDUP(BN61/($Z61*$AA61)*M$21*W61,3) -> 20.623 | N61: =ROUNDUP(BO61/($Z61*$AA61)*N$21*X61,3) -> 0 | O61: =ROUNDUP(BP61/($Z61*$AA61)*O$21*Y61,3) -> 0 | P61: =M61 -> 20.623 | Q61: =N61 -> 0 | R61: =O61 -> 0 | S61: =IF($AB61=20,0,M61/5)*IF(M61=0,0,1) -> 0 | T61: =IF($AB61=20,0,N61/5)*IF(N61=0,0,1) -> 0 | U61: =IF($AB61=20,0,O61/5)*IF(O61=0,0,1) -> 0 | V61: 5 | W61: 1 | X61: =W61 -> 1 | Y61: =X61 -> 1 | Z61: =3.6*8760/1000000 -> 0.031536 | AA61: 0.5 | AB61: 20 | AG61: =((G61*Z61*AA61/W61)+(H61*Z61*AA61/X61))/$G$21 -> 0.96514022 | AH61: =((J61*Z61*AA61/W61)+(K61*Z61*AA61/X61))/$J$21 -> 2.5367434 | AI61: =((M61*AA61*Z61/W61)+(N61*Z61*AA61/X61))/$M$21 -> 0.32196383 | AK61: =F61 -> ISDTF | AL61: DSL | AM61: =(F79+L79)/1000 -> 0.9651375 | AN61: =AM61*$AN$23 -> 0.9651375 | AO61: =AM61*$AO$23 -> 0 | AP61: =AM61*$AP$23 -> 0 | AQ61: =IFERROR(G61*$Z61*$AA61/G$21,0) -> 0.96514022 | AR61: =IFERROR(H61*$Z61*$AA61/H$21,0) -> 0 | AS61: =IFERROR(I61*$Z61*$AA61/I$21,0) -> 0 | AT61: =IFERROR(AQ61/W61,0) -> 0.96514022 | AU61: =IFERROR(AR61/X61,0) -> 0 | AV61: =IFERROR(AS61/Y61,0) -> 0 | AX61: =AK61 -> ISDTF | AY61: DSL | AZ61: =(F99+L99)/1000 -> 2.5367295 | BA61: =AZ61*$AN$23 -> 2.5367295 | BB61: =AZ61*$BB$23 -> 0 | BC61: =AZ61*$BC$23 -> 0 | BD61: =IFERROR(J61*$Z61*AA61/J$21,0) -> 2.5367434 | BE61: =IFERROR(K61*$Z61*AA61/K$21,0) -> 0 | BF61: =IFERROR(L61*$Z61*AA61/L$21,0) -> 0 | BG61: =IFERROR(BD61/W61,0) -> 2.5367434 | BH61: =IFERROR(BE61/X61,0) -> 0 | BI61: =IFERROR(BF61/Y61,0) -> 0 | BK61: =AK61 -> ISDTF | BL61: DSL | BM61: =(F119+L119)/1000 -> 0.3219525 | BN61: =BM61*$AN$23 -> 0.3219525 | BO61: =BM61*$BB$23 -> 0 | BP61: =BM61*$BC$23 -> 0 | BQ61: =IFERROR(M61*$Z61*$AA61/M$21,0) -> 0.32196383 | BR61: =IFERROR(N61*$Z61*$AA61/N$21,0) -> 0 | BS61: =IFERROR(O61*$Z61*$AA61/O$21,0) -> 0 | BT61: =IFERROR(BQ61/W61,0) -> 0.32196383 | BU61: =IFERROR(BR61/X61,0) -> 0 | BV61: =IFERROR(BS61/Y61,0) -> 0
